timestamp,open,high,low,close,volume
2024-01-01 00:00:00,100.0,100.0519,99.9666,99.928,2679
2024-01-01 00:00:01,99.928,100.2094,99.3608,100.279,2424
2024-01-01 00:00:02,100.279,100.3201,100.0974,100.1719,1434
2024-01-01 00:00:03,100.1719,100.6131,99.9932,100.374,9928
2024-01-01 00:00:04,100.374,100.5327,100.2674,99.8963,3615
2024-01-01 00:00:05,99.8963,99.9839,99.6371,100.8892,3547
2024-01-01 00:00:06,100.8892,101.3866,100.6543,101.0728,6881
2024-01-01 00:00:07,101.0728,101.3075,100.7388,101.3656,1711
2024-01-01 00:00:08,101.3656,101.7345,101.0772,101.2869,5803
2024-01-01 00:00:09,101.2869,101.4862,100.9212,101.2049,6925
2024-01-01 00:00:10,101.2049,101.4237,100.998,100.5145,5741
2024-01-01 00:00:11,100.5145,101.1019,100.4598,100.6166,2654
2024-01-01 00:00:12,100.6166,100.8421,100.5265,100.2157,6820
2024-01-01 00:00:13,100.2157,100.2752,99.9869,99.9584,2169
2024-01-01 00:00:14,99.9584,100.0748,99.935,99.7213,7216
2024-01-01 00:00:15,99.7213,99.8067,99.0431,99.4252,4598
2024-01-01 00:00:16,99.4252,99.9543,99.39,99.041,1525
2024-01-01 00:00:17,99.041,99.144,98.7552,98.6852,2084
2024-01-01 00:00:18,98.6852,99.3816,98.4992,98.9756,9179
2024-01-01 00:00:19,98.9756,99.503,98.5699,98.6709,8517
2024-01-01 00:00:20,98.6709,98.7995,98.6591,98.8419,8019
2024-01-01 00:00:21,98.8419,99.0845,98.6605,98.22,4593
2024-01-01 00:00:22,98.22,98.2228,97.7167,98.4928,2796
2024-01-01 00:00:23,98.4928,98.5943,98.3477,98.527,7916
2024-01-01 00:00:24,98.527,98.6954,98.2493,98.1219,5119
2024-01-01 00:00:25,98.1219,98.7078,98.0142,97.8035,1188
2024-01-01 00:00:26,97.8035,97.9375,97.4288,97.6989,6573
2024-01-01 00:00:27,97.6989,97.9438,97.4922,97.1468,8433
2024-01-01 00:00:28,97.1468,97.1566,96.995,97.9468,3927
2024-01-01 00:00:29,97.9468,98.0889,97.9399,96.6346,5889
2024-01-01 00:00:30,96.6346,96.9341,96.543,96.9588,3646
2024-01-01 00:00:31,96.9588,97.4639,96.8312,97.418,9689
2024-01-01 00:00:32,97.418,97.6167,97.2722,98.0072,6947
2024-01-01 00:00:33,98.0072,98.4169,97.6162,98.0246,6038
2024-01-01 00:00:34,98.0246,98.2468,97.9138,98.0492,8962
2024-01-01 00:00:35,98.0492,98.3832,97.2907,97.966,9727
2024-01-01 00:00:36,97.966,98.1225,97.5915,97.992,5342
2024-01-01 00:00:37,97.992,98.3956,97.9211,98.0897,4470
2024-01-01 00:00:38,98.0897,98.3071,97.9148,98.8463,7537
2024-01-01 00:00:39,98.8463,99.2807,98.8331,98.112,8177
2024-01-01 00:00:40,98.112,98.3059,98.1106,98.5545,1344
2024-01-01 00:00:41,98.5545,98.7389,98.4402,98.7364,4608
2024-01-01 00:00:42,98.7364,98.7577,98.6319,99.52,1514
2024-01-01 00:00:43,99.52,99.5931,99.4312,99.5875,4899
2024-01-01 00:00:44,99.5875,99.9278,99.1211,99.4849,8744
2024-01-01 00:00:45,99.4849,99.4998,99.1457,99.2893,7669
2024-01-01 00:00:46,99.2893,99.4154,99.0035,99.3719,8651
2024-01-01 00:00:47,99.3719,99.4376,99.2963,99.5922,2612
2024-01-01 00:00:48,99.5922,99.7722,99.5471,100.3414,4139
2024-01-01 00:00:49,100.3414,100.4615,100.0369,100.1129,7912
2024-01-01 00:00:50,100.1129,100.4185,100.0292,100.3391,2604
2024-01-01 00:00:51,100.3391,101.4235,99.9823,100.1987,1241
2024-01-01 00:00:52,100.1987,100.3313,100.0935,101.3192,8956
2024-01-01 00:00:53,101.3192,101.9151,101.2491,101.0738,1960
2024-01-01 00:00:54,101.0738,101.0907,100.5444,101.0906,8454
2024-01-01 00:00:55,101.0906,101.1924,100.6386,101.8165,8973
2024-01-01 00:00:56,101.8165,102.0245,101.4294,102.0527,9883
2024-01-01 00:00:57,102.0527,102.2941,101.9554,101.9242,1821
2024-01-01 00:00:58,101.9242,102.1032,101.8186,101.4138,9320
2024-01-01 00:00:59,101.4138,101.5823,101.321,101.18,2113
2024-01-01 00:01:00,101.18,101.3759,100.7199,101.0142,5033
2024-01-01 00:01:01,101.0142,101.0893,100.9735,101.7332,2343
2024-01-01 00:01:02,101.7332,101.9262,101.0395,101.1547,4346
2024-01-01 00:01:03,101.1547,101.2806,100.9266,100.9881,5351
2024-01-01 00:01:04,100.9881,101.2608,100.9073,100.3962,2188
2024-01-01 00:01:05,100.3962,100.8135,100.3717,100.8108,2638
2024-01-01 00:01:06,100.8108,100.9031,100.7442,101.121,2127
2024-01-01 00:01:07,101.121,101.3301,100.9228,102.2791,3584
2024-01-01 00:01:08,102.2791,102.4213,101.9999,101.6998,9666
2024-01-01 00:01:09,101.6998,102.2521,101.6726,103.0586,5905
2024-01-01 00:01:10,103.0586,103.1169,102.8891,103.2713,2753
2024-01-01 00:01:11,103.2713,103.2796,103.0971,102.9997,5616
2024-01-01 00:01:12,102.9997,103.2917,102.8774,102.3709,5325
2024-01-01 00:01:13,102.3709,102.5989,102.3631,103.0501,1832
2024-01-01 00:01:14,103.0501,103.2227,103.0459,103.4891,3143
2024-01-01 00:01:15,103.4891,103.6414,103.3117,103.5307,8239
2024-01-01 00:01:16,103.5307,103.6318,103.4123,103.0301,3442
2024-01-01 00:01:17,103.0301,103.576,102.8693,103.0421,3426
2024-01-01 00:01:18,103.0421,103.0795,102.5818,102.9099,1653
2024-01-01 00:01:19,102.9099,103.0758,102.7877,103.7838,5088
2024-01-01 00:01:20,103.7838,104.0268,103.2151,103.5509,3532
2024-01-01 00:01:21,103.5509,103.7479,103.4517,103.1764,3662
2024-01-01 00:01:22,103.1764,103.2579,103.127,104.0786,6442
2024-01-01 00:01:23,104.0786,104.1411,103.7759,104.0026,5065
2024-01-01 00:01:24,104.0026,104.5276,103.5291,103.9099,8711
2024-01-01 00:01:25,103.9099,104.0051,103.3656,104.547,8541
2024-01-01 00:01:26,104.547,104.9976,104.3999,104.0039,4164
2024-01-01 00:01:27,104.0039,104.1987,103.8595,103.7471,2137
2024-01-01 00:01:28,103.7471,103.7972,103.5561,104.1429,9785
2024-01-01 00:01:29,104.1429,104.1775,104.0809,103.7507,5279
2024-01-01 00:01:30,103.7507,104.4434,103.7368,104.3067,8119
2024-01-01 00:01:31,104.3067,104.6049,103.872,104.5451,8149
2024-01-01 00:01:32,104.5451,104.7673,104.2498,104.075,5173
2024-01-01 00:01:33,104.075,104.3837,103.9866,104.5079,9518
2024-01-01 00:01:34,104.5079,104.6761,104.4136,105.0629,4228
2024-01-01 00:01:35,105.0629,105.138,104.9768,104.2551,6409
2024-01-01 00:01:36,104.2551,104.5645,103.7988,103.7274,9308
2024-01-01 00:01:37,103.7274,103.8393,103.4411,104.4844,7592
2024-01-01 00:01:38,104.4844,104.8451,104.3259,104.2774,7211
2024-01-01 00:01:39,104.2774,104.563,103.696,104.968,5930
2024-01-01 00:01:40,104.968,105.2842,104.8996,104.1811,6279
2024-01-01 00:01:41,104.1811,104.4974,104.1104,104.5051,4501
2024-01-01 00:01:42,104.5051,104.5425,104.031,103.6189,2389
2024-01-01 00:01:43,103.6189,103.7122,103.1859,103.4151,6491
2024-01-01 00:01:44,103.4151,103.8244,103.3905,104.4412,4262
2024-01-01 00:01:45,104.4412,104.4967,104.3675,104.8703,8784
2024-01-01 00:01:46,104.8703,105.2006,104.2693,104.2157,4185
2024-01-01 00:01:47,104.2157,104.274,103.9262,104.5039,7547
2024-01-01 00:01:48,104.5039,104.9419,104.004,104.5315,2746
2024-01-01 00:01:49,104.5315,104.569,104.324,104.5605,9486
2024-01-01 00:01:50,104.5605,104.6451,104.428,103.9379,3184
2024-01-01 00:01:51,103.9379,104.0793,103.5157,103.8118,6198
2024-01-01 00:01:52,103.8118,104.007,103.4485,104.814,9270
2024-01-01 00:01:53,104.814,105.3996,104.5236,104.2958,8305
2024-01-01 00:01:54,104.2958,104.5937,104.0664,104.9546,5050
2024-01-01 00:01:55,104.9546,105.084,104.7503,105.016,9540
2024-01-01 00:01:56,105.016,105.0374,104.5751,104.648,4841
2024-01-01 00:01:57,104.648,104.6838,104.3871,104.9396,9849
2024-01-01 00:01:58,104.9396,105.0228,104.8114,105.1896,4505
2024-01-01 00:01:59,105.1896,105.4719,105.069,105.3827,9890
2024-01-01 00:02:00,105.3827,105.4056,105.2344,105.2075,1320
2024-01-01 00:02:01,105.2075,105.5251,104.8072,104.7766,7232
2024-01-01 00:02:02,104.7766,104.88,104.6869,103.5932,7865
2024-01-01 00:02:03,103.5932,104.0678,103.477,104.0673,4613
2024-01-01 00:02:04,104.0673,104.085,103.7708,103.6692,7624
2024-01-01 00:02:05,103.6692,103.762,103.1019,103.7139,3091
2024-01-01 00:02:06,103.7139,103.7587,103.379,104.3274,1444
2024-01-01 00:02:07,104.3274,104.6017,104.1676,103.9579,8564
2024-01-01 00:02:08,103.9579,104.1697,103.8036,104.1193,6529
2024-01-01 00:02:09,104.1193,104.1399,103.8271,104.6062,7906
2024-01-01 00:02:10,104.6062,104.7302,104.2354,104.6032,6733
2024-01-01 00:02:11,104.6032,104.6214,104.4916,104.6788,1659
2024-01-01 00:02:12,104.6788,105.4119,104.6598,104.7113,3496
2024-01-01 00:02:13,104.7113,104.7357,104.3723,104.8077,2874
2024-01-01 00:02:14,104.8077,104.89,104.6479,104.485,3749
2024-01-01 00:02:15,104.485,105.0929,104.008,103.6743,2876
2024-01-01 00:02:16,103.6743,103.851,103.5267,103.7263,6111
2024-01-01 00:02:17,103.7263,104.3088,103.4258,104.336,7149
2024-01-01 00:02:18,104.336,104.6234,103.9279,103.705,4978
2024-01-01 00:02:19,103.705,104.119,103.3966,104.057,2983
2024-01-01 00:02:20,104.057,104.4283,103.6992,104.242,7071
2024-01-01 00:02:21,104.242,104.6352,104.0601,104.3994,1207
2024-01-01 00:02:22,104.3994,104.8514,103.7977,104.9437,8532
2024-01-01 00:02:23,104.9437,105.0287,104.6344,105.7271,9548
2024-01-01 00:02:24,105.7271,105.7783,105.5938,106.1146,8921
2024-01-01 00:02:25,106.1146,106.6618,105.9918,105.5342,5397
2024-01-01 00:02:26,105.5342,105.7365,105.3118,105.3695,8385
2024-01-01 00:02:27,105.3695,105.3824,105.0344,105.208,7209
2024-01-01 00:02:28,105.208,105.508,105.0505,104.9064,6813
2024-01-01 00:02:29,104.9064,104.9874,104.645,105.4215,5526
2024-01-01 00:02:30,105.4215,105.5457,105.3408,104.8553,7658
2024-01-01 00:02:31,104.8553,105.3595,104.8191,105.2017,8800
2024-01-01 00:02:32,105.2017,105.4783,105.1664,104.8483,4630
2024-01-01 00:02:33,104.8483,105.0331,104.7217,104.6353,7046
2024-01-01 00:02:34,104.6353,104.697,104.1921,104.0287,6419
2024-01-01 00:02:35,104.0287,104.2256,103.764,104.4021,6023
2024-01-01 00:02:36,104.4021,104.5542,104.3487,104.3999,9779
2024-01-01 00:02:37,104.3999,104.8374,104.2604,104.636,4138
2024-01-01 00:02:38,104.636,104.9735,104.5053,104.7566,9595
2024-01-01 00:02:39,104.7566,105.4476,104.2756,103.4038,4180
2024-01-01 00:02:40,103.4038,103.6758,103.252,103.2683,3073
2024-01-01 00:02:41,103.2683,103.3918,102.466,104.0109,5786
2024-01-01 00:02:42,104.0109,104.1584,103.7747,103.9266,1200
2024-01-01 00:02:43,103.9266,104.2284,103.775,103.4993,8216
2024-01-01 00:02:44,103.4993,104.1547,103.49,102.7992,2869
2024-01-01 00:02:45,102.7992,102.9321,102.5263,103.7937,2213
2024-01-01 00:02:46,103.7937,104.0063,103.4766,103.1196,5978
2024-01-01 00:02:47,103.1196,103.3145,103.004,103.8639,7818
2024-01-01 00:02:48,103.8639,104.1926,103.8084,103.1696,8381
2024-01-01 00:02:49,103.1696,103.3811,103.0326,103.7705,8025
2024-01-01 00:02:50,103.7705,104.1634,103.3903,103.533,4404
2024-01-01 00:02:51,103.533,103.6988,103.3661,103.0113,2330
2024-01-01 00:02:52,103.0113,103.166,102.9917,103.1817,8381
2024-01-01 00:02:53,103.1817,103.3074,102.8679,103.1983,1534
2024-01-01 00:02:54,103.1983,103.6652,103.1022,103.2893,4824
2024-01-01 00:02:55,103.2893,103.7583,103.0463,102.763,4241
2024-01-01 00:02:56,102.763,102.9335,102.3696,102.204,3330
2024-01-01 00:02:57,102.204,102.3668,102.1256,101.3292,6039
2024-01-01 00:02:58,101.3292,101.6438,101.0453,100.5582,8679
2024-01-01 00:02:59,100.5582,100.7331,100.127,100.3027,5460
2024-01-01 00:03:00,100.3027,100.3037,100.2278,99.7193,8078
2024-01-01 00:03:01,99.7193,99.7589,99.313,99.7884,1423
2024-01-01 00:03:02,99.7884,100.2047,99.5865,100.8619,1339
2024-01-01 00:03:03,100.8619,101.31,100.8607,100.3008,5415
2024-01-01 00:03:04,100.3008,100.5355,100.1364,99.5478,8245
2024-01-01 00:03:05,99.5478,99.7119,99.4523,100.0871,8141
2024-01-01 00:03:06,100.0871,100.3486,99.854,99.7018,6460
2024-01-01 00:03:07,99.7018,99.7627,99.5746,99.9526,3634
2024-01-01 00:03:08,99.9526,100.3573,99.7807,99.5829,1601
2024-01-01 00:03:09,99.5829,99.8332,99.5099,100.7533,6296
2024-01-01 00:03:10,100.7533,101.097,100.3832,101.3954,1018
2024-01-01 00:03:11,101.3954,101.6011,101.0816,100.6949,7770
2024-01-01 00:03:12,100.6949,100.816,100.442,101.2646,8242
2024-01-01 00:03:13,101.2646,101.2773,101.0626,100.8554,9998
2024-01-01 00:03:14,100.8554,101.0367,100.6023,101.1356,1472
2024-01-01 00:03:15,101.1356,101.5408,101.0666,100.7437,4920
2024-01-01 00:03:16,100.7437,100.9943,100.4376,100.6359,4681
2024-01-01 00:03:17,100.6359,101.298,100.6037,100.6798,8560
2024-01-01 00:03:18,100.6798,100.8213,100.2844,101.3625,5781
2024-01-01 00:03:19,101.3625,101.6019,101.3491,102.3189,8905
2024-01-01 00:03:20,102.3189,102.3467,102.039,102.6898,9327
2024-01-01 00:03:21,102.6898,102.6936,102.5273,102.5341,2143
2024-01-01 00:03:22,102.5341,103.0569,101.9317,102.3891,9318
2024-01-01 00:03:23,102.3891,102.3914,102.3677,102.9833,5891
2024-01-01 00:03:24,102.9833,103.3202,102.6613,103.3273,8316
2024-01-01 00:03:25,103.3273,103.5953,103.261,102.4822,9903
2024-01-01 00:03:26,102.4822,102.9683,101.9064,101.6492,4912
2024-01-01 00:03:27,101.6492,101.8461,101.5538,100.6221,7730
2024-01-01 00:03:28,100.6221,100.7564,100.47,101.4175,7325
2024-01-01 00:03:29,101.4175,101.948,101.3788,100.5401,3492
2024-01-01 00:03:30,100.5401,100.5425,100.1394,100.4028,2644
2024-01-01 00:03:31,100.4028,100.6302,100.1731,100.3932,9617
2024-01-01 00:03:32,100.3932,100.4213,100.0186,100.4676,3529
2024-01-01 00:03:33,100.4676,100.9341,100.2306,101.2638,5342
2024-01-01 00:03:34,101.2638,101.6551,100.9188,100.8581,9742
2024-01-01 00:03:35,100.8581,101.049,100.6789,100.0683,8994
2024-01-01 00:03:36,100.0683,100.1266,99.6831,100.1623,5708
2024-01-01 00:03:37,100.1623,100.6594,100.1543,100.4566,8110
2024-01-01 00:03:38,100.4566,100.5254,100.4172,101.294,3725
2024-01-01 00:03:39,101.294,101.5175,100.6851,101.0735,1753
2024-01-01 00:03:40,101.0735,101.1645,100.8729,100.9969,5000
2024-01-01 00:03:41,100.9969,101.3771,100.9215,101.4091,3950
2024-01-01 00:03:42,101.4091,101.5157,101.1219,101.5068,4945
2024-01-01 00:03:43,101.5068,101.9036,101.501,101.0025,4804
2024-01-01 00:03:44,101.0025,101.058,101.0011,100.6311,8622
2024-01-01 00:03:45,100.6311,100.9983,100.3686,100.6998,3588
2024-01-01 00:03:46,100.6998,101.0235,100.4476,101.7775,7951
2024-01-01 00:03:47,101.7775,101.8989,101.4691,101.7448,5949
2024-01-01 00:03:48,101.7448,102.0255,101.5253,101.8994,6881
2024-01-01 00:03:49,101.8994,102.7383,101.4732,101.9381,5837
2024-01-01 00:03:50,101.9381,102.0157,101.9078,102.8705,1803
2024-01-01 00:03:51,102.8705,103.2904,102.6063,102.9093,5689
2024-01-01 00:03:52,102.9093,103.1234,102.8417,102.9675,4115
2024-01-01 00:03:53,102.9675,103.2949,102.6566,102.6345,3240
2024-01-01 00:03:54,102.6345,103.1024,102.4782,101.8859,8222
2024-01-01 00:03:55,101.8859,102.1655,101.8264,101.5441,3153
2024-01-01 00:03:56,101.5441,101.6787,101.5411,101.897,3165
2024-01-01 00:03:57,101.897,102.0365,101.2995,101.5863,6994
2024-01-01 00:03:58,101.5863,101.7142,101.4743,100.5008,8894
2024-01-01 00:03:59,100.5008,100.7465,100.4497,100.1637,6549
2024-01-01 00:04:00,100.1637,100.4815,99.7164,100.3515,4696
2024-01-01 00:04:01,100.3515,100.6588,99.9808,100.7332,7511
2024-01-01 00:04:02,100.7332,100.8439,100.3804,101.6177,1228
2024-01-01 00:04:03,101.6177,101.6317,101.4642,102.2782,7038
2024-01-01 00:04:04,102.2782,102.6747,101.7973,101.9301,7086
2024-01-01 00:04:05,101.9301,102.1002,101.7923,101.4591,1410
2024-01-01 00:04:06,101.4591,101.9494,101.2653,100.5839,2035
2024-01-01 00:04:07,100.5839,100.8049,100.3319,101.1893,5951
2024-01-01 00:04:08,101.1893,101.3098,101.11,101.0419,9071
2024-01-01 00:04:09,101.0419,101.2055,100.8956,101.0806,9807
2024-01-01 00:04:10,101.0806,101.3289,100.8436,101.4424,9850
2024-01-01 00:04:11,101.4424,101.874,101.202,100.7188,3531
2024-01-01 00:04:12,100.7188,101.0074,100.5106,101.2672,5583
2024-01-01 00:04:13,101.2672,101.5498,101.2083,100.6692,8264
2024-01-01 00:04:14,100.6692,100.7442,100.1202,100.3242,7018
2024-01-01 00:04:15,100.3242,101.1202,100.0958,101.3931,6876
2024-01-01 00:04:16,101.3931,101.4826,100.6757,101.7661,8450
2024-01-01 00:04:17,101.7661,101.9398,101.6533,101.524,1349
2024-01-01 00:04:18,101.524,101.6084,100.9977,101.9519,4362
2024-01-01 00:04:19,101.9519,102.4159,101.7385,101.8902,4394
2024-01-01 00:04:20,101.8902,102.174,101.835,101.1061,1046
2024-01-01 00:04:21,101.1061,101.2533,100.2558,101.964,3129
2024-01-01 00:04:22,101.964,102.0982,101.5,101.0974,3159
2024-01-01 00:04:23,101.0974,101.6251,101.048,101.7366,4898
2024-01-01 00:04:24,101.7366,101.7649,101.7215,101.661,7897
2024-01-01 00:04:25,101.661,102.1508,101.58,101.9201,8802
2024-01-01 00:04:26,101.9201,102.0109,101.6464,101.4708,4629
2024-01-01 00:04:27,101.4708,101.5549,101.4408,101.1664,9543
2024-01-01 00:04:28,101.1664,101.5747,100.1003,100.9376,7580
2024-01-01 00:04:29,100.9376,101.0659,100.8735,101.2899,8267
2024-01-01 00:04:30,101.2899,101.3448,101.2039,101.4736,5505
2024-01-01 00:04:31,101.4736,101.7563,101.1933,101.3576,6327
2024-01-01 00:04:32,101.3576,101.6329,101.2585,100.8633,8048
2024-01-01 00:04:33,100.8633,101.2423,100.5909,101.4333,4522
2024-01-01 00:04:34,101.4333,101.7004,100.9514,100.4863,7532
2024-01-01 00:04:35,100.4863,100.6022,100.4188,100.9694,7992
2024-01-01 00:04:36,100.9694,101.182,100.5316,100.8226,8770
2024-01-01 00:04:37,100.8226,101.3394,100.5907,100.6036,2527
2024-01-01 00:04:38,100.6036,100.8093,100.4933,99.852,1982
2024-01-01 00:04:39,99.852,100.1818,99.6528,100.0414,6400
2024-01-01 00:04:40,100.0414,100.3118,99.5409,99.7937,7929
2024-01-01 00:04:41,99.7937,100.1177,99.4403,98.9449,5712
2024-01-01 00:04:42,98.9449,99.1096,98.7618,98.569,8900
2024-01-01 00:04:43,98.569,98.5921,98.4273,98.4064,7022
2024-01-01 00:04:44,98.4064,98.5666,98.359,98.7097,1430
2024-01-01 00:04:45,98.7097,99.05,98.4318,99.2332,5381
2024-01-01 00:04:46,99.2332,99.2766,99.1805,99.6261,6751
2024-01-01 00:04:47,99.6261,100.2315,99.6029,98.5014,7566
2024-01-01 00:04:48,98.5014,98.7102,98.3718,99.2459,9691
2024-01-01 00:04:49,99.2459,99.3139,98.9403,99.2072,6585
2024-01-01 00:04:50,99.2072,99.4238,98.8852,99.4446,2391
2024-01-01 00:04:51,99.4446,99.5743,99.3279,100.5079,1815
2024-01-01 00:04:52,100.5079,100.7202,100.3261,100.3247,8242
2024-01-01 00:04:53,100.3247,100.5041,100.2174,99.8342,9394
2024-01-01 00:04:54,99.8342,100.0428,99.7405,100.2344,8972
2024-01-01 00:04:55,100.2344,100.4884,100.191,100.9713,4612
2024-01-01 00:04:56,100.9713,101.2195,100.7175,100.4363,4460
2024-01-01 00:04:57,100.4363,100.4918,99.9294,100.4567,5742
2024-01-01 00:04:58,100.4567,100.4897,100.4532,100.4273,7229
2024-01-01 00:04:59,100.4273,100.6397,100.3832,100.1165,6802
2024-01-01 00:05:00,100.1165,100.3776,100.0602,101.0109,2275
2024-01-01 00:05:01,101.0109,101.2653,100.7115,101.0364,7626
2024-01-01 00:05:02,101.0364,101.3383,100.9902,100.9055,6321
2024-01-01 00:05:03,100.9055,101.249,100.2629,100.9735,8538
2024-01-01 00:05:04,100.9735,101.5598,100.4812,101.5271,4986
2024-01-01 00:05:05,101.5271,101.8061,101.4078,102.0344,2288
2024-01-01 00:05:06,102.0344,102.1919,101.8904,101.6926,3754
2024-01-01 00:05:07,101.6926,102.0695,101.4964,102.0733,9693
2024-01-01 00:05:08,102.0733,102.1141,101.7905,100.9883,3419
2024-01-01 00:05:09,100.9883,101.0028,100.8201,101.6423,4232
2024-01-01 00:05:10,101.6423,101.7955,101.6355,101.7755,9095
2024-01-01 00:05:11,101.7755,102.152,101.6887,101.5779,8354
2024-01-01 00:05:12,101.5779,102.141,101.0295,101.1444,6295
2024-01-01 00:05:13,101.1444,101.4216,100.827,99.9962,3473
2024-01-01 00:05:14,99.9962,100.1209,99.6332,99.4735,1920
2024-01-01 00:05:15,99.4735,99.5439,99.3791,98.818,8565
2024-01-01 00:05:16,98.818,98.8486,98.7591,98.6546,2479
2024-01-01 00:05:17,98.6546,98.9223,98.4186,98.4806,8581
2024-01-01 00:05:18,98.4806,98.8409,98.4746,97.3936,4084
2024-01-01 00:05:19,97.3936,97.5417,97.0866,97.2492,3471
2024-01-01 00:05:20,97.2492,97.3354,97.0355,97.7772,2381
2024-01-01 00:05:21,97.7772,97.9618,97.7719,96.8933,5059
2024-01-01 00:05:22,96.8933,97.7815,96.4864,96.4895,6962
2024-01-01 00:05:23,96.4895,96.6601,96.3142,96.3862,7697
2024-01-01 00:05:24,96.3862,96.8331,95.9854,96.5016,6482
2024-01-01 00:05:25,96.5016,96.624,96.4478,96.7297,7333
2024-01-01 00:05:26,96.7297,97.1999,96.368,96.5589,3463
2024-01-01 00:05:27,96.5589,96.7573,96.2154,95.653,3317
2024-01-01 00:05:28,95.653,95.7822,95.407,96.0263,3112
2024-01-01 00:05:29,96.0263,96.6113,95.6285,95.4144,6072
2024-01-01 00:05:30,95.4144,95.5703,95.3401,94.7449,9624
2024-01-01 00:05:31,94.7449,95.117,94.4973,94.9752,9331
2024-01-01 00:05:32,94.9752,95.1925,94.8868,94.6685,8967
2024-01-01 00:05:33,94.6685,95.1622,93.374,94.9829,3538
2024-01-01 00:05:34,94.9829,95.2526,94.5684,95.8363,9626
2024-01-01 00:05:35,95.8363,96.1006,95.7724,96.3458,3147
2024-01-01 00:05:36,96.3458,96.4454,96.1518,96.1087,3712
2024-01-01 00:05:37,96.1087,96.1248,96.0205,96.8056,6968
2024-01-01 00:05:38,96.8056,97.0033,96.5749,96.6412,8355
2024-01-01 00:05:39,96.6412,96.6635,96.4205,96.7818,8684
2024-01-01 00:05:40,96.7818,96.8936,96.612,97.0522,8218
2024-01-01 00:05:41,97.0522,97.2892,96.994,96.4671,7256
2024-01-01 00:05:42,96.4671,96.4728,96.362,95.9464,3267
2024-01-01 00:05:43,95.9464,96.015,95.8761,96.2305,8873
2024-01-01 00:05:44,96.2305,96.5018,95.7667,96.6776,3042
2024-01-01 00:05:45,96.6776,96.7889,96.1808,97.2586,5469
2024-01-01 00:05:46,97.2586,97.3713,97.1945,96.6887,4637
2024-01-01 00:05:47,96.6887,96.9424,96.1192,96.4972,1436
2024-01-01 00:05:48,96.4972,96.6508,96.289,96.0649,2337
2024-01-01 00:05:49,96.0649,96.1156,96.0141,96.4165,2623
2024-01-01 00:05:50,96.4165,96.7847,96.3745,96.8015,5700
2024-01-01 00:05:51,96.8015,97.0961,96.6332,96.5386,3273
2024-01-01 00:05:52,96.5386,96.8757,96.0503,96.5698,1311
2024-01-01 00:05:53,96.5698,96.591,96.0007,95.8492,9991
2024-01-01 00:05:54,95.8492,96.0,95.3893,96.4866,4893
2024-01-01 00:05:55,96.4866,96.5162,96.3976,96.8878,7878
2024-01-01 00:05:56,96.8878,97.2088,96.3606,96.4392,9189
2024-01-01 00:05:57,96.4392,96.484,96.408,96.8052,9443
2024-01-01 00:05:58,96.8052,97.0222,96.8009,96.0959,6780
2024-01-01 00:05:59,96.0959,96.1144,95.785,96.1229,2402
2024-01-01 00:06:00,96.1229,96.1646,95.7629,95.6552,9316
2024-01-01 00:06:01,95.6552,95.9366,95.5556,95.4743,8702
2024-01-01 00:06:02,95.4743,95.5545,95.1262,95.9505,6850
2024-01-01 00:06:03,95.9505,96.0166,95.6827,96.5432,2698
2024-01-01 00:06:04,96.5432,97.0278,96.4984,96.653,9945
2024-01-01 00:06:05,96.653,96.8803,96.2875,96.7838,8612
2024-01-01 00:06:06,96.7838,96.825,96.7171,97.3502,8498
2024-01-01 00:06:07,97.3502,97.5461,97.3038,97.5953,4268
2024-01-01 00:06:08,97.5953,97.7671,97.4839,97.9234,9897
2024-01-01 00:06:09,97.9234,98.0042,97.9098,98.3918,4131
2024-01-01 00:06:10,98.3918,98.9737,97.9733,98.1679,5476
2024-01-01 00:06:11,98.1679,98.3718,97.9653,98.3839,7553
2024-01-01 00:06:12,98.3839,99.0198,97.7713,98.3393,9129
2024-01-01 00:06:13,98.3393,98.4415,98.071,99.2208,9507
2024-01-01 00:06:14,99.2208,99.3447,98.9376,99.199,3956
2024-01-01 00:06:15,99.199,99.4524,99.1246,99.4414,2311
2024-01-01 00:06:16,99.4414,99.6631,98.9916,99.2445,3730
2024-01-01 00:06:17,99.2445,99.3477,98.985,99.5096,1693
2024-01-01 00:06:18,99.5096,100.1634,99.269,99.3497,1939
2024-01-01 00:06:19,99.3497,99.7305,99.1556,98.9968,6952
2024-01-01 00:06:20,98.9968,99.0378,98.9564,98.1672,8179
2024-01-01 00:06:21,98.1672,98.2765,98.1429,98.2734,7001
2024-01-01 00:06:22,98.2734,98.8318,98.1038,97.482,8371
2024-01-01 00:06:23,97.482,97.7566,97.3905,97.5403,2259
2024-01-01 00:06:24,97.5403,97.7053,97.192,96.9914,5089
2024-01-01 00:06:25,96.9914,97.058,96.9745,97.4242,4048
2024-01-01 00:06:26,97.4242,97.426,97.2078,96.9296,5264
2024-01-01 00:06:27,96.9296,96.989,96.7297,96.7824,5678
2024-01-01 00:06:28,96.7824,97.8049,96.7325,96.1565,2213
2024-01-01 00:06:29,96.1565,96.7695,95.966,96.4134,8292
2024-01-01 00:06:30,96.4134,96.4228,95.5508,97.3253,6692
2024-01-01 00:06:31,97.3253,97.4206,96.9584,97.0281,5757
2024-01-01 00:06:32,97.0281,97.3977,96.8648,97.7855,3852
2024-01-01 00:06:33,97.7855,97.8825,97.4412,96.6734,2988
2024-01-01 00:06:34,96.6734,96.723,96.6442,97.5557,6912
2024-01-01 00:06:35,97.5557,97.8271,97.4599,98.1373,3126
2024-01-01 00:06:36,98.1373,98.2197,97.7057,97.9754,8842
2024-01-01 00:06:37,97.9754,98.4824,97.8928,99.8162,2208
2024-01-01 00:06:38,99.8162,100.0018,99.5161,100.1243,9476
2024-01-01 00:06:39,100.1243,100.4686,99.6143,100.3759,3981
2024-01-01 00:06:40,100.3759,100.5326,99.772,100.4052,3034
2024-01-01 00:06:41,100.4052,100.659,100.3762,100.3871,3653
2024-01-01 00:06:42,100.3871,100.8104,99.9822,100.0406,5653
2024-01-01 00:06:43,100.0406,100.1698,99.8529,101.0199,5496
2024-01-01 00:06:44,101.0199,101.2003,100.6732,101.3199,3762
2024-01-01 00:06:45,101.3199,101.6514,101.1042,101.1965,3804
2024-01-01 00:06:46,101.1965,101.599,100.741,100.7633,1674
2024-01-01 00:06:47,100.7633,100.7961,100.6992,100.1734,1744
2024-01-01 00:06:48,100.1734,100.337,100.1544,100.9874,7825
2024-01-01 00:06:49,100.9874,101.0422,100.9371,101.33,9938
2024-01-01 00:06:50,101.33,102.0584,100.7909,101.021,7653
2024-01-01 00:06:51,101.021,101.0553,100.9094,101.1177,1981
2024-01-01 00:06:52,101.1177,101.3782,100.8509,101.4007,3353
2024-01-01 00:06:53,101.4007,101.5837,100.9596,101.5017,6658
2024-01-01 00:06:54,101.5017,101.5262,101.237,101.7632,6228
2024-01-01 00:06:55,101.7632,101.7712,101.61,102.2298,8366
2024-01-01 00:06:56,102.2298,102.3652,102.156,102.2328,7850
2024-01-01 00:06:57,102.2328,102.2393,101.6321,102.7095,3616
2024-01-01 00:06:58,102.7095,103.3536,102.6744,103.1619,3610
2024-01-01 00:06:59,103.1619,103.5226,103.158,102.8428,9171
2024-01-01 00:07:00,102.8428,103.0852,102.5896,103.268,8491
2024-01-01 00:07:01,103.268,103.4723,103.2246,103.5359,6781
2024-01-01 00:07:02,103.5359,103.6093,103.0637,103.9235,8710
2024-01-01 00:07:03,103.9235,103.9321,103.886,103.3703,2761
2024-01-01 00:07:04,103.3703,103.6313,103.2985,102.4316,6995
2024-01-01 00:07:05,102.4316,102.5249,102.4043,101.5906,4189
2024-01-01 00:07:06,101.5906,101.7788,101.3426,101.3226,5582
2024-01-01 00:07:07,101.3226,101.5136,100.9495,101.6809,2946
2024-01-01 00:07:08,101.6809,101.7787,101.064,101.8366,6990
2024-01-01 00:07:09,101.8366,101.8428,101.6368,102.8883,9341
2024-01-01 00:07:10,102.8883,102.9382,102.428,102.7716,8761
2024-01-01 00:07:11,102.7716,102.9407,102.751,102.963,9446
2024-01-01 00:07:12,102.963,103.4975,102.8379,103.702,5902
2024-01-01 00:07:13,103.702,103.9988,103.5037,104.156,9351
2024-01-01 00:07:14,104.156,104.2511,103.9862,103.3868,7035
2024-01-01 00:07:15,103.3868,103.4574,103.2607,104.2618,7824
2024-01-01 00:07:16,104.2618,104.5306,104.1911,103.4899,1436
2024-01-01 00:07:17,103.4899,103.6832,103.3551,102.7359,4728
2024-01-01 00:07:18,102.7359,103.1266,102.5336,102.6176,7229
2024-01-01 00:07:19,102.6176,102.8892,102.2546,103.2357,1517
2024-01-01 00:07:20,103.2357,103.4408,103.1181,102.5386,7861
2024-01-01 00:07:21,102.5386,102.8053,102.1645,103.041,7723
2024-01-01 00:07:22,103.041,103.0457,102.4675,102.3535,2020
2024-01-01 00:07:23,102.3535,102.453,102.0046,102.5258,6325
2024-01-01 00:07:24,102.5258,102.5298,101.9882,103.0962,8531
2024-01-01 00:07:25,103.0962,103.33,102.9521,103.9719,6804
2024-01-01 00:07:26,103.9719,104.511,103.7437,103.5203,5331
2024-01-01 00:07:27,103.5203,103.6713,103.3953,102.7022,5038
2024-01-01 00:07:28,102.7022,102.9506,101.9072,102.6259,5735
2024-01-01 00:07:29,102.6259,102.7543,102.1849,102.1156,9011
2024-01-01 00:07:30,102.1156,102.3692,101.6269,101.9262,5480
2024-01-01 00:07:31,101.9262,102.0183,101.5456,101.5658,9899
2024-01-01 00:07:32,101.5658,102.142,101.255,100.5471,3399
2024-01-01 00:07:33,100.5471,100.6092,100.308,99.4166,2294
2024-01-01 00:07:34,99.4166,99.6832,99.4027,99.109,4310
2024-01-01 00:07:35,99.109,99.2212,98.8985,99.6796,5450
2024-01-01 00:07:36,99.6796,99.9947,99.4885,100.1294,9700
2024-01-01 00:07:37,100.1294,100.1627,99.9135,99.9361,2641
2024-01-01 00:07:38,99.9361,100.1832,99.5206,99.2563,1084
2024-01-01 00:07:39,99.2563,100.0642,99.0731,99.7631,3587
2024-01-01 00:07:40,99.7631,100.1504,99.5163,98.7883,4267
2024-01-01 00:07:41,98.7883,98.7975,98.5416,98.3942,5676
2024-01-01 00:07:42,98.3942,98.9142,98.0625,97.7297,9767
2024-01-01 00:07:43,97.7297,97.7712,97.1465,98.0779,1611
2024-01-01 00:07:44,98.0779,98.1744,97.9401,98.3431,1595
2024-01-01 00:07:45,98.3431,98.6448,98.3377,98.1335,9116
2024-01-01 00:07:46,98.1335,98.5929,97.9611,98.4574,1613
2024-01-01 00:07:47,98.4574,98.8454,98.4348,98.1602,2758
2024-01-01 00:07:48,98.1602,98.278,97.7482,98.567,9590
2024-01-01 00:07:49,98.567,99.2751,98.5399,98.7696,9261
2024-01-01 00:07:50,98.7696,98.8088,98.6339,98.4489,8518
2024-01-01 00:07:51,98.4489,98.7339,98.0654,98.6425,1230
2024-01-01 00:07:52,98.6425,99.1713,98.1828,98.5682,3875
2024-01-01 00:07:53,98.5682,98.8964,98.2934,98.2206,7643
2024-01-01 00:07:54,98.2206,98.5402,97.839,98.5005,4027
2024-01-01 00:07:55,98.5005,98.84,98.4613,98.8861,5064
2024-01-01 00:07:56,98.8861,98.8988,98.6628,99.3775,6400
2024-01-01 00:07:57,99.3775,99.5316,98.9223,99.5069,1187
2024-01-01 00:07:58,99.5069,99.7894,99.4686,99.4727,8625
2024-01-01 00:07:59,99.4727,99.5796,99.1861,100.2122,9233
2024-01-01 00:08:00,100.2122,100.5037,100.1551,101.1383,5833
2024-01-01 00:08:01,101.1383,101.281,100.9816,100.3787,3188
2024-01-01 00:08:02,100.3787,100.4239,100.0892,99.833,9998
2024-01-01 00:08:03,99.833,100.264,99.57,99.7991,4578
2024-01-01 00:08:04,99.7991,100.2509,99.364,99.8553,9609
2024-01-01 00:08:05,99.8553,100.2973,99.7016,99.357,2279
2024-01-01 00:08:06,99.357,99.4297,99.0493,99.5687,4312
2024-01-01 00:08:07,99.5687,99.7221,99.4933,98.6185,6375
2024-01-01 00:08:08,98.6185,98.8751,98.4164,98.9481,9008
2024-01-01 00:08:09,98.9481,99.2497,98.7542,98.2287,1911
2024-01-01 00:08:10,98.2287,98.3325,98.129,97.6542,8575
2024-01-01 00:08:11,97.6542,97.7743,97.4264,97.7004,1356
2024-01-01 00:08:12,97.7004,98.0364,97.69,96.9696,1742
2024-01-01 00:08:13,96.9696,97.3829,96.7548,96.3128,9866
2024-01-01 00:08:14,96.3128,96.3387,95.6785,97.4797,1519
2024-01-01 00:08:15,97.4797,97.5233,97.2958,97.9693,3218
2024-01-01 00:08:16,97.9693,98.7957,97.7786,98.1067,7266
2024-01-01 00:08:17,98.1067,98.7415,97.894,97.6923,7184
2024-01-01 00:08:18,97.6923,98.0124,97.4957,97.1544,6697
2024-01-01 00:08:19,97.1544,97.8473,96.5148,96.6251,7439
2024-01-01 00:08:20,96.6251,96.7123,96.6208,95.8316,1372
2024-01-01 00:08:21,95.8316,96.1631,95.7865,95.8727,9920
2024-01-01 00:08:22,95.8727,96.0071,95.8302,95.4388,3541
2024-01-01 00:08:23,95.4388,95.5521,94.7417,95.9899,2848
2024-01-01 00:08:24,95.9899,96.0785,95.4617,96.7095,1256
2024-01-01 00:08:25,96.7095,96.7161,96.5977,95.9341,1550
2024-01-01 00:08:26,95.9341,96.082,95.778,95.2294,1724
2024-01-01 00:08:27,95.2294,95.4086,95.1031,94.9599,4559
2024-01-01 00:08:28,94.9599,95.4787,94.3538,94.9837,4836
2024-01-01 00:08:29,94.9837,95.1791,94.5382,96.2069,6224
2024-01-01 00:08:30,96.2069,96.4484,96.115,95.4464,3347
2024-01-01 00:08:31,95.4464,95.8091,95.4137,95.1121,7775
2024-01-01 00:08:32,95.1121,95.2132,94.5267,95.0568,3869
2024-01-01 00:08:33,95.0568,95.2793,94.8315,94.7297,9120
2024-01-01 00:08:34,94.7297,94.8097,94.5471,95.1694,9592
2024-01-01 00:08:35,95.1694,95.2997,94.8867,94.7855,3444
2024-01-01 00:08:36,94.7855,94.9674,94.569,94.6872,4692
2024-01-01 00:08:37,94.6872,94.8346,94.2405,94.5996,8586
2024-01-01 00:08:38,94.5996,94.7965,94.2244,95.1524,3196
2024-01-01 00:08:39,95.1524,95.3283,95.0039,95.0241,6411
2024-01-01 00:08:40,95.0241,95.5643,94.9484,94.3411,4120
2024-01-01 00:08:41,94.3411,94.6179,94.2482,94.1606,1647
2024-01-01 00:08:42,94.1606,94.2988,94.1252,94.3869,4555
2024-01-01 00:08:43,94.3869,94.9872,94.3087,93.5864,6455
2024-01-01 00:08:44,93.5864,94.2069,93.5401,93.2273,2922
2024-01-01 00:08:45,93.2273,93.2372,92.7247,93.5426,4974
2024-01-01 00:08:46,93.5426,93.9835,93.3659,93.2813,6269
2024-01-01 00:08:47,93.2813,93.3282,92.9914,93.505,9743
2024-01-01 00:08:48,93.505,93.7122,93.1101,93.2498,8635
2024-01-01 00:08:49,93.2498,93.9389,92.7583,94.049,8692
2024-01-01 00:08:50,94.049,94.3119,93.9736,94.0811,1749
2024-01-01 00:08:51,94.0811,94.2771,93.9999,94.4956,3390
2024-01-01 00:08:52,94.4956,94.5343,94.0821,95.1271,5836
2024-01-01 00:08:53,95.1271,95.2816,94.9076,94.7252,7223
2024-01-01 00:08:54,94.7252,94.8209,94.0422,94.3852,6530
2024-01-01 00:08:55,94.3852,94.4108,93.8288,94.0102,9037
2024-01-01 00:08:56,94.0102,94.1289,93.9116,93.2224,9954
2024-01-01 00:08:57,93.2224,93.8898,93.1733,93.4423,9882
2024-01-01 00:08:58,93.4423,93.4881,92.8753,94.6954,2217
2024-01-01 00:08:59,94.6954,95.1149,94.5449,94.5522,1104
2024-01-01 00:09:00,94.5522,94.8539,94.4975,93.7328,1149
2024-01-01 00:09:01,93.7328,93.7974,93.4081,94.5111,1990
2024-01-01 00:09:02,94.5111,94.8111,94.2547,93.9639,8993
2024-01-01 00:09:03,93.9639,94.3319,93.9274,93.5799,7739
2024-01-01 00:09:04,93.5799,93.6073,93.452,94.1921,1280
2024-01-01 00:09:05,94.1921,94.6562,94.1856,95.5527,8054
2024-01-01 00:09:06,95.5527,96.1702,95.4471,95.9317,3439
2024-01-01 00:09:07,95.9317,95.9554,95.5152,96.0719,5135
2024-01-01 00:09:08,96.0719,96.2889,95.8407,96.229,7652
2024-01-01 00:09:09,96.229,96.4456,96.1719,96.5206,4700
2024-01-01 00:09:10,96.5206,97.056,95.7088,96.2308,1519
2024-01-01 00:09:11,96.2308,96.4747,96.0684,96.9815,8798
2024-01-01 00:09:12,96.9815,96.9958,96.8141,97.0462,8109
2024-01-01 00:09:13,97.0462,97.2113,96.8336,97.5644,2562
2024-01-01 00:09:14,97.5644,97.9775,97.4825,98.4496,8790
2024-01-01 00:09:15,98.4496,98.5396,97.7742,99.5169,5593
2024-01-01 00:09:16,99.5169,99.7453,98.842,100.0361,6152
2024-01-01 00:09:17,100.0361,100.2395,100.016,100.272,3362
2024-01-01 00:09:18,100.272,100.7458,100.1756,100.2832,3661
2024-01-01 00:09:19,100.2832,100.6403,100.1314,100.4025,7375
2024-01-01 00:09:20,100.4025,100.738,100.0356,100.1265,2284
2024-01-01 00:09:21,100.1265,100.9384,100.1225,100.6735,1879
2024-01-01 00:09:22,100.6735,100.7991,100.3103,100.9706,7499
2024-01-01 00:09:23,100.9706,101.2322,100.9189,101.2839,5478
2024-01-01 00:09:24,101.2839,101.6049,101.2318,101.3984,7150
2024-01-01 00:09:25,101.3984,101.8102,101.2104,102.027,7227
2024-01-01 00:09:26,102.027,102.2406,101.886,102.623,2344
2024-01-01 00:09:27,102.623,102.6561,102.3315,101.8686,3527
2024-01-01 00:09:28,101.8686,102.1299,101.8446,101.8403,6050
2024-01-01 00:09:29,101.8403,102.3178,101.6675,101.872,2674
2024-01-01 00:09:30,101.872,102.015,101.5099,102.0888,7685
2024-01-01 00:09:31,102.0888,102.1924,102.0102,102.2897,2524
2024-01-01 00:09:32,102.2897,102.5903,102.2587,101.5712,7779
2024-01-01 00:09:33,101.5712,101.6673,101.4894,101.5117,4977
2024-01-01 00:09:34,101.5117,101.5916,101.3916,101.2375,5933
2024-01-01 00:09:35,101.2375,101.2569,101.0701,101.4237,3739
2024-01-01 00:09:36,101.4237,101.5489,101.3043,100.9443,5123
2024-01-01 00:09:37,100.9443,101.3945,100.7797,100.9641,9123
2024-01-01 00:09:38,100.9641,101.0741,100.764,100.6899,7483
2024-01-01 00:09:39,100.6899,100.8961,100.3269,100.9553,6399
2024-01-01 00:09:40,100.9553,101.0721,100.7612,100.4616,3230
2024-01-01 00:09:41,100.4616,100.5887,100.074,99.8121,4290
2024-01-01 00:09:42,99.8121,99.8368,99.601,99.5021,9044
2024-01-01 00:09:43,99.5021,100.015,99.3968,99.7637,6339
2024-01-01 00:09:44,99.7637,100.1517,99.6483,99.1083,4273
2024-01-01 00:09:45,99.1083,99.4236,98.902,99.2615,1440
2024-01-01 00:09:46,99.2615,99.3587,99.1782,99.7938,5773
2024-01-01 00:09:47,99.7938,99.8493,99.6947,99.2749,7703
2024-01-01 00:09:48,99.2749,99.4203,99.2003,99.1475,3525
2024-01-01 00:09:49,99.1475,99.2622,98.6308,99.5083,2211
2024-01-01 00:09:50,99.5083,99.6357,99.1858,98.8676,7853
2024-01-01 00:09:51,98.8676,99.3784,98.7239,98.5622,6890
2024-01-01 00:09:52,98.5622,99.0858,98.0093,98.2885,2791
2024-01-01 00:09:53,98.2885,98.3407,97.8524,97.6722,6816
2024-01-01 00:09:54,97.6722,98.0296,97.274,98.0178,7547
2024-01-01 00:09:55,98.0178,98.2813,97.9621,97.7394,8052
2024-01-01 00:09:56,97.7394,97.8238,97.6524,97.9186,4621
2024-01-01 00:09:57,97.9186,98.2003,97.8187,98.7346,9199
2024-01-01 00:09:58,98.7346,99.5835,98.485,99.7525,2406
2024-01-01 00:09:59,99.7525,100.2842,99.2774,99.7977,3321
2024-01-01 00:10:00,99.7977,100.0219,99.7199,99.5322,6706
2024-01-01 00:10:01,99.5322,99.8507,99.4841,98.9395,8412
2024-01-01 00:10:02,98.9395,99.1696,98.8847,98.7622,6620
2024-01-01 00:10:03,98.7622,99.032,98.4007,98.5324,3692
2024-01-01 00:10:04,98.5324,98.7424,98.1542,99.2753,6422
2024-01-01 00:10:05,99.2753,99.9791,98.9974,99.2117,4798
2024-01-01 00:10:06,99.2117,99.6157,99.0408,99.42,7481
2024-01-01 00:10:07,99.42,99.8271,99.3445,100.0941,4232
2024-01-01 00:10:08,100.0941,100.1931,99.8856,99.5907,5560
2024-01-01 00:10:09,99.5907,99.5987,99.0451,99.6004,2025
2024-01-01 00:10:10,99.6004,99.8516,99.3218,98.8078,4228
2024-01-01 00:10:11,98.8078,99.0336,98.7461,98.6982,9019
2024-01-01 00:10:12,98.6982,98.7724,98.36,97.9951,2871
2024-01-01 00:10:13,97.9951,98.3298,97.5216,97.6017,3826
2024-01-01 00:10:14,97.6017,98.034,97.48,97.9067,2388
2024-01-01 00:10:15,97.9067,98.0289,97.6772,98.5666,4908
2024-01-01 00:10:16,98.5666,98.7459,98.4418,98.4582,7852
2024-01-01 00:10:17,98.4582,98.7807,98.2348,97.8976,7931
2024-01-01 00:10:18,97.8976,98.2896,97.7473,98.1766,3838
2024-01-01 00:10:19,98.1766,98.5041,98.0589,97.5017,3298
2024-01-01 00:10:20,97.5017,98.0336,97.0621,97.8715,1157
2024-01-01 00:10:21,97.8715,98.0682,97.8524,97.1886,7290
2024-01-01 00:10:22,97.1886,97.2688,96.733,97.7667,7809
2024-01-01 00:10:23,97.7667,97.8472,97.4519,97.7907,3740
2024-01-01 00:10:24,97.7907,97.828,97.7734,97.8994,5503
2024-01-01 00:10:25,97.8994,97.9384,97.6549,97.4848,8492
2024-01-01 00:10:26,97.4848,97.6918,97.1262,96.6965,2871
2024-01-01 00:10:27,96.6965,96.7386,96.3234,96.7141,7010
2024-01-01 00:10:28,96.7141,96.8458,96.6938,95.9025,4580
2024-01-01 00:10:29,95.9025,96.0417,95.8935,95.364,5055
2024-01-01 00:10:30,95.364,96.4579,95.1,94.8005,2425
2024-01-01 00:10:31,94.8005,95.69,94.4423,94.9443,4882
2024-01-01 00:10:32,94.9443,95.4195,94.7219,95.1483,8015
2024-01-01 00:10:33,95.1483,95.2311,95.0064,94.2267,4385
2024-01-01 00:10:34,94.2267,94.7269,93.8921,94.5783,9827
2024-01-01 00:10:35,94.5783,94.9875,93.8517,94.3156,5794
2024-01-01 00:10:36,94.3156,94.545,93.7676,94.2191,2560
2024-01-01 00:10:37,94.2191,94.5481,93.8431,93.0867,7743
2024-01-01 00:10:38,93.0867,93.5451,92.9818,94.4512,3174
2024-01-01 00:10:39,94.4512,94.4522,93.9782,94.258,5055
2024-01-01 00:10:40,94.258,94.7074,93.8651,94.3121,5402
2024-01-01 00:10:41,94.3121,94.5142,94.1028,94.3555,2237
2024-01-01 00:10:42,94.3555,94.8155,94.0543,93.6678,5558
2024-01-01 00:10:43,93.6678,93.877,93.09,94.0002,8449
2024-01-01 00:10:44,94.0002,94.0823,93.4828,94.4238,2526
2024-01-01 00:10:45,94.4238,94.4635,94.0939,94.4372,6869
2024-01-01 00:10:46,94.4372,94.8695,93.8067,94.9614,4470
2024-01-01 00:10:47,94.9614,95.2262,94.9526,95.7481,5646
2024-01-01 00:10:48,95.7481,96.0837,95.4318,95.4041,6631
2024-01-01 00:10:49,95.4041,95.8042,95.0903,95.1714,1752
2024-01-01 00:10:50,95.1714,95.4789,95.0218,95.8808,3588
2024-01-01 00:10:51,95.8808,95.8911,95.8768,95.9455,8009
2024-01-01 00:10:52,95.9455,96.3833,95.6518,96.1709,3604
2024-01-01 00:10:53,96.1709,96.6033,95.7354,96.705,2529
2024-01-01 00:10:54,96.705,96.893,96.2552,96.4908,3711
2024-01-01 00:10:55,96.4908,96.8893,96.3564,97.2709,4836
2024-01-01 00:10:56,97.2709,97.3273,97.0991,97.0735,2276
2024-01-01 00:10:57,97.0735,97.2179,96.9144,97.2686,8291
2024-01-01 00:10:58,97.2686,97.2956,96.9029,98.0385,7919
2024-01-01 00:10:59,98.0385,98.1563,97.7175,96.6797,4751
2024-01-01 00:11:00,96.6797,97.0055,96.4716,96.0787,5902
2024-01-01 00:11:01,96.0787,96.4154,95.6864,96.3389,3181
2024-01-01 00:11:02,96.3389,96.6893,95.9879,95.8654,3688
2024-01-01 00:11:03,95.8654,96.3121,95.6889,96.1336,3480
2024-01-01 00:11:04,96.1336,96.3338,95.9372,96.7397,2646
2024-01-01 00:11:05,96.7397,96.8377,96.6212,96.8636,7291
2024-01-01 00:11:06,96.8636,97.1189,96.8058,96.5482,2380
2024-01-01 00:11:07,96.5482,96.5529,96.1416,96.1834,5668
2024-01-01 00:11:08,96.1834,96.6353,95.9297,96.322,5942
2024-01-01 00:11:09,96.322,96.4353,95.928,95.7235,4090
2024-01-01 00:11:10,95.7235,95.9746,95.1199,95.7178,4921
2024-01-01 00:11:11,95.7178,95.8645,95.7131,96.0769,9185
2024-01-01 00:11:12,96.0769,96.1647,96.0411,95.9528,6916
2024-01-01 00:11:13,95.9528,96.0989,95.8884,95.9027,7895
2024-01-01 00:11:14,95.9027,96.243,95.8431,95.4001,2195
2024-01-01 00:11:15,95.4001,95.5117,95.3884,94.1613,5295
2024-01-01 00:11:16,94.1613,94.8243,93.8746,94.4029,5693
2024-01-01 00:11:17,94.4029,94.6474,94.1472,94.2433,7806
2024-01-01 00:11:18,94.2433,94.3839,94.0067,93.7934,3501
2024-01-01 00:11:19,93.7934,93.8378,93.5388,93.3135,9377
2024-01-01 00:11:20,93.3135,93.7005,93.164,94.503,2083
2024-01-01 00:11:21,94.503,94.6218,94.2039,94.8715,4909
2024-01-01 00:11:22,94.8715,94.9168,94.5693,95.0699,1901
2024-01-01 00:11:23,95.0699,95.2496,94.6101,95.2898,3877
2024-01-01 00:11:24,95.2898,95.6108,95.236,95.8635,6680
2024-01-01 00:11:25,95.8635,96.3824,95.788,95.5782,5247
2024-01-01 00:11:26,95.5782,95.7137,95.5321,95.708,2934
2024-01-01 00:11:27,95.708,95.7178,95.6354,95.3199,8034
2024-01-01 00:11:28,95.3199,95.4279,95.2277,95.2949,2262
2024-01-01 00:11:29,95.2949,95.6535,95.2862,94.6576,1908
2024-01-01 00:11:30,94.6576,94.6586,94.5024,94.0108,2685
2024-01-01 00:11:31,94.0108,94.3645,93.7338,94.2943,2889
2024-01-01 00:11:32,94.2943,94.6487,93.719,94.375,5006
2024-01-01 00:11:33,94.375,94.6486,94.2937,94.6473,3458
2024-01-01 00:11:34,94.6473,95.3348,94.1197,95.1957,7870
2024-01-01 00:11:35,95.1957,95.2318,94.972,95.3943,6241
2024-01-01 00:11:36,95.3943,95.514,95.1473,95.3675,1862
2024-01-01 00:11:37,95.3675,95.6002,94.8781,95.7907,1752
2024-01-01 00:11:38,95.7907,95.823,95.5522,95.9719,6090
2024-01-01 00:11:39,95.9719,96.1496,95.6352,96.0605,1130
2024-01-01 00:11:40,96.0605,96.2432,95.9546,95.7784,4974
2024-01-01 00:11:41,95.7784,96.1697,95.6882,94.9774,9083
2024-01-01 00:11:42,94.9774,94.9846,94.9359,95.8421,5016
2024-01-01 00:11:43,95.8421,96.2494,95.2773,95.2171,1391
2024-01-01 00:11:44,95.2171,95.4922,94.8893,95.2663,6488
2024-01-01 00:11:45,95.2663,95.7053,95.2623,94.4002,6038
2024-01-01 00:11:46,94.4002,94.6242,94.3743,94.888,1981
2024-01-01 00:11:47,94.888,95.0518,94.8595,95.4683,5584
2024-01-01 00:11:48,95.4683,95.8415,95.178,96.4085,7102
2024-01-01 00:11:49,96.4085,96.8897,96.28,96.0442,2565
2024-01-01 00:11:50,96.0442,96.0588,95.7278,95.3326,2020
2024-01-01 00:11:51,95.3326,96.0431,95.025,95.745,4879
2024-01-01 00:11:52,95.745,96.3104,95.477,95.4925,6345
2024-01-01 00:11:53,95.4925,95.5916,95.275,95.2686,2223
2024-01-01 00:11:54,95.2686,95.325,95.2504,95.5222,2731
2024-01-01 00:11:55,95.5222,95.6944,95.2336,95.2839,7660
2024-01-01 00:11:56,95.2839,95.4783,95.242,95.6257,8591
2024-01-01 00:11:57,95.6257,95.64,95.4747,95.0818,3582
2024-01-01 00:11:58,95.0818,95.3208,94.9673,95.2326,4522
2024-01-01 00:11:59,95.2326,95.37,95.0032,94.58,2494
2024-01-01 00:12:00,94.58,95.3452,94.5044,94.2624,5896
2024-01-01 00:12:01,94.2624,94.321,93.3469,94.3585,1509
2024-01-01 00:12:02,94.3585,94.5332,94.0025,95.2963,2551
2024-01-01 00:12:03,95.2963,95.8225,95.1684,95.0787,3290
2024-01-01 00:12:04,95.0787,95.1527,95.0376,95.2076,4246
2024-01-01 00:12:05,95.2076,95.3369,94.9486,94.8597,2376
2024-01-01 00:12:06,94.8597,94.9745,94.8355,94.5233,2056
2024-01-01 00:12:07,94.5233,94.6627,94.1141,94.4264,3110
2024-01-01 00:12:08,94.4264,94.7441,94.3709,95.2383,8552
2024-01-01 00:12:09,95.2383,95.8854,95.0252,95.0,8096
2024-01-01 00:12:10,95.0,95.2708,94.5529,95.2182,3831
2024-01-01 00:12:11,95.2182,95.6167,94.6974,95.3578,5505
2024-01-01 00:12:12,95.3578,95.9689,94.9508,95.1645,5026
2024-01-01 00:12:13,95.1645,95.3766,94.8828,95.3146,8848
2024-01-01 00:12:14,95.3146,95.4055,95.1844,95.6903,9614
2024-01-01 00:12:15,95.6903,95.6954,94.7293,95.9435,9907
2024-01-01 00:12:16,95.9435,96.8125,95.8871,96.3628,9921
2024-01-01 00:12:17,96.3628,96.4169,96.0927,95.9006,9231
2024-01-01 00:12:18,95.9006,96.1151,95.5015,95.7279,1480
2024-01-01 00:12:19,95.7279,96.141,95.4106,95.8378,1959
2024-01-01 00:12:20,95.8378,96.1539,95.5895,96.0413,4813
2024-01-01 00:12:21,96.0413,96.1773,96.0189,96.5583,4951
2024-01-01 00:12:22,96.5583,97.1076,96.47,96.4629,4594
2024-01-01 00:12:23,96.4629,97.2224,96.0717,96.3786,7363
2024-01-01 00:12:24,96.3786,96.8322,96.2734,95.7936,6210
2024-01-01 00:12:25,95.7936,95.9541,95.3582,95.5364,1462
2024-01-01 00:12:26,95.5364,95.8038,95.3851,95.4022,4084
2024-01-01 00:12:27,95.4022,95.6857,94.9343,95.288,9064
2024-01-01 00:12:28,95.288,95.3368,95.1889,94.9881,4584
2024-01-01 00:12:29,94.9881,95.3275,94.9454,95.0283,6435
2024-01-01 00:12:30,95.0283,95.1276,94.7031,95.32,6301
2024-01-01 00:12:31,95.32,95.4779,95.258,95.9008,3320
2024-01-01 00:12:32,95.9008,96.4748,95.4121,96.0484,7120
2024-01-01 00:12:33,96.0484,96.1729,95.6244,95.0722,2655
2024-01-01 00:12:34,95.0722,95.2988,94.5907,94.8438,8157
2024-01-01 00:12:35,94.8438,95.0421,94.1069,94.7211,6198
2024-01-01 00:12:36,94.7211,95.423,94.4816,95.3246,6846
2024-01-01 00:12:37,95.3246,95.3916,94.9302,94.2466,3872
2024-01-01 00:12:38,94.2466,94.5844,94.1948,93.6591,1029
2024-01-01 00:12:39,93.6591,94.3527,93.4279,93.9597,7415
2024-01-01 00:12:40,93.9597,94.3749,93.7863,94.4675,6213
2024-01-01 00:12:41,94.4675,95.1583,94.0936,94.3371,4619
2024-01-01 00:12:42,94.3371,94.4453,94.0681,94.1873,2274
2024-01-01 00:12:43,94.1873,94.2515,93.3371,94.198,3750
2024-01-01 00:12:44,94.198,94.7798,94.0036,93.3559,6500
2024-01-01 00:12:45,93.3559,93.5783,93.2784,92.6855,5088
2024-01-01 00:12:46,92.6855,92.9466,92.5751,92.5232,1788
2024-01-01 00:12:47,92.5232,92.8906,92.2031,91.7464,3725
2024-01-01 00:12:48,91.7464,91.9784,91.4737,92.1825,2661
2024-01-01 00:12:49,92.1825,92.4339,91.717,92.6163,4695
2024-01-01 00:12:50,92.6163,92.7165,92.4743,92.7184,6221
2024-01-01 00:12:51,92.7184,92.7283,92.5776,92.3738,6600
2024-01-01 00:12:52,92.3738,92.629,92.3312,92.6072,2525
2024-01-01 00:12:53,92.6072,93.0646,91.8655,91.982,8909
2024-01-01 00:12:54,91.982,92.2878,91.7485,91.8322,8113
2024-01-01 00:12:55,91.8322,91.9086,91.7165,91.2701,4367
2024-01-01 00:12:56,91.2701,91.3194,90.6254,91.7765,9849
2024-01-01 00:12:57,91.7765,91.7999,91.5337,91.3964,4891
2024-01-01 00:12:58,91.3964,91.5663,91.0646,91.8079,1893
2024-01-01 00:12:59,91.8079,92.0112,91.5648,91.6295,5825
2024-01-01 00:13:00,91.6295,92.0052,91.495,91.9431,4390
2024-01-01 00:13:01,91.9431,92.062,91.7241,91.9709,2342
2024-01-01 00:13:02,91.9709,91.9955,91.8973,91.7266,5341
2024-01-01 00:13:03,91.7266,92.0426,91.5229,91.1759,4029
2024-01-01 00:13:04,91.1759,91.389,91.1407,90.8381,8204
2024-01-01 00:13:05,90.8381,91.0478,90.7913,90.9773,5400
2024-01-01 00:13:06,90.9773,91.0448,90.9326,90.7141,6632
2024-01-01 00:13:07,90.7141,90.825,90.4244,90.5012,4727
2024-01-01 00:13:08,90.5012,90.6913,90.371,89.5965,9773
2024-01-01 00:13:09,89.5965,89.8677,88.9467,89.1231,4860
2024-01-01 00:13:10,89.1231,89.1412,88.7341,88.9226,9226
2024-01-01 00:13:11,88.9226,89.2488,88.766,88.4686,3415
2024-01-01 00:13:12,88.4686,88.8148,88.0656,89.0808,4471
2024-01-01 00:13:13,89.0808,89.1368,88.9354,90.3567,7936
2024-01-01 00:13:14,90.3567,90.5717,90.1907,91.0247,3422
2024-01-01 00:13:15,91.0247,91.1415,90.8246,91.9124,2097
2024-01-01 00:13:16,91.9124,92.1113,91.3525,92.4569,9514
2024-01-01 00:13:17,92.4569,93.0459,92.2984,92.1403,9561
2024-01-01 00:13:18,92.1403,92.284,91.9116,92.1886,2641
2024-01-01 00:13:19,92.1886,92.5323,92.0133,92.7108,2654
2024-01-01 00:13:20,92.7108,93.2988,92.262,92.9347,5327
2024-01-01 00:13:21,92.9347,93.1913,92.7028,92.2334,8750
2024-01-01 00:13:22,92.2334,92.2896,91.9792,92.6237,7581
2024-01-01 00:13:23,92.6237,93.2349,92.4718,93.1618,6431
2024-01-01 00:13:24,93.1618,93.2506,92.9274,93.1038,7102
2024-01-01 00:13:25,93.1038,93.6526,93.0337,93.1651,5965
2024-01-01 00:13:26,93.1651,93.7004,92.8784,92.8057,4734
2024-01-01 00:13:27,92.8057,93.3447,92.1991,92.2149,8259
2024-01-01 00:13:28,92.2149,92.4758,92.1606,92.2811,2462
2024-01-01 00:13:29,92.2811,92.3597,92.0899,91.6057,7671
2024-01-01 00:13:30,91.6057,92.1113,91.232,91.5577,9442
2024-01-01 00:13:31,91.5577,91.5862,91.4509,90.8705,9303
2024-01-01 00:13:32,90.8705,91.1685,90.486,90.1553,3846
2024-01-01 00:13:33,90.1553,90.355,89.6241,90.0567,1944
2024-01-01 00:13:34,90.0567,90.388,89.649,90.0585,5488
2024-01-01 00:13:35,90.0585,90.2854,89.8118,89.6739,7503
2024-01-01 00:13:36,89.6739,89.7899,89.3896,89.5043,8308
2024-01-01 00:13:37,89.5043,89.7709,88.9595,89.5964,6730
2024-01-01 00:13:38,89.5964,90.071,89.5656,89.0642,2480
2024-01-01 00:13:39,89.0642,89.129,88.7748,90.0054,3669
2024-01-01 00:13:40,90.0054,90.4202,89.9582,90.5334,4688
2024-01-01 00:13:41,90.5334,90.6376,90.32,90.8782,7709
2024-01-01 00:13:42,90.8782,90.9282,90.4336,89.8817,8767
2024-01-01 00:13:43,89.8817,90.2496,89.6531,89.7265,1138
2024-01-01 00:13:44,89.7265,90.1317,89.2827,89.8388,5511
2024-01-01 00:13:45,89.8388,90.0976,89.7045,89.562,6713
2024-01-01 00:13:46,89.562,89.6156,89.4449,89.2227,7506
2024-01-01 00:13:47,89.2227,89.2541,89.2043,89.7968,7131
2024-01-01 00:13:48,89.7968,89.9485,89.7039,89.1751,8892
2024-01-01 00:13:49,89.1751,89.9994,88.8255,89.9185,6327
2024-01-01 00:13:50,89.9185,90.0969,89.7652,90.1693,5895
2024-01-01 00:13:51,90.1693,90.3061,89.834,89.145,4937
2024-01-01 00:13:52,89.145,89.4649,89.0138,89.8759,6236
2024-01-01 00:13:53,89.8759,90.078,89.441,89.2353,9148
2024-01-01 00:13:54,89.2353,89.239,88.976,89.6228,1578
2024-01-01 00:13:55,89.6228,90.4656,89.1384,89.8655,4111
2024-01-01 00:13:56,89.8655,90.2608,89.6988,89.4288,8794
2024-01-01 00:13:57,89.4288,89.8016,89.1806,88.772,9311
2024-01-01 00:13:58,88.772,88.9461,88.5617,88.6773,5813
2024-01-01 00:13:59,88.6773,88.8057,88.587,88.1428,5237
2024-01-01 00:14:00,88.1428,88.522,87.5227,88.0434,6499
2024-01-01 00:14:01,88.0434,88.1636,87.8679,87.4111,4659
2024-01-01 00:14:02,87.4111,87.6679,87.3473,87.3955,5269
2024-01-01 00:14:03,87.3955,87.6832,87.224,86.9597,2929
2024-01-01 00:14:04,86.9597,87.0705,86.3359,85.9736,2166
2024-01-01 00:14:05,85.9736,86.1679,85.9393,85.3712,2963
2024-01-01 00:14:06,85.3712,85.5888,85.3413,85.7012,3470
2024-01-01 00:14:07,85.7012,85.8316,85.5488,85.8603,7704
2024-01-01 00:14:08,85.8603,85.9113,85.6941,86.9136,3954
2024-01-01 00:14:09,86.9136,86.9763,86.5724,86.8903,3897
2024-01-01 00:14:10,86.8903,86.9859,86.6939,86.8232,3762
2024-01-01 00:14:11,86.8232,86.9796,86.7419,86.9249,2442
2024-01-01 00:14:12,86.9249,87.1573,86.638,87.2914,8821
2024-01-01 00:14:13,87.2914,87.3532,87.2357,87.5186,4267
2024-01-01 00:14:14,87.5186,88.2477,87.1258,87.3702,9700
2024-01-01 00:14:15,87.3702,87.5347,86.9504,86.8424,5076
2024-01-01 00:14:16,86.8424,87.4497,86.7893,86.9945,9246
2024-01-01 00:14:17,86.9945,87.1484,86.8986,87.2098,1749
2024-01-01 00:14:18,87.2098,87.4472,87.1537,87.0862,6535
2024-01-01 00:14:19,87.0862,87.5042,86.9011,86.4192,3192
2024-01-01 00:14:20,86.4192,86.9584,86.2963,85.827,7609
2024-01-01 00:14:21,85.827,86.0393,85.8014,86.0769,3149
2024-01-01 00:14:22,86.0769,86.1382,85.9232,86.1023,1612
2024-01-01 00:14:23,86.1023,86.406,85.7993,86.0948,9761
2024-01-01 00:14:24,86.0948,86.3762,85.9578,85.6146,1323
2024-01-01 00:14:25,85.6146,85.7566,85.5702,85.6856,8279
2024-01-01 00:14:26,85.6856,85.9437,85.5149,85.226,1152
2024-01-01 00:14:27,85.226,85.3654,84.8069,85.2722,9524
2024-01-01 00:14:28,85.2722,85.6782,84.9041,85.1868,2718
2024-01-01 00:14:29,85.1868,85.6017,85.1565,85.902,5631
2024-01-01 00:14:30,85.902,85.9954,85.8385,86.0808,5308
2024-01-01 00:14:31,86.0808,86.4761,85.3775,86.3974,6864
2024-01-01 00:14:32,86.3974,86.6378,86.0567,86.2767,4402
2024-01-01 00:14:33,86.2767,86.4067,85.9588,86.4202,4842
2024-01-01 00:14:34,86.4202,86.4279,85.9452,87.1663,9095
2024-01-01 00:14:35,87.1663,87.2435,87.0613,86.6419,9383
2024-01-01 00:14:36,86.6419,86.8604,86.2855,87.3562,8483
2024-01-01 00:14:37,87.3562,87.6069,87.3383,86.9513,8606
2024-01-01 00:14:38,86.9513,87.1214,86.5387,87.8222,6901
2024-01-01 00:14:39,87.8222,87.905,87.5759,87.1271,2898
2024-01-01 00:14:40,87.1271,87.4112,86.5649,87.8239,3793
2024-01-01 00:14:41,87.8239,88.1257,87.2637,88.1018,5395
2024-01-01 00:14:42,88.1018,88.1934,88.0261,88.2613,7566
2024-01-01 00:14:43,88.2613,88.5296,88.067,87.9696,7319
2024-01-01 00:14:44,87.9696,88.2877,87.4183,87.7593,3732
2024-01-01 00:14:45,87.7593,88.1104,87.4573,88.2514,1960
2024-01-01 00:14:46,88.2514,88.3183,87.7265,89.2093,8908
2024-01-01 00:14:47,89.2093,89.355,88.7816,89.8767,3969
2024-01-01 00:14:48,89.8767,90.2124,89.4194,89.2117,3140
2024-01-01 00:14:49,89.2117,89.5569,89.1749,88.5702,7738
2024-01-01 00:14:50,88.5702,88.6097,88.5436,88.4017,9598
2024-01-01 00:14:51,88.4017,88.4449,88.0107,88.3365,4669
2024-01-01 00:14:52,88.3365,88.3983,88.1442,89.0737,2560
2024-01-01 00:14:53,89.0737,89.5145,88.8758,89.5909,8895
2024-01-01 00:14:54,89.5909,89.9624,89.1611,89.1659,1894
2024-01-01 00:14:55,89.1659,89.8642,89.1147,89.7984,9283
2024-01-01 00:14:56,89.7984,90.2752,89.7177,90.367,9055
2024-01-01 00:14:57,90.367,90.4825,90.1241,90.2227,5557
2024-01-01 00:14:58,90.2227,90.289,90.0333,90.56,4850
2024-01-01 00:14:59,90.56,90.8461,90.4055,90.1618,8341
2024-01-01 00:15:00,90.1618,90.3469,89.8219,90.6616,1291
2024-01-01 00:15:01,90.6616,90.9088,90.4756,91.947,9996
2024-01-01 00:15:02,91.947,91.9471,91.6164,92.1653,5990
2024-01-01 00:15:03,92.1653,92.4626,91.9197,91.7423,8474
2024-01-01 00:15:04,91.7423,91.8298,91.5415,92.1945,8445
2024-01-01 00:15:05,92.1945,92.4469,91.7486,92.3133,8751
2024-01-01 00:15:06,92.3133,92.5921,92.1835,92.2145,4633
2024-01-01 00:15:07,92.2145,92.4955,92.2106,92.281,5783
2024-01-01 00:15:08,92.281,92.3667,91.779,91.8187,9067
2024-01-01 00:15:09,91.8187,92.1214,91.4506,92.4789,7704
2024-01-01 00:15:10,92.4789,92.7355,92.2142,93.0165,7437
2024-01-01 00:15:11,93.0165,93.1366,92.4698,94.0826,4122
2024-01-01 00:15:12,94.0826,94.2228,93.4935,94.0331,3018
2024-01-01 00:15:13,94.0331,94.0786,93.708,94.6181,9260
2024-01-01 00:15:14,94.6181,94.8821,94.5251,95.0078,8091
2024-01-01 00:15:15,95.0078,95.1903,94.7155,94.9779,9328
2024-01-01 00:15:16,94.9779,95.624,94.9117,95.1909,3103
2024-01-01 00:15:17,95.1909,95.5404,94.9249,94.9025,6273
2024-01-01 00:15:18,94.9025,94.9101,94.2405,94.4099,5067
2024-01-01 00:15:19,94.4099,94.524,93.6461,94.267,5819
2024-01-01 00:15:20,94.267,94.3139,93.8697,94.0111,9393
2024-01-01 00:15:21,94.0111,94.1522,93.5665,94.4155,6143
2024-01-01 00:15:22,94.4155,95.0979,94.2804,94.1377,5760
2024-01-01 00:15:23,94.1377,94.4,93.5144,93.8899,3173
2024-01-01 00:15:24,93.8899,93.9408,93.5468,94.6095,6281
2024-01-01 00:15:25,94.6095,94.7346,94.1178,94.4563,8870
2024-01-01 00:15:26,94.4563,94.8129,94.3449,93.4189,9747
2024-01-01 00:15:27,93.4189,93.5491,92.852,92.6934,1209
2024-01-01 00:15:28,92.6934,92.7031,92.4202,92.5814,4275
2024-01-01 00:15:29,92.5814,92.6375,92.058,93.1708,5695
2024-01-01 00:15:30,93.1708,93.325,92.6847,93.0565,4342
2024-01-01 00:15:31,93.0565,93.0582,92.9796,93.3893,8415
2024-01-01 00:15:32,93.3893,93.7518,93.3497,94.1941,7371
2024-01-01 00:15:33,94.1941,94.235,93.6702,93.196,5712
2024-01-01 00:15:34,93.196,93.2831,92.9669,93.1416,6122
2024-01-01 00:15:35,93.1416,93.2391,93.1203,93.4931,5117
2024-01-01 00:15:36,93.4931,94.0717,93.2855,93.7859,4695
2024-01-01 00:15:37,93.7859,94.1838,93.5386,93.37,7025
2024-01-01 00:15:38,93.37,93.7471,92.9567,93.3902,4170
2024-01-01 00:15:39,93.3902,93.4416,93.2099,92.8669,2220
2024-01-01 00:15:40,92.8669,93.0379,92.5761,92.9861,8020
2024-01-01 00:15:41,92.9861,93.0288,92.755,92.9438,3636
2024-01-01 00:15:42,92.9438,93.0597,92.715,92.6123,3536
2024-01-01 00:15:43,92.6123,93.28,92.4411,93.3001,1833
2024-01-01 00:15:44,93.3001,93.7159,93.1598,93.4039,6866
2024-01-01 00:15:45,93.4039,93.8259,93.1959,93.0511,9608
2024-01-01 00:15:46,93.0511,93.2389,92.7274,93.1109,7814
2024-01-01 00:15:47,93.1109,93.4047,93.0294,93.3573,6724
2024-01-01 00:15:48,93.3573,93.5617,93.2176,93.4196,4579
2024-01-01 00:15:49,93.4196,93.8158,93.2917,93.8314,8780
2024-01-01 00:15:50,93.8314,93.8432,93.7918,94.7627,6668
2024-01-01 00:15:51,94.7627,95.3754,94.545,94.7548,4994
2024-01-01 00:15:52,94.7548,94.8709,94.467,95.4871,2857
2024-01-01 00:15:53,95.4871,95.769,95.2413,96.4911,5633
2024-01-01 00:15:54,96.4911,96.547,96.4448,97.087,9335
2024-01-01 00:15:55,97.087,97.1716,97.0569,96.4911,4154
2024-01-01 00:15:56,96.4911,96.6035,95.8315,96.4025,9814
2024-01-01 00:15:57,96.4025,96.8146,96.3152,97.1593,4453
2024-01-01 00:15:58,97.1593,97.6129,96.9509,96.7457,2702
2024-01-01 00:15:59,96.7457,96.901,96.2039,96.3515,8130
2024-01-01 00:16:00,96.3515,96.9176,96.3481,95.6343,8523
2024-01-01 00:16:01,95.6343,95.6515,95.5527,95.3454,2200
2024-01-01 00:16:02,95.3454,95.5238,94.9788,96.1833,4729
2024-01-01 00:16:03,96.1833,96.4435,96.0204,95.9499,8391
2024-01-01 00:16:04,95.9499,96.1832,95.5037,95.5858,9762
2024-01-01 00:16:05,95.5858,96.0643,95.5681,95.665,2036
2024-01-01 00:16:06,95.665,96.0629,95.6296,95.6899,9238
2024-01-01 00:16:07,95.6899,96.1044,95.3636,95.505,5937
2024-01-01 00:16:08,95.505,95.6564,95.2416,95.1862,1504
2024-01-01 00:16:09,95.1862,95.5517,95.1259,94.9684,3234
2024-01-01 00:16:10,94.9684,95.5038,94.8216,94.9502,3360
2024-01-01 00:16:11,94.9502,95.1365,94.3521,94.6112,7113
2024-01-01 00:16:12,94.6112,94.6231,94.4942,94.6834,1684
2024-01-01 00:16:13,94.6834,95.0875,94.6706,94.4879,9800
2024-01-01 00:16:14,94.4879,94.5251,94.3653,94.2863,6633
2024-01-01 00:16:15,94.2863,94.4415,93.6532,95.0829,9397
2024-01-01 00:16:16,95.0829,95.2322,94.9129,95.2823,2877
2024-01-01 00:16:17,95.2823,95.5072,94.7936,95.0265,1891
2024-01-01 00:16:18,95.0265,95.5862,94.693,95.7168,2198
2024-01-01 00:16:19,95.7168,95.7451,95.6084,95.6969,2608
2024-01-01 00:16:20,95.6969,96.071,95.4279,95.9107,4842
2024-01-01 00:16:21,95.9107,96.248,95.6655,95.7698,4170
2024-01-01 00:16:22,95.7698,96.0688,95.579,95.5437,3496
2024-01-01 00:16:23,95.5437,95.8055,95.4293,95.2586,6182
2024-01-01 00:16:24,95.2586,95.3054,95.0549,95.5523,8145
2024-01-01 00:16:25,95.5523,95.5995,95.2731,96.3615,6432
2024-01-01 00:16:26,96.3615,96.5937,96.1998,96.7628,2783
2024-01-01 00:16:27,96.7628,96.9471,96.3968,97.0939,5597
2024-01-01 00:16:28,97.0939,97.2217,96.8663,97.2672,2252
2024-01-01 00:16:29,97.2672,97.3567,96.6405,97.1733,9309
2024-01-01 00:16:30,97.1733,97.5774,96.7214,96.5537,4485
2024-01-01 00:16:31,96.5537,96.8697,96.3427,96.1464,9904
2024-01-01 00:16:32,96.1464,96.3773,96.0498,96.6361,7430
2024-01-01 00:16:33,96.6361,96.7222,96.1274,96.4026,5767
2024-01-01 00:16:34,96.4026,96.6663,96.1622,96.7956,1173
2024-01-01 00:16:35,96.7956,97.0993,96.2988,97.0518,3717
2024-01-01 00:16:36,97.0518,97.2166,96.8424,97.0642,3395
2024-01-01 00:16:37,97.0642,97.0947,96.7207,97.6082,6878
2024-01-01 00:16:38,97.6082,97.7358,97.5813,98.4276,4834
2024-01-01 00:16:39,98.4276,98.6245,98.3733,98.8168,6918
2024-01-01 00:16:40,98.8168,99.2505,98.7538,97.964,6309
2024-01-01 00:16:41,97.964,98.5926,97.4876,97.8673,5480
2024-01-01 00:16:42,97.8673,98.0693,97.689,98.066,7201
2024-01-01 00:16:43,98.066,98.3554,97.739,97.981,2275
2024-01-01 00:16:44,97.981,98.0115,97.6791,97.4978,6781
2024-01-01 00:16:45,97.4978,97.611,97.2461,97.1661,8898
2024-01-01 00:16:46,97.1661,97.1886,96.9278,97.2098,4768
2024-01-01 00:16:47,97.2098,97.5911,97.0092,96.8463,4465
2024-01-01 00:16:48,96.8463,96.9885,96.4032,97.0179,4773
2024-01-01 00:16:49,97.0179,97.2488,96.8806,96.4669,2856
2024-01-01 00:16:50,96.4669,96.5066,96.4234,95.8999,7732
2024-01-01 00:16:51,95.8999,95.9881,95.8874,96.1874,3639
2024-01-01 00:16:52,96.1874,96.4568,96.0566,96.5846,3725
2024-01-01 00:16:53,96.5846,96.5944,96.3958,96.4061,7642
2024-01-01 00:16:54,96.4061,96.6319,95.931,95.8837,5644
2024-01-01 00:16:55,95.8837,96.0819,95.8155,95.9768,8723
2024-01-01 00:16:56,95.9768,96.1127,95.7801,96.1823,3979
2024-01-01 00:16:57,96.1823,96.4388,95.9315,95.5892,3747
2024-01-01 00:16:58,95.5892,95.8604,95.2053,95.5152,4765
2024-01-01 00:16:59,95.5152,95.6304,95.4045,95.7078,1271
2024-01-01 00:17:00,95.7078,96.2758,95.3949,96.0,3450
2024-01-01 00:17:01,96.0,96.1478,95.8846,95.9857,1639
2024-01-01 00:17:02,95.9857,96.2423,95.9837,96.4285,3135
2024-01-01 00:17:03,96.4285,96.7334,96.2128,96.2074,1019
2024-01-01 00:17:04,96.2074,96.5198,95.9917,96.8962,7068
2024-01-01 00:17:05,96.8962,97.2239,96.5677,96.4064,8028
2024-01-01 00:17:06,96.4064,96.9421,96.3341,96.5221,2600
2024-01-01 00:17:07,96.5221,96.7273,96.4183,96.0472,4809
2024-01-01 00:17:08,96.0472,96.1144,95.7408,96.2239,5223
2024-01-01 00:17:09,96.2239,96.4002,95.7866,95.8612,1116
2024-01-01 00:17:10,95.8612,95.9319,95.4242,95.6403,6175
2024-01-01 00:17:11,95.6403,95.76,95.5631,95.6732,7980
2024-01-01 00:17:12,95.6732,95.8602,95.4802,95.4515,6990
2024-01-01 00:17:13,95.4515,96.1609,94.8504,95.0368,7511
2024-01-01 00:17:14,95.0368,95.3464,94.9642,95.0529,7065
2024-01-01 00:17:15,95.0529,95.3744,94.9277,94.4919,6024
2024-01-01 00:17:16,94.4919,94.7345,94.3607,93.73,2951
2024-01-01 00:17:17,93.73,93.7345,93.4037,93.8928,3650
2024-01-01 00:17:18,93.8928,94.1034,93.7717,94.3742,1852
2024-01-01 00:17:19,94.3742,94.7866,93.7176,93.4989,1086
2024-01-01 00:17:20,93.4989,94.0251,93.0991,93.8107,2444
2024-01-01 00:17:21,93.8107,94.0062,93.7275,93.9306,2311
2024-01-01 00:17:22,93.9306,94.2354,93.6554,93.3089,9536
2024-01-01 00:17:23,93.3089,93.4843,92.5571,93.0955,1941
2024-01-01 00:17:24,93.0955,93.2814,92.8904,93.9684,4304
2024-01-01 00:17:25,93.9684,94.3779,93.409,93.5536,9489
2024-01-01 00:17:26,93.5536,93.63,93.2606,93.5243,4795
2024-01-01 00:17:27,93.5243,93.8609,93.2268,93.1718,6893
2024-01-01 00:17:28,93.1718,93.179,92.613,93.1726,7544
2024-01-01 00:17:29,93.1726,93.3542,92.9327,94.5895,4281
2024-01-01 00:17:30,94.5895,94.644,94.471,93.7775,5661
2024-01-01 00:17:31,93.7775,93.8348,93.3979,93.8683,6703
2024-01-01 00:17:32,93.8683,94.3196,93.754,93.3398,8450
2024-01-01 00:17:33,93.3398,93.6946,93.1721,94.6098,5277
2024-01-01 00:17:34,94.6098,94.9274,94.2788,94.8794,6570
2024-01-01 00:17:35,94.8794,95.3904,94.7027,94.6664,5222
2024-01-01 00:17:36,94.6664,95.0522,94.2548,95.3185,7178
2024-01-01 00:17:37,95.3185,95.7928,95.1197,94.9695,6565
2024-01-01 00:17:38,94.9695,95.0497,94.5827,95.5072,1448
2024-01-01 00:17:39,95.5072,95.7374,95.481,95.6696,7269
2024-01-01 00:17:40,95.6696,96.3864,95.5735,94.5984,6172
2024-01-01 00:17:41,94.5984,94.8371,94.452,94.2744,9776
2024-01-01 00:17:42,94.2744,94.309,94.2729,95.2173,6603
2024-01-01 00:17:43,95.2173,95.834,94.898,95.4382,8807
2024-01-01 00:17:44,95.4382,95.6322,95.2677,95.301,4115
2024-01-01 00:17:45,95.301,95.5012,95.2997,95.1591,4965
2024-01-01 00:17:46,95.1591,95.3055,95.0926,95.3963,6833
2024-01-01 00:17:47,95.3963,95.4757,95.2779,95.7587,2285
2024-01-01 00:17:48,95.7587,96.1542,95.3737,95.4271,9871
2024-01-01 00:17:49,95.4271,95.9893,95.2752,94.8697,7081
2024-01-01 00:17:50,94.8697,95.1099,94.2328,94.447,5501
2024-01-01 00:17:51,94.447,95.3109,94.397,94.3491,9374
2024-01-01 00:17:52,94.3491,94.5579,94.2604,94.2821,7933
2024-01-01 00:17:53,94.2821,94.6529,94.2313,94.2048,9232
2024-01-01 00:17:54,94.2048,94.6923,94.1511,93.6353,2972
2024-01-01 00:17:55,93.6353,93.7417,93.3197,93.0899,1137
2024-01-01 00:17:56,93.0899,93.1052,92.8574,93.433,5254
2024-01-01 00:17:57,93.433,93.5231,93.2167,93.2168,5413
2024-01-01 00:17:58,93.2168,93.2908,92.9821,92.5389,4449
2024-01-01 00:17:59,92.5389,92.9767,92.295,92.9774,6981
2024-01-01 00:18:00,92.9774,93.17,92.9096,93.2242,4744
2024-01-01 00:18:01,93.2242,93.4123,92.7834,93.464,4863
2024-01-01 00:18:02,93.464,93.6654,93.2851,92.538,3450
2024-01-01 00:18:03,92.538,92.5794,92.5309,93.3841,7906
2024-01-01 00:18:04,93.3841,93.3866,93.1725,91.7383,6172
2024-01-01 00:18:05,91.7383,91.7941,91.4911,91.2489,1781
2024-01-01 00:18:06,91.2489,91.5227,90.7375,90.6339,8807
2024-01-01 00:18:07,90.6339,90.7055,90.5194,90.9716,6483
2024-01-01 00:18:08,90.9716,91.2546,90.4601,90.9426,6638
2024-01-01 00:18:09,90.9426,91.0939,90.9236,90.6205,4259
2024-01-01 00:18:10,90.6205,90.8223,89.8089,89.979,5663
2024-01-01 00:18:11,89.979,90.2542,89.6247,89.6458,8987
2024-01-01 00:18:12,89.6458,89.9684,89.2813,89.7301,8598
2024-01-01 00:18:13,89.7301,89.8437,89.6065,90.0562,3745
2024-01-01 00:18:14,90.0562,90.5888,89.692,89.3272,7631
2024-01-01 00:18:15,89.3272,89.3944,89.2334,89.6519,3654
2024-01-01 00:18:16,89.6519,89.8684,89.3816,89.4113,7479
2024-01-01 00:18:17,89.4113,89.4546,89.0887,88.7658,6950
2024-01-01 00:18:18,88.7658,89.1297,88.593,88.7578,1378
2024-01-01 00:18:19,88.7578,88.9129,88.6026,88.8508,5122
2024-01-01 00:18:20,88.8508,89.0211,88.692,89.5737,2687
2024-01-01 00:18:21,89.5737,90.1554,89.1754,89.7194,8752
2024-01-01 00:18:22,89.7194,89.7402,89.3121,89.6091,2363
2024-01-01 00:18:23,89.6091,89.9397,89.3562,90.1221,2381
2024-01-01 00:18:24,90.1221,90.6383,90.0397,89.5361,5655
2024-01-01 00:18:25,89.5361,89.6822,89.4816,89.8871,9630
2024-01-01 00:18:26,89.8871,89.9484,89.5794,89.9507,6328
2024-01-01 00:18:27,89.9507,90.1721,89.6971,89.1013,9856
2024-01-01 00:18:28,89.1013,89.2519,88.6185,89.6798,9835
2024-01-01 00:18:29,89.6798,89.8589,89.3168,90.5938,8126
2024-01-01 00:18:30,90.5938,90.6567,90.4924,89.8873,9841
2024-01-01 00:18:31,89.8873,89.9059,89.7587,90.317,6044
2024-01-01 00:18:32,90.317,90.4908,90.3157,90.0591,3233
2024-01-01 00:18:33,90.0591,90.2469,89.7785,90.0655,1136
2024-01-01 00:18:34,90.0655,90.3883,90.0568,89.8437,8052
2024-01-01 00:18:35,89.8437,89.9638,89.4575,89.422,1118
2024-01-01 00:18:36,89.422,89.4799,89.1846,89.1135,5094
2024-01-01 00:18:37,89.1135,89.3677,88.6941,88.7519,7385
2024-01-01 00:18:38,88.7519,88.9385,88.3825,88.9189,9464
2024-01-01 00:18:39,88.9189,88.9789,88.2634,89.2534,5454
2024-01-01 00:18:40,89.2534,89.7362,89.1416,89.0753,2121
2024-01-01 00:18:41,89.0753,89.1775,88.8493,88.5941,8460
2024-01-01 00:18:42,88.5941,88.7553,88.4554,88.2997,1317
2024-01-01 00:18:43,88.2997,88.7573,87.6516,88.0749,1362
2024-01-01 00:18:44,88.0749,88.2031,88.0177,88.1659,1134
2024-01-01 00:18:45,88.1659,88.1844,87.9954,88.9526,9086
2024-01-01 00:18:46,88.9526,89.2592,88.8742,89.0595,7084
2024-01-01 00:18:47,89.0595,89.5769,88.9393,88.4869,6410
2024-01-01 00:18:48,88.4869,88.7284,88.3434,89.2165,7429
2024-01-01 00:18:49,89.2165,89.5212,89.0699,89.5292,4148
2024-01-01 00:18:50,89.5292,89.6679,89.494,89.83,5078
2024-01-01 00:18:51,89.83,90.4405,89.2904,89.884,5049
2024-01-01 00:18:52,89.884,89.9621,89.3844,89.8739,9538
2024-01-01 00:18:53,89.8739,89.9772,89.6967,90.083,7375
2024-01-01 00:18:54,90.083,90.3188,89.8958,89.9024,1691
2024-01-01 00:18:55,89.9024,89.915,89.5237,90.5338,3001
2024-01-01 00:18:56,90.5338,90.9617,90.3352,90.519,4568
2024-01-01 00:18:57,90.519,90.736,90.4822,91.5104,8113
2024-01-01 00:18:58,91.5104,91.6724,91.4857,91.3738,4982
2024-01-01 00:18:59,91.3738,91.4615,91.3689,91.6228,8786
2024-01-01 00:19:00,91.6228,91.784,91.5932,91.5133,9190
2024-01-01 00:19:01,91.5133,91.863,91.287,91.1384,1983
2024-01-01 00:19:02,91.1384,91.2967,90.9785,91.8075,3061
2024-01-01 00:19:03,91.8075,92.0686,91.7875,90.9632,6690
2024-01-01 00:19:04,90.9632,91.2662,90.8023,91.1469,6868
2024-01-01 00:19:05,91.1469,91.1834,90.9219,91.8628,1646
2024-01-01 00:19:06,91.8628,91.8925,91.7343,91.3287,4109
2024-01-01 00:19:07,91.3287,91.6719,91.1758,92.0711,6303
2024-01-01 00:19:08,92.0711,92.3104,91.7457,92.0268,3627
2024-01-01 00:19:09,92.0268,92.1849,91.9538,91.0597,5844
2024-01-01 00:19:10,91.0597,91.3993,90.5623,91.3235,9289
2024-01-01 00:19:11,91.3235,91.4628,91.1911,91.5696,1306
2024-01-01 00:19:12,91.5696,91.7647,91.3775,91.2223,2037
2024-01-01 00:19:13,91.2223,91.4257,90.9093,90.9209,7348
2024-01-01 00:19:14,90.9209,91.3437,90.9038,91.2006,5638
2024-01-01 00:19:15,91.2006,91.3897,90.8151,90.9127,2809
2024-01-01 00:19:16,90.9127,91.1629,90.2322,91.516,3926
2024-01-01 00:19:17,91.516,91.6572,91.3721,91.8361,8952
2024-01-01 00:19:18,91.8361,91.9073,91.6489,91.8817,9026
2024-01-01 00:19:19,91.8817,92.342,91.8064,91.4961,5193
2024-01-01 00:19:20,91.4961,91.5604,91.4863,91.8326,4419
2024-01-01 00:19:21,91.8326,92.2171,91.261,91.7531,2310
2024-01-01 00:19:22,91.7531,91.8385,91.4354,91.0538,7814
2024-01-01 00:19:23,91.0538,91.2871,90.574,91.6862,1955
2024-01-01 00:19:24,91.6862,91.8972,91.5753,91.8617,5979
2024-01-01 00:19:25,91.8617,92.0463,91.7633,91.91,9511
2024-01-01 00:19:26,91.91,92.1863,91.7194,92.5686,9621
2024-01-01 00:19:27,92.5686,92.7839,92.2437,92.5046,3931
2024-01-01 00:19:28,92.5046,92.6422,92.4921,91.9081,6864
2024-01-01 00:19:29,91.9081,92.1215,91.4925,91.0558,7997
2024-01-01 00:19:30,91.0558,91.1775,90.927,91.2796,6529
2024-01-01 00:19:31,91.2796,91.4831,90.9697,91.7386,8258
2024-01-01 00:19:32,91.7386,92.0012,90.7703,92.7247,7090
2024-01-01 00:19:33,92.7247,93.0868,92.5023,92.1994,6299
2024-01-01 00:19:34,92.1994,92.4425,92.0846,91.6995,5162
2024-01-01 00:19:35,91.6995,91.9094,91.4458,92.5295,7505
2024-01-01 00:19:36,92.5295,92.5296,92.5178,92.6623,3213
2024-01-01 00:19:37,92.6623,92.9164,92.6518,92.7508,5920
2024-01-01 00:19:38,92.7508,92.7712,92.5464,93.0969,5521
2024-01-01 00:19:39,93.0969,93.4105,92.9222,93.8856,3534
2024-01-01 00:19:40,93.8856,94.0717,93.7546,94.3463,5093
2024-01-01 00:19:41,94.3463,94.4047,93.8017,94.6723,2505
2024-01-01 00:19:42,94.6723,94.8391,94.6479,94.0861,6319
2024-01-01 00:19:43,94.0861,94.1353,93.9079,94.2823,2562
2024-01-01 00:19:44,94.2823,94.4251,94.235,93.9331,2285
2024-01-01 00:19:45,93.9331,94.0605,93.2678,93.2826,6478
2024-01-01 00:19:46,93.2826,93.7342,92.7602,92.7506,4714
2024-01-01 00:19:47,92.7506,92.7591,92.1668,93.2543,1187
2024-01-01 00:19:48,93.2543,93.5706,92.9095,92.7829,6231
2024-01-01 00:19:49,92.7829,92.9483,92.7405,92.9862,9231
2024-01-01 00:19:50,92.9862,93.15,92.5089,92.8933,8300
2024-01-01 00:19:51,92.8933,92.9003,92.5008,91.3646,2475
2024-01-01 00:19:52,91.3646,91.609,91.2388,91.4368,2352
2024-01-01 00:19:53,91.4368,91.9273,91.3618,91.6009,9980
2024-01-01 00:19:54,91.6009,91.6758,91.0837,91.4309,3136
2024-01-01 00:19:55,91.4309,91.4568,91.0883,91.421,4245
2024-01-01 00:19:56,91.421,91.4542,91.2831,90.6964,9589
2024-01-01 00:19:57,90.6964,90.6991,90.5808,91.3489,8046
2024-01-01 00:19:58,91.3489,91.959,90.9702,90.8435,7939
2024-01-01 00:19:59,90.8435,90.9727,90.6974,91.2418,6644
2024-01-01 00:20:00,91.2418,91.2787,90.9415,91.1498,8245
2024-01-01 00:20:01,91.1498,91.381,90.9238,92.545,4825
2024-01-01 00:20:02,92.545,92.8209,92.5165,92.6954,2841
2024-01-01 00:20:03,92.6954,92.71,92.472,91.7179,3419
2024-01-01 00:20:04,91.7179,92.126,91.2581,92.3466,2823
2024-01-01 00:20:05,92.3466,92.4615,92.0281,92.4129,6437
2024-01-01 00:20:06,92.4129,92.7734,92.3084,92.5712,5237
2024-01-01 00:20:07,92.5712,92.9707,92.4447,93.1543,3315
2024-01-01 00:20:08,93.1543,93.5737,92.6883,92.903,9631
2024-01-01 00:20:09,92.903,93.0795,92.8535,93.6641,5653
2024-01-01 00:20:10,93.6641,94.1053,93.6194,93.8995,1136
2024-01-01 00:20:11,93.8995,94.3023,93.7203,94.4537,6901
2024-01-01 00:20:12,94.4537,94.498,94.1616,94.5183,4787
2024-01-01 00:20:13,94.5183,94.873,94.473,93.9826,2631
2024-01-01 00:20:14,93.9826,94.1788,93.8771,94.4565,4258
2024-01-01 00:20:15,94.4565,94.7885,94.4551,94.3335,1352
2024-01-01 00:20:16,94.3335,94.5011,94.2157,95.4286,3572
2024-01-01 00:20:17,95.4286,95.8811,95.3761,95.9746,6822
2024-01-01 00:20:18,95.9746,96.1306,95.624,95.7154,2015
2024-01-01 00:20:19,95.7154,96.1489,95.2775,95.635,1482
2024-01-01 00:20:20,95.635,95.8867,95.5931,96.7809,7436
2024-01-01 00:20:21,96.7809,96.8519,96.6737,97.2328,7262
2024-01-01 00:20:22,97.2328,97.2914,96.9144,96.4864,7837
2024-01-01 00:20:23,96.4864,96.4969,96.314,95.9402,6118
2024-01-01 00:20:24,95.9402,96.0842,95.7432,96.3171,3270
2024-01-01 00:20:25,96.3171,96.7147,96.0951,96.2278,4314
2024-01-01 00:20:26,96.2278,96.4238,96.1261,96.5072,3215
2024-01-01 00:20:27,96.5072,97.1016,96.2278,95.9222,3378
2024-01-01 00:20:28,95.9222,96.244,95.8608,95.5638,9732
2024-01-01 00:20:29,95.5638,95.7066,95.516,95.7208,6203
2024-01-01 00:20:30,95.7208,95.8631,95.4625,95.8703,7783
2024-01-01 00:20:31,95.8703,96.1178,95.8087,95.951,5485
2024-01-01 00:20:32,95.951,96.109,95.9042,96.1374,5372
2024-01-01 00:20:33,96.1374,96.4628,95.883,96.2221,4804
2024-01-01 00:20:34,96.2221,96.2906,95.7639,96.2359,3196
2024-01-01 00:20:35,96.2359,96.6446,96.2299,96.6524,7126
2024-01-01 00:20:36,96.6524,96.9242,96.4754,96.8519,4707
2024-01-01 00:20:37,96.8519,97.3517,96.7493,96.9008,1245
2024-01-01 00:20:38,96.9008,97.2326,96.824,97.9935,4323
2024-01-01 00:20:39,97.9935,97.9989,97.8827,98.7283,8197
2024-01-01 00:20:40,98.7283,98.9863,98.5779,99.1178,5043
2024-01-01 00:20:41,99.1178,99.5841,98.8896,99.6107,7232
2024-01-01 00:20:42,99.6107,99.9058,99.2481,99.5175,9784
2024-01-01 00:20:43,99.5175,100.1225,99.4208,99.2745,1630
2024-01-01 00:20:44,99.2745,99.317,99.2334,98.731,5025
2024-01-01 00:20:45,98.731,99.03,98.6957,98.6007,1643
2024-01-01 00:20:46,98.6007,98.7289,98.5357,98.0374,5770
2024-01-01 00:20:47,98.0374,98.6162,97.8064,97.9211,5684
2024-01-01 00:20:48,97.9211,97.9967,97.845,97.4126,9470
2024-01-01 00:20:49,97.4126,97.688,97.2221,97.3033,8400
2024-01-01 00:20:50,97.3033,97.4936,97.1333,97.8,9952
2024-01-01 00:20:51,97.8,98.0045,97.5671,98.4,8387
2024-01-01 00:20:52,98.4,98.4514,97.8919,98.9431,8449
2024-01-01 00:20:53,98.9431,99.1671,98.8006,98.2999,3686
2024-01-01 00:20:54,98.2999,98.4509,98.0529,98.2492,6946
2024-01-01 00:20:55,98.2492,98.6535,98.009,98.6083,9383
2024-01-01 00:20:56,98.6083,98.723,98.5229,98.3833,3799
2024-01-01 00:20:57,98.3833,98.7133,98.1804,98.3367,3459
2024-01-01 00:20:58,98.3367,98.4795,98.325,98.4833,6047
2024-01-01 00:20:59,98.4833,98.6708,98.0055,98.3222,8311
2024-01-01 00:21:00,98.3222,98.506,97.7095,98.246,1057
2024-01-01 00:21:01,98.246,98.4105,98.0864,97.4897,8514
2024-01-01 00:21:02,97.4897,97.495,97.3447,96.9022,9084
2024-01-01 00:21:03,96.9022,96.9326,96.5034,96.262,8794
2024-01-01 00:21:04,96.262,96.3549,96.2343,95.7447,9967
2024-01-01 00:21:05,95.7447,95.8189,95.329,95.7106,4401
2024-01-01 00:21:06,95.7106,95.762,95.6637,95.9806,1531
2024-01-01 00:21:07,95.9806,96.2658,95.4843,95.8683,5889
2024-01-01 00:21:08,95.8683,95.9805,95.1278,95.7638,3643
2024-01-01 00:21:09,95.7638,95.9577,95.3999,96.7704,3906
2024-01-01 00:21:10,96.7704,96.8753,96.7187,97.5836,5903
2024-01-01 00:21:11,97.5836,97.8665,97.0091,97.6876,2108
2024-01-01 00:21:12,97.6876,98.2644,97.3769,97.7386,2999
2024-01-01 00:21:13,97.7386,97.8205,97.5127,97.9624,9635
2024-01-01 00:21:14,97.9624,98.0686,97.936,97.6684,9666
2024-01-01 00:21:15,97.6684,98.0122,97.6407,97.8358,5705
2024-01-01 00:21:16,97.8358,98.0934,97.812,96.9657,6797
2024-01-01 00:21:17,96.9657,97.3371,96.7826,97.6187,9132
2024-01-01 00:21:18,97.6187,97.6711,97.43,96.9173,4812
2024-01-01 00:21:19,96.9173,97.1322,96.1102,96.9321,1025
2024-01-01 00:21:20,96.9321,97.159,96.7901,97.344,4396
2024-01-01 00:21:21,97.344,97.6854,96.2836,96.5613,7783
2024-01-01 00:21:22,96.5613,96.6398,96.4898,97.0063,4296
2024-01-01 00:21:23,97.0063,97.0909,96.7926,96.682,2111
2024-01-01 00:21:24,96.682,97.0154,96.6671,96.4709,6460
2024-01-01 00:21:25,96.4709,96.7324,96.0665,96.5205,1477
2024-01-01 00:21:26,96.5205,96.6919,96.1796,96.6824,8849
2024-01-01 00:21:27,96.6824,97.1457,96.413,95.7054,3224
2024-01-01 00:21:28,95.7054,95.7543,95.4155,95.0077,6490
2024-01-01 00:21:29,95.0077,95.5429,94.8791,94.6184,1917
2024-01-01 00:21:30,94.6184,94.8361,94.5775,94.8333,9779
2024-01-01 00:21:31,94.8333,95.2243,94.7871,94.4033,6434
2024-01-01 00:21:32,94.4033,95.0009,93.9228,94.7237,5595
2024-01-01 00:21:33,94.7237,94.8711,94.4938,95.7752,7147
2024-01-01 00:21:34,95.7752,96.1868,95.5063,95.102,2914
2024-01-01 00:21:35,95.102,95.4321,94.7256,94.8877,6152
2024-01-01 00:21:36,94.8877,95.1189,94.3626,94.7883,7088
2024-01-01 00:21:37,94.7883,95.4911,94.5692,95.3193,4541
2024-01-01 00:21:38,95.3193,95.3485,95.261,95.013,4311
2024-01-01 00:21:39,95.013,95.291,94.8447,95.1111,1408
2024-01-01 00:21:40,95.1111,95.7313,94.956,95.44,8921
2024-01-01 00:21:41,95.44,95.4802,95.0769,95.8156,6363
2024-01-01 00:21:42,95.8156,96.292,95.5058,96.4453,3174
2024-01-01 00:21:43,96.4453,96.468,96.3667,95.3852,7350
2024-01-01 00:21:44,95.3852,95.7404,94.6892,95.2477,2426
2024-01-01 00:21:45,95.2477,95.5622,94.7026,95.2777,2689
2024-01-01 00:21:46,95.2777,95.3344,95.127,94.5504,6114
2024-01-01 00:21:47,94.5504,94.6828,94.3927,95.1569,4285
2024-01-01 00:21:48,95.1569,95.3828,95.0207,95.299,2927
2024-01-01 00:21:49,95.299,95.3239,95.1251,95.7882,2875
2024-01-01 00:21:50,95.7882,95.8283,95.5849,96.4833,6739
2024-01-01 00:21:51,96.4833,96.7105,96.4105,96.4533,5641
2024-01-01 00:21:52,96.4533,96.5358,96.2151,96.1794,9856
2024-01-01 00:21:53,96.1794,96.328,96.1245,97.1573,8712
2024-01-01 00:21:54,97.1573,97.2124,97.0625,97.2894,7421
2024-01-01 00:21:55,97.2894,97.4637,96.925,97.4311,8304
2024-01-01 00:21:56,97.4311,97.6044,97.2362,97.1088,9740
2024-01-01 00:21:57,97.1088,97.7068,96.7872,96.3888,8629
2024-01-01 00:21:58,96.3888,96.4435,96.2387,96.1877,2593
2024-01-01 00:21:59,96.1877,96.6257,96.0622,95.4548,8625
2024-01-01 00:22:00,95.4548,95.5888,95.0598,94.2619,5227
2024-01-01 00:22:01,94.2619,94.5175,94.1061,95.0967,6412
2024-01-01 00:22:02,95.0967,95.6991,95.0255,95.3463,8787
2024-01-01 00:22:03,95.3463,95.6061,95.1233,95.3822,3798
2024-01-01 00:22:04,95.3822,95.6543,95.0635,95.289,7646
2024-01-01 00:22:05,95.289,95.5095,94.801,95.0197,6339
2024-01-01 00:22:06,95.0197,95.0595,94.9124,94.8397,7773
2024-01-01 00:22:07,94.8397,94.8558,94.6161,95.366,3605
2024-01-01 00:22:08,95.366,95.4142,95.0691,95.8514,8063
2024-01-01 00:22:09,95.8514,95.92,95.5381,96.6234,6606
2024-01-01 00:22:10,96.6234,96.6842,96.5603,96.2707,8972
2024-01-01 00:22:11,96.2707,96.5748,96.0049,96.0989,6330
2024-01-01 00:22:12,96.0989,96.288,95.7636,95.225,2140
2024-01-01 00:22:13,95.225,95.5971,94.9608,96.3422,7208
2024-01-01 00:22:14,96.3422,96.7239,96.1475,96.0059,3276
2024-01-01 00:22:15,96.0059,96.4983,95.5841,96.1379,1003
2024-01-01 00:22:16,96.1379,96.5787,95.8996,96.1706,8326
2024-01-01 00:22:17,96.1706,96.3225,95.743,96.2915,6187
2024-01-01 00:22:18,96.2915,96.7992,96.0038,96.0181,8122
2024-01-01 00:22:19,96.0181,96.152,95.3654,95.0063,2462
2024-01-01 00:22:20,95.0063,95.2112,94.4256,94.4096,5819
2024-01-01 00:22:21,94.4096,95.0059,94.163,94.3461,1870
2024-01-01 00:22:22,94.3461,94.3481,94.2028,94.9868,5623
2024-01-01 00:22:23,94.9868,95.1328,94.8226,94.9546,7459
2024-01-01 00:22:24,94.9546,95.2897,94.6882,94.3977,4460
2024-01-01 00:22:25,94.3977,94.5756,94.1074,94.6952,4083
2024-01-01 00:22:26,94.6952,94.8923,94.496,93.7903,5726
2024-01-01 00:22:27,93.7903,94.237,93.7832,94.1901,3200
2024-01-01 00:22:28,94.1901,94.2217,93.8047,94.9111,8155
2024-01-01 00:22:29,94.9111,95.0712,94.8857,95.7286,3248
2024-01-01 00:22:30,95.7286,95.9711,95.2195,95.4038,7974
2024-01-01 00:22:31,95.4038,95.6399,95.1729,95.6444,7948
2024-01-01 00:22:32,95.6444,95.7498,95.5262,95.1266,1121
2024-01-01 00:22:33,95.1266,95.6394,94.8533,95.3795,4878
2024-01-01 00:22:34,95.3795,95.6104,95.0274,95.2862,1548
2024-01-01 00:22:35,95.2862,95.6713,95.2332,94.9945,7038
2024-01-01 00:22:36,94.9945,95.2189,94.9338,95.4287,9624
2024-01-01 00:22:37,95.4287,96.2847,95.3401,95.171,5578
2024-01-01 00:22:38,95.171,95.1975,95.0716,94.9741,8740
2024-01-01 00:22:39,94.9741,95.2759,94.65,94.8369,2279
2024-01-01 00:22:40,94.8369,95.1788,94.4742,94.5864,6628
2024-01-01 00:22:41,94.5864,94.6295,94.5768,94.2559,8438
2024-01-01 00:22:42,94.2559,94.2827,94.2241,93.6949,5827
2024-01-01 00:22:43,93.6949,93.7145,93.6169,93.1749,5981
2024-01-01 00:22:44,93.1749,93.5573,92.8602,93.082,3770
2024-01-01 00:22:45,93.082,93.4753,92.8882,93.2951,5780
2024-01-01 00:22:46,93.2951,93.6865,93.2666,93.5481,9283
2024-01-01 00:22:47,93.5481,94.0131,93.3043,93.7501,5129
2024-01-01 00:22:48,93.7501,93.9304,93.7183,94.0233,2827
2024-01-01 00:22:49,94.0233,94.5466,93.6235,93.9574,3476
2024-01-01 00:22:50,93.9574,94.2,93.7207,93.6978,4869
2024-01-01 00:22:51,93.6978,94.2331,93.6469,94.477,1542
2024-01-01 00:22:52,94.477,94.5821,94.0486,94.3613,3525
2024-01-01 00:22:53,94.3613,94.6237,93.9339,95.2826,7765
2024-01-01 00:22:54,95.2826,95.502,94.885,95.3296,4454
2024-01-01 00:22:55,95.3296,95.8383,95.0592,95.5911,1890
2024-01-01 00:22:56,95.5911,95.9836,95.4555,95.0654,7533
2024-01-01 00:22:57,95.0654,95.4028,95.0146,95.2671,9724
2024-01-01 00:22:58,95.2671,95.7198,95.0866,95.3448,9690
2024-01-01 00:22:59,95.3448,95.3766,95.3111,95.5934,8353
2024-01-01 00:23:00,95.5934,95.7699,94.8574,95.2722,2595
2024-01-01 00:23:01,95.2722,95.6437,95.061,95.0362,8074
2024-01-01 00:23:02,95.0362,95.3151,95.0025,94.4778,2610
2024-01-01 00:23:03,94.4778,94.4911,94.0806,94.8708,8554
2024-01-01 00:23:04,94.8708,95.3644,94.8314,94.9913,4193
2024-01-01 00:23:05,94.9913,95.4392,94.9349,94.328,3947
2024-01-01 00:23:06,94.328,94.3683,94.2156,94.2998,7737
2024-01-01 00:23:07,94.2998,94.4147,94.2189,94.3098,8306
2024-01-01 00:23:08,94.3098,94.6972,94.3089,93.8312,2506
2024-01-01 00:23:09,93.8312,94.2086,93.6903,93.9628,4552
2024-01-01 00:23:10,93.9628,94.0937,93.9233,94.6414,3128
2024-01-01 00:23:11,94.6414,95.004,94.2832,94.3973,4027
2024-01-01 00:23:12,94.3973,94.6786,94.3902,95.0097,2240
2024-01-01 00:23:13,95.0097,95.4464,94.49,95.5704,5528
2024-01-01 00:23:14,95.5704,96.0275,95.3157,95.6635,5216
2024-01-01 00:23:15,95.6635,95.7253,95.5634,94.9185,2022
2024-01-01 00:23:16,94.9185,95.0997,94.2224,94.5853,5336
2024-01-01 00:23:17,94.5853,94.6351,94.483,95.0451,4287
2024-01-01 00:23:18,95.0451,95.1653,94.8781,94.8039,8065
2024-01-01 00:23:19,94.8039,94.8889,94.3816,94.8178,8234
2024-01-01 00:23:20,94.8178,94.9546,94.4676,94.7674,5105
2024-01-01 00:23:21,94.7674,94.7773,94.7099,95.0553,9154
2024-01-01 00:23:22,95.0553,95.4006,94.6507,95.4797,5365
2024-01-01 00:23:23,95.4797,95.6353,95.261,95.1772,7411
2024-01-01 00:23:24,95.1772,95.3404,94.8533,94.6404,8144
2024-01-01 00:23:25,94.6404,95.0388,94.3657,94.4263,2148
2024-01-01 00:23:26,94.4263,94.4324,93.8954,94.3869,8898
2024-01-01 00:23:27,94.3869,94.6557,94.1306,94.1247,6880
2024-01-01 00:23:28,94.1247,94.3453,93.1626,93.9121,2485
2024-01-01 00:23:29,93.9121,94.3018,93.472,94.4916,6571
2024-01-01 00:23:30,94.4916,94.6528,94.4467,94.977,3893
2024-01-01 00:23:31,94.977,95.7168,94.7134,94.2585,4129
2024-01-01 00:23:32,94.2585,94.5429,93.8994,94.1082,8970
2024-01-01 00:23:33,94.1082,94.4739,93.8924,94.5832,4104
2024-01-01 00:23:34,94.5832,94.7346,94.5072,94.7921,9015
2024-01-01 00:23:35,94.7921,95.1996,94.4497,94.1338,6041
2024-01-01 00:23:36,94.1338,94.1353,93.8378,92.8394,1268
2024-01-01 00:23:37,92.8394,92.9386,92.8159,91.6328,1701
2024-01-01 00:23:38,91.6328,91.7486,91.4254,91.347,9791
2024-01-01 00:23:39,91.347,91.5812,91.0291,90.8462,2180
2024-01-01 00:23:40,90.8462,90.8843,90.6538,91.1151,1750
2024-01-01 00:23:41,91.1151,91.135,90.6816,90.6506,1235
2024-01-01 00:23:42,90.6506,90.7354,90.4627,90.7257,8474
2024-01-01 00:23:43,90.7257,91.162,90.3591,91.557,2047
2024-01-01 00:23:44,91.557,91.6865,91.0195,91.655,4613
2024-01-01 00:23:45,91.655,91.8412,91.577,91.6711,6527
2024-01-01 00:23:46,91.6711,92.4598,91.5556,92.2061,9943
2024-01-01 00:23:47,92.2061,92.5773,91.7724,91.8075,4493
2024-01-01 00:23:48,91.8075,92.2082,91.7296,91.8674,3314
2024-01-01 00:23:49,91.8674,91.876,91.6856,92.0853,7060
2024-01-01 00:23:50,92.0853,92.1915,92.0081,91.5779,2637
2024-01-01 00:23:51,91.5779,91.6861,91.1676,91.513,7162
2024-01-01 00:23:52,91.513,91.5654,91.4793,91.5283,3939
2024-01-01 00:23:53,91.5283,91.9485,91.318,91.5329,5648
2024-01-01 00:23:54,91.5329,91.8065,91.4678,90.7482,4377
2024-01-01 00:23:55,90.7482,90.8966,90.5615,89.9882,8379
2024-01-01 00:23:56,89.9882,90.3597,89.9244,88.9844,3949
2024-01-01 00:23:57,88.9844,89.0689,88.5803,88.8958,2442
2024-01-01 00:23:58,88.8958,89.2715,88.8792,88.2867,4860
2024-01-01 00:23:59,88.2867,88.6012,87.4637,88.3258,2567
2024-01-01 00:24:00,88.3258,88.7321,87.97,87.5948,8605
2024-01-01 00:24:01,87.5948,87.6509,87.1581,87.5454,5528
2024-01-01 00:24:02,87.5454,87.5934,87.2033,87.7764,8772
2024-01-01 00:24:03,87.7764,87.9534,87.7736,88.5531,1706
2024-01-01 00:24:04,88.5531,88.6482,88.4958,89.0018,8424
2024-01-01 00:24:05,89.0018,89.4764,88.8693,89.3701,9804
2024-01-01 00:24:06,89.3701,89.8404,89.2217,89.764,4855
2024-01-01 00:24:07,89.764,89.8359,89.3684,89.7873,6340
2024-01-01 00:24:08,89.7873,90.0295,89.6131,89.0631,2804
2024-01-01 00:24:09,89.0631,89.1258,88.9421,88.8476,7759
2024-01-01 00:24:10,88.8476,89.06,88.7855,89.1795,8936
2024-01-01 00:24:11,89.1795,89.482,89.072,89.7342,4541
2024-01-01 00:24:12,89.7342,89.8789,89.6108,90.2295,4181
2024-01-01 00:24:13,90.2295,90.7814,89.6266,90.4056,4313
2024-01-01 00:24:14,90.4056,90.4713,90.1844,90.34,2820
2024-01-01 00:24:15,90.34,90.5381,90.0732,90.1703,3804
2024-01-01 00:24:16,90.1703,90.3813,90.1212,90.1932,3784
2024-01-01 00:24:17,90.1932,90.5288,90.0138,90.4735,4763
2024-01-01 00:24:18,90.4735,90.7794,89.4861,91.3176,8757
2024-01-01 00:24:19,91.3176,91.4438,91.1102,91.4293,8014
2024-01-01 00:24:20,91.4293,91.6542,91.245,91.3967,3440
2024-01-01 00:24:21,91.3967,91.9462,91.0659,91.9787,7844
2024-01-01 00:24:22,91.9787,91.9894,91.4741,92.1206,1550
2024-01-01 00:24:23,92.1206,92.3889,91.9854,92.2775,2605
2024-01-01 00:24:24,92.2775,92.343,92.2332,91.9231,7662
2024-01-01 00:24:25,91.9231,92.0753,91.8736,91.8947,5846
2024-01-01 00:24:26,91.8947,93.0033,91.4508,92.0219,3650
2024-01-01 00:24:27,92.0219,92.1933,91.4546,92.0962,1399
2024-01-01 00:24:28,92.0962,92.1456,91.7951,92.6483,4030
2024-01-01 00:24:29,92.6483,92.7198,92.3687,93.2444,8607
2024-01-01 00:24:30,93.2444,93.2594,93.0383,93.2369,6454
2024-01-01 00:24:31,93.2369,93.4838,93.1883,92.8833,5420
2024-01-01 00:24:32,92.8833,93.2746,92.7013,92.6626,2326
2024-01-01 00:24:33,92.6626,92.8599,92.4763,92.5075,1898
2024-01-01 00:24:34,92.5075,92.5684,92.4434,91.4149,7274
2024-01-01 00:24:35,91.4149,91.6917,91.1032,91.5376,6989
2024-01-01 00:24:36,91.5376,91.8603,91.4299,91.0548,4354
2024-01-01 00:24:37,91.0548,91.2296,90.8478,90.439,9841
2024-01-01 00:24:38,90.439,90.663,90.0723,90.8704,4437
2024-01-01 00:24:39,90.8704,90.8805,90.363,90.6246,6250
2024-01-01 00:24:40,90.6246,90.8136,90.522,90.3874,2038
2024-01-01 00:24:41,90.3874,90.617,90.1514,90.0227,9215
2024-01-01 00:24:42,90.0227,90.0483,89.9099,89.7704,9730
2024-01-01 00:24:43,89.7704,90.0359,89.5761,89.0412,7031
2024-01-01 00:24:44,89.0412,89.7293,88.7836,89.4131,2075
2024-01-01 00:24:45,89.4131,89.6483,88.8366,88.3042,2430
2024-01-01 00:24:46,88.3042,88.6136,88.1248,89.2397,2791
2024-01-01 00:24:47,89.2397,89.3143,89.1139,90.4561,3424
2024-01-01 00:24:48,90.4561,90.4702,90.0382,89.4367,5803
2024-01-01 00:24:49,89.4367,89.83,89.2092,89.3456,3163
2024-01-01 00:24:50,89.3456,89.3967,89.3408,88.8306,4097
2024-01-01 00:24:51,88.8306,89.3917,88.5963,88.7267,4806
2024-01-01 00:24:52,88.7267,89.0395,88.524,89.0347,6346
2024-01-01 00:24:53,89.0347,89.4772,88.9961,89.5987,9686
2024-01-01 00:24:54,89.5987,89.8716,89.5455,89.895,6021
2024-01-01 00:24:55,89.895,90.0049,89.6898,90.1458,8933
2024-01-01 00:24:56,90.1458,90.3241,90.0498,89.86,5659
2024-01-01 00:24:57,89.86,90.0341,89.8105,89.6262,3634
2024-01-01 00:24:58,89.6262,89.865,89.0606,89.5288,3514
2024-01-01 00:24:59,89.5288,89.608,89.4019,89.3686,6187
2024-01-01 00:25:00,89.3686,89.5146,89.2297,88.8875,1568
2024-01-01 00:25:01,88.8875,89.307,88.1725,89.135,3423
2024-01-01 00:25:02,89.135,89.4028,89.0023,88.7003,1408
2024-01-01 00:25:03,88.7003,88.9917,88.5011,89.0616,3381
2024-01-01 00:25:04,89.0616,89.2832,88.6191,90.1469,9948
2024-01-01 00:25:05,90.1469,90.4129,90.1058,91.2477,5842
2024-01-01 00:25:06,91.2477,91.2882,90.4564,90.8396,3409
2024-01-01 00:25:07,90.8396,90.9881,90.3784,90.3555,8243
2024-01-01 00:25:08,90.3555,90.4798,90.2704,90.2264,2914
2024-01-01 00:25:09,90.2264,90.3349,89.9424,90.2452,4610
2024-01-01 00:25:10,90.2452,90.2892,89.841,90.0375,9625
2024-01-01 00:25:11,90.0375,90.1599,89.3455,90.2802,5553
2024-01-01 00:25:12,90.2802,90.3983,90.0163,90.3501,2431
2024-01-01 00:25:13,90.3501,90.6471,90.3047,89.7404,9035
2024-01-01 00:25:14,89.7404,90.1128,89.1254,89.4589,6915
2024-01-01 00:25:15,89.4589,89.8396,89.1733,89.0782,8006
2024-01-01 00:25:16,89.0782,89.2899,89.0179,88.7484,8300
2024-01-01 00:25:17,88.7484,88.8388,88.6572,89.2026,8278
2024-01-01 00:25:18,89.2026,89.5131,89.0347,89.175,7944
2024-01-01 00:25:19,89.175,89.2166,88.8675,89.2807,2410
2024-01-01 00:25:20,89.2807,89.4809,88.9155,89.5441,6495
2024-01-01 00:25:21,89.5441,90.2408,89.2368,89.4996,7156
2024-01-01 00:25:22,89.4996,89.662,89.233,89.9356,8571
2024-01-01 00:25:23,89.9356,90.06,89.4479,89.6706,3243
2024-01-01 00:25:24,89.6706,90.2089,89.5851,89.9668,5947
2024-01-01 00:25:25,89.9668,90.0962,89.7467,90.5298,8593
2024-01-01 00:25:26,90.5298,91.054,90.386,90.6709,8742
2024-01-01 00:25:27,90.6709,90.9866,90.3584,91.0188,5713
2024-01-01 00:25:28,91.0188,91.1924,90.9332,90.514,2955
2024-01-01 00:25:29,90.514,90.5463,90.1658,90.1676,2093
2024-01-01 00:25:30,90.1676,90.3331,89.8489,89.7823,5225
2024-01-01 00:25:31,89.7823,90.0189,89.5366,89.8478,2959
2024-01-01 00:25:32,89.8478,90.1964,89.6166,89.2798,1958
2024-01-01 00:25:33,89.2798,89.4824,89.0148,89.3224,3219
2024-01-01 00:25:34,89.3224,89.3996,89.048,89.2194,6832
2024-01-01 00:25:35,89.2194,89.457,89.1443,89.764,2258
2024-01-01 00:25:36,89.764,89.8085,89.7096,88.9145,3738
2024-01-01 00:25:37,88.9145,89.5005,88.7494,89.118,5932
2024-01-01 00:25:38,89.118,89.578,88.877,89.014,6761
2024-01-01 00:25:39,89.014,89.0355,88.9707,89.4841,9489
2024-01-01 00:25:40,89.4841,89.9951,88.909,89.3138,3671
2024-01-01 00:25:41,89.3138,89.4529,89.2095,89.9053,4622
2024-01-01 00:25:42,89.9053,90.3708,89.4772,90.3419,9612
2024-01-01 00:25:43,90.3419,90.6108,89.9519,90.0664,2867
2024-01-01 00:25:44,90.0664,90.3978,89.9481,89.1002,1284
2024-01-01 00:25:45,89.1002,89.3573,89.0669,89.2775,6940
2024-01-01 00:25:46,89.2775,89.5259,88.9135,89.6243,6604
2024-01-01 00:25:47,89.6243,89.7444,89.3985,89.5769,2943
2024-01-01 00:25:48,89.5769,90.1595,89.4423,89.7473,3053
2024-01-01 00:25:49,89.7473,89.9583,88.9288,90.0268,7960
2024-01-01 00:25:50,90.0268,90.5161,89.5694,89.7087,8065
2024-01-01 00:25:51,89.7087,89.8469,89.6709,90.1138,9412
2024-01-01 00:25:52,90.1138,90.3003,90.0389,89.6449,5942
2024-01-01 00:25:53,89.6449,89.8938,89.208,89.564,3028
2024-01-01 00:25:54,89.564,89.6619,89.408,89.8612,6759
2024-01-01 00:25:55,89.8612,90.0266,89.8304,89.6753,5544
2024-01-01 00:25:56,89.6753,89.763,89.4869,90.1139,4962
2024-01-01 00:25:57,90.1139,90.2267,90.1104,90.6125,1229
2024-01-01 00:25:58,90.6125,90.6983,90.4329,89.8324,9800
2024-01-01 00:25:59,89.8324,90.3145,89.8193,89.7641,4506
2024-01-01 00:26:00,89.7641,90.0447,89.3056,90.6209,4033
2024-01-01 00:26:01,90.6209,91.322,90.3416,90.7433,3963
2024-01-01 00:26:02,90.7433,91.4725,90.423,91.4594,7677
2024-01-01 00:26:03,91.4594,92.1173,90.895,91.7352,3025
2024-01-01 00:26:04,91.7352,91.8124,91.4512,91.1435,5723
2024-01-01 00:26:05,91.1435,91.2244,91.1132,91.1559,6375
2024-01-01 00:26:06,91.1559,91.1676,90.684,90.6634,8273
2024-01-01 00:26:07,90.6634,90.7097,90.3601,90.8815,8011
2024-01-01 00:26:08,90.8815,90.9871,90.6969,90.9528,7020
2024-01-01 00:26:09,90.9528,91.4235,89.9639,90.4751,9055
2024-01-01 00:26:10,90.4751,90.7411,90.0289,90.2389,2953
2024-01-01 00:26:11,90.2389,90.4274,90.001,90.1323,2666
2024-01-01 00:26:12,90.1323,90.7649,89.9929,90.0755,4261
2024-01-01 00:26:13,90.0755,90.2887,89.7331,90.4903,7623
2024-01-01 00:26:14,90.4903,90.8894,90.4527,91.1744,5472
2024-01-01 00:26:15,91.1744,91.1957,90.6358,90.7753,7557
2024-01-01 00:26:16,90.7753,91.1248,89.9302,90.317,9379
2024-01-01 00:26:17,90.317,90.4096,89.8126,89.8607,2770
2024-01-01 00:26:18,89.8607,90.1023,89.7745,90.2778,1486
2024-01-01 00:26:19,90.2778,90.3579,90.2199,91.4638,2117
2024-01-01 00:26:20,91.4638,91.4646,91.2877,91.3474,6356
2024-01-01 00:26:21,91.3474,91.5875,91.0047,91.962,2578
2024-01-01 00:26:22,91.962,92.4024,91.6155,92.009,8635
2024-01-01 00:26:23,92.009,92.1405,91.5871,91.9362,9032
2024-01-01 00:26:24,91.9362,91.9475,91.7996,91.3112,1289
2024-01-01 00:26:25,91.3112,91.3839,91.2889,90.7307,8051
2024-01-01 00:26:26,90.7307,90.8341,90.172,90.9144,8250
2024-01-01 00:26:27,90.9144,90.9895,90.895,91.2162,5965
2024-01-01 00:26:28,91.2162,91.3353,90.9808,91.4404,7374
2024-01-01 00:26:29,91.4404,91.5844,91.429,91.623,9037
2024-01-01 00:26:30,91.623,92.0083,91.3165,91.2159,3560
2024-01-01 00:26:31,91.2159,91.5146,91.2033,90.9668,9105
2024-01-01 00:26:32,90.9668,91.125,90.7388,90.5573,5660
2024-01-01 00:26:33,90.5573,90.588,90.4925,89.7939,1739
2024-01-01 00:26:34,89.7939,90.0006,89.6487,90.1248,6591
2024-01-01 00:26:35,90.1248,90.3568,89.9085,89.5084,6855
2024-01-01 00:26:36,89.5084,89.5621,89.5004,89.3634,6113
2024-01-01 00:26:37,89.3634,89.9141,89.0015,89.7288,2073
2024-01-01 00:26:38,89.7288,89.8373,89.5486,89.8964,1612
2024-01-01 00:26:39,89.8964,90.477,89.7509,90.4408,9433
2024-01-01 00:26:40,90.4408,90.578,90.3077,90.7614,6185
2024-01-01 00:26:41,90.7614,90.976,90.554,90.1336,2601
2024-01-01 00:26:42,90.1336,90.2622,90.0105,90.2159,9237
2024-01-01 00:26:43,90.2159,90.3835,89.8035,89.8126,3730
2024-01-01 00:26:44,89.8126,90.0009,89.489,89.4559,2234
2024-01-01 00:26:45,89.4559,89.6558,89.1426,89.6853,5708
2024-01-01 00:26:46,89.6853,89.9362,89.2,89.6454,2506
2024-01-01 00:26:47,89.6454,89.7248,89.2593,89.2427,6518
2024-01-01 00:26:48,89.2427,89.6264,88.9321,89.1481,6690
2024-01-01 00:26:49,89.1481,89.2713,88.7303,89.0457,5945
2024-01-01 00:26:50,89.0457,89.0531,88.9111,88.6237,7788
2024-01-01 00:26:51,88.6237,88.9671,88.3817,88.2527,8425
2024-01-01 00:26:52,88.2527,88.5856,87.9436,87.9548,9457
2024-01-01 00:26:53,87.9548,88.2107,87.656,87.4765,4489
2024-01-01 00:26:54,87.4765,87.9501,87.2573,86.9812,9728
2024-01-01 00:26:55,86.9812,87.1937,86.4338,86.8315,8106
2024-01-01 00:26:56,86.8315,87.0244,86.6448,87.5698,8577
2024-01-01 00:26:57,87.5698,87.6725,87.4326,87.6928,5919
2024-01-01 00:26:58,87.6928,87.9487,87.2714,87.9793,4335
2024-01-01 00:26:59,87.9793,88.1134,87.7846,87.1324,5702
2024-01-01 00:27:00,87.1324,87.3158,86.8861,86.8985,2860
2024-01-01 00:27:01,86.8985,86.9403,86.841,86.5954,6087
2024-01-01 00:27:02,86.5954,86.6812,86.1969,85.971,1606
2024-01-01 00:27:03,85.971,86.0421,85.7424,86.2528,1477
2024-01-01 00:27:04,86.2528,86.7933,86.1515,86.2052,1691
2024-01-01 00:27:05,86.2052,86.5423,86.1271,85.9439,1326
2024-01-01 00:27:06,85.9439,86.1616,85.8453,86.9451,2041
2024-01-01 00:27:07,86.9451,87.1939,86.7657,87.3322,6954
2024-01-01 00:27:08,87.3322,87.8829,86.8744,86.8401,3302
2024-01-01 00:27:09,86.8401,86.8743,86.4513,87.4176,9196
2024-01-01 00:27:10,87.4176,87.5667,87.0683,87.9719,9605
2024-01-01 00:27:11,87.9719,87.979,87.3485,86.8968,4900
2024-01-01 00:27:12,86.8968,87.2001,86.6768,86.1994,7388
2024-01-01 00:27:13,86.1994,86.3696,85.7344,87.0703,7928
2024-01-01 00:27:14,87.0703,87.21,87.0166,87.1177,7690
2024-01-01 00:27:15,87.1177,87.1285,86.7175,87.5082,9034
2024-01-01 00:27:16,87.5082,87.6053,87.2223,86.7498,8780
2024-01-01 00:27:17,86.7498,87.0662,86.0463,87.1591,3374
2024-01-01 00:27:18,87.1591,87.5199,87.1323,86.6422,1570
2024-01-01 00:27:19,86.6422,86.8825,86.2712,86.5492,1895
2024-01-01 00:27:20,86.5492,87.0419,86.5245,86.2281,6067
2024-01-01 00:27:21,86.2281,86.5275,85.8711,86.861,2999
2024-01-01 00:27:22,86.861,86.9089,86.8257,86.5026,7438
2024-01-01 00:27:23,86.5026,87.105,86.2075,86.5248,5929
2024-01-01 00:27:24,86.5248,86.8245,86.506,87.3093,3625
2024-01-01 00:27:25,87.3093,87.6753,87.0956,87.6515,7656
2024-01-01 00:27:26,87.6515,87.8843,87.1945,87.7494,9055
2024-01-01 00:27:27,87.7494,88.054,87.6935,88.1687,6451
2024-01-01 00:27:28,88.1687,88.7697,87.9297,87.9605,5275
2024-01-01 00:27:29,87.9605,88.2397,87.9494,87.1172,9973
2024-01-01 00:27:30,87.1172,87.4459,87.0205,87.0751,4010
2024-01-01 00:27:31,87.0751,87.4381,86.6878,87.1031,3229
2024-01-01 00:27:32,87.1031,87.107,86.9687,87.4371,2815
2024-01-01 00:27:33,87.4371,87.635,87.1345,88.0524,3131
2024-01-01 00:27:34,88.0524,88.4267,87.9827,88.4877,8837
2024-01-01 00:27:35,88.4877,88.6002,88.3731,88.0647,3842
2024-01-01 00:27:36,88.0647,88.5836,88.0036,87.7062,7791
2024-01-01 00:27:37,87.7062,87.9083,87.4844,87.3894,7182
2024-01-01 00:27:38,87.3894,87.6014,87.2729,88.366,4747
2024-01-01 00:27:39,88.366,89.0421,87.9179,89.5667,4248
2024-01-01 00:27:40,89.5667,90.1513,89.1707,89.4944,5262
2024-01-01 00:27:41,89.4944,89.9413,88.8853,89.7079,3787
2024-01-01 00:27:42,89.7079,89.7567,89.645,89.9441,8433
2024-01-01 00:27:43,89.9441,90.1075,89.6343,89.4201,4677
2024-01-01 00:27:44,89.4201,89.6101,89.0814,89.3463,5717
2024-01-01 00:27:45,89.3463,89.3529,89.052,88.6806,8066
2024-01-01 00:27:46,88.6806,88.9994,88.436,89.1,4102
2024-01-01 00:27:47,89.1,89.3679,88.9491,89.0877,3391
2024-01-01 00:27:48,89.0877,89.2351,89.0578,90.432,5068
2024-01-01 00:27:49,90.432,90.7431,90.0992,90.9773,8506
2024-01-01 00:27:50,90.9773,91.1504,90.4159,91.4601,7513
2024-01-01 00:27:51,91.4601,91.6434,91.0227,90.4817,7935
2024-01-01 00:27:52,90.4817,90.7117,90.3955,90.4482,6453
2024-01-01 00:27:53,90.4482,90.7555,90.3061,90.5463,6804
2024-01-01 00:27:54,90.5463,90.5608,90.1497,91.7297,1745
2024-01-01 00:27:55,91.7297,92.085,91.7177,91.5916,7241
2024-01-01 00:27:56,91.5916,91.876,91.0494,91.4293,1673
2024-01-01 00:27:57,91.4293,91.6331,91.3164,92.3808,9253
2024-01-01 00:27:58,92.3808,92.3931,92.2534,91.9261,9690
2024-01-01 00:27:59,91.9261,92.1387,91.8308,91.9693,6132
2024-01-01 00:28:00,91.9693,92.0123,91.5752,92.2208,6907
2024-01-01 00:28:01,92.2208,92.4397,92.1114,91.536,5312
2024-01-01 00:28:02,91.536,91.867,91.5136,90.8937,3703
2024-01-01 00:28:03,90.8937,91.2815,90.0058,91.3253,3478
2024-01-01 00:28:04,91.3253,91.558,91.1142,90.262,4095
2024-01-01 00:28:05,90.262,90.391,90.0877,89.8544,1587
2024-01-01 00:28:06,89.8544,89.8877,89.7086,89.5608,9108
2024-01-01 00:28:07,89.5608,89.8333,89.4894,89.6117,8949
2024-01-01 00:28:08,89.6117,89.6501,89.5796,89.376,6727
2024-01-01 00:28:09,89.376,89.8785,89.041,89.098,3959
2024-01-01 00:28:10,89.098,89.528,88.928,89.5216,4479
2024-01-01 00:28:11,89.5216,90.2145,89.1203,88.9438,9618
2024-01-01 00:28:12,88.9438,89.1321,88.7459,88.9771,9161
2024-01-01 00:28:13,88.9771,89.255,88.4151,88.7969,1425
2024-01-01 00:28:14,88.7969,89.6239,88.5879,88.4954,2737
2024-01-01 00:28:15,88.4954,88.5855,88.3473,88.8308,2328
2024-01-01 00:28:16,88.8308,88.9471,88.4121,88.0709,5412
2024-01-01 00:28:17,88.0709,88.0978,88.0528,88.1597,1718
2024-01-01 00:28:18,88.1597,88.7719,87.939,87.4772,3118
2024-01-01 00:28:19,87.4772,87.5,87.3852,88.1999,5635
2024-01-01 00:28:20,88.1999,88.2908,87.5326,88.1249,7248
2024-01-01 00:28:21,88.1249,88.3173,87.9984,88.6544,4933
2024-01-01 00:28:22,88.6544,88.7853,88.1574,89.6319,3669
2024-01-01 00:28:23,89.6319,89.8646,89.4357,90.1517,3525
2024-01-01 00:28:24,90.1517,90.3913,89.6565,90.5737,6080
2024-01-01 00:28:25,90.5737,90.9094,90.3417,90.9473,6882
2024-01-01 00:28:26,90.9473,91.436,90.6004,90.4692,7358
2024-01-01 00:28:27,90.4692,90.851,90.4123,90.4231,7931
2024-01-01 00:28:28,90.4231,90.5919,90.2928,90.8651,7979
2024-01-01 00:28:29,90.8651,91.1655,90.6666,91.1016,8594
2024-01-01 00:28:30,91.1016,91.4894,90.9446,90.7796,9638
2024-01-01 00:28:31,90.7796,91.0308,90.5136,89.6545,5762
2024-01-01 00:28:32,89.6545,89.6787,89.5738,89.4554,3093
2024-01-01 00:28:33,89.4554,89.5571,89.2231,89.0547,5073
2024-01-01 00:28:34,89.0547,89.091,88.9403,88.6406,1738
2024-01-01 00:28:35,88.6406,88.998,88.6104,88.6995,7766
2024-01-01 00:28:36,88.6995,88.9463,88.4911,89.309,5175
2024-01-01 00:28:37,89.309,89.7499,89.0461,89.1496,1266
2024-01-01 00:28:38,89.1496,89.4394,89.0681,89.7049,7438
2024-01-01 00:28:39,89.7049,90.0037,89.6176,89.9915,5876
2024-01-01 00:28:40,89.9915,90.4346,89.9763,89.6777,5342
2024-01-01 00:28:41,89.6777,90.0421,89.1141,89.1316,4066
2024-01-01 00:28:42,89.1316,89.2491,88.9006,89.1805,2742
2024-01-01 00:28:43,89.1805,89.2327,89.1575,89.1372,7470
2024-01-01 00:28:44,89.1372,89.2604,88.6817,89.3653,8974
2024-01-01 00:28:45,89.3653,89.5443,88.8458,89.4752,6910
2024-01-01 00:28:46,89.4752,90.193,89.2294,89.0073,2435
2024-01-01 00:28:47,89.0073,89.0427,88.9718,88.2019,2833
2024-01-01 00:28:48,88.2019,88.6257,88.1754,88.5127,8882
2024-01-01 00:28:49,88.5127,88.7712,88.1634,88.6206,8139
2024-01-01 00:28:50,88.6206,89.117,88.497,89.161,8592
2024-01-01 00:28:51,89.161,89.3485,88.9091,89.1101,2908
2024-01-01 00:28:52,89.1101,89.2592,88.8832,89.2548,8724
2024-01-01 00:28:53,89.2548,89.5801,89.2145,88.023,4975
2024-01-01 00:28:54,88.023,88.3944,87.9742,88.2184,1129
2024-01-01 00:28:55,88.2184,88.6834,87.8685,88.0787,8074
2024-01-01 00:28:56,88.0787,88.1536,88.046,89.0422,5764
2024-01-01 00:28:57,89.0422,89.3371,88.9723,88.3714,9410
2024-01-01 00:28:58,88.3714,88.5947,88.1319,87.7933,8993
2024-01-01 00:28:59,87.7933,87.8053,87.6878,86.9632,1311
2024-01-01 00:29:00,86.9632,87.0862,86.3789,86.5788,7834
2024-01-01 00:29:01,86.5788,86.6936,86.4828,86.9894,6681
2024-01-01 00:29:02,86.9894,87.0919,86.7341,86.4821,8688
2024-01-01 00:29:03,86.4821,86.6033,86.3009,87.1652,4599
2024-01-01 00:29:04,87.1652,87.4038,86.6469,86.5176,8675
2024-01-01 00:29:05,86.5176,86.6874,86.3341,86.0549,7395
2024-01-01 00:29:06,86.0549,86.1968,85.8279,86.971,8738
2024-01-01 00:29:07,86.971,87.149,86.4202,86.2498,4394
2024-01-01 00:29:08,86.2498,86.7385,86.1713,86.0814,4268
2024-01-01 00:29:09,86.0814,86.2753,85.7909,85.8534,7815
2024-01-01 00:29:10,85.8534,85.976,85.8167,86.3998,1297
2024-01-01 00:29:11,86.3998,86.5471,86.219,87.0348,3598
2024-01-01 00:29:12,87.0348,87.5639,86.4909,87.4861,6533
2024-01-01 00:29:13,87.4861,87.8632,87.3105,87.4663,2977
2024-01-01 00:29:14,87.4663,87.5978,86.9408,86.9324,1764
2024-01-01 00:29:15,86.9324,86.9806,86.5526,86.8975,3476
2024-01-01 00:29:16,86.8975,87.3834,86.7859,87.5128,1826
2024-01-01 00:29:17,87.5128,87.8012,87.3696,87.3699,8489
2024-01-01 00:29:18,87.3699,87.487,86.8532,88.1864,2669
2024-01-01 00:29:19,88.1864,88.2256,88.1078,88.0481,2727
2024-01-01 00:29:20,88.0481,88.1785,87.9695,88.1729,5786
2024-01-01 00:29:21,88.1729,88.305,87.6821,88.6281,9165
2024-01-01 00:29:22,88.6281,88.7645,88.465,88.6031,3257
2024-01-01 00:29:23,88.6031,88.7474,88.4625,88.2429,7811
2024-01-01 00:29:24,88.2429,88.2771,88.0702,88.2498,5698
2024-01-01 00:29:25,88.2498,88.3764,88.2458,87.7619,7101
2024-01-01 00:29:26,87.7619,88.0652,87.6072,87.6496,9677
2024-01-01 00:29:27,87.6496,87.8399,87.5476,87.377,8025
2024-01-01 00:29:28,87.377,87.5363,86.8098,86.938,6927
2024-01-01 00:29:29,86.938,87.2423,86.8257,87.1886,1162
2024-01-01 00:29:30,87.1886,87.5432,86.9416,87.0667,7580
2024-01-01 00:29:31,87.0667,87.2453,87.0464,87.2591,2007
2024-01-01 00:29:32,87.2591,87.3104,87.1074,87.1514,1947
2024-01-01 00:29:33,87.1514,87.9826,87.0343,87.0176,9516
2024-01-01 00:29:34,87.0176,87.0711,86.6665,87.5312,5986
2024-01-01 00:29:35,87.5312,87.5775,87.275,87.0204,6638
2024-01-01 00:29:36,87.0204,87.0325,86.3556,87.425,7618
2024-01-01 00:29:37,87.425,87.6168,87.3576,87.2295,9919
2024-01-01 00:29:38,87.2295,87.5227,86.9714,86.7369,7627
2024-01-01 00:29:39,86.7369,86.8353,86.1258,86.9005,2380
2024-01-01 00:29:40,86.9005,86.9628,86.8238,87.3396,3064
2024-01-01 00:29:41,87.3396,87.7108,87.2916,86.5289,4501
2024-01-01 00:29:42,86.5289,86.7382,86.0288,87.0576,3621
2024-01-01 00:29:43,87.0576,87.6815,86.9651,86.9452,9846
2024-01-01 00:29:44,86.9452,87.0676,86.8722,86.6346,9278
2024-01-01 00:29:45,86.6346,86.7157,86.5671,85.8387,7110
2024-01-01 00:29:46,85.8387,86.1951,85.4795,85.8022,3043
2024-01-01 00:29:47,85.8022,86.1732,85.6784,86.3921,1085
2024-01-01 00:29:48,86.3921,86.6405,86.0848,85.0267,9737
2024-01-01 00:29:49,85.0267,85.1492,84.8452,83.6151,5902
2024-01-01 00:29:50,83.6151,84.1286,83.5169,83.4264,7187
2024-01-01 00:29:51,83.4264,83.651,83.3985,82.6975,6371
2024-01-01 00:29:52,82.6975,82.7177,82.6386,82.3722,3401
2024-01-01 00:29:53,82.3722,82.5067,81.8252,81.8307,2342
2024-01-01 00:29:54,81.8307,82.0035,81.6879,82.2707,2279
2024-01-01 00:29:55,82.2707,82.5205,82.0023,82.5243,9502
2024-01-01 00:29:56,82.5243,83.1227,82.156,82.7069,8210
2024-01-01 00:29:57,82.7069,82.9795,82.0307,82.3475,7830
2024-01-01 00:29:58,82.3475,82.4973,82.0177,82.4724,3119
2024-01-01 00:29:59,82.4724,82.8251,82.4006,83.037,9669
2024-01-01 00:30:00,83.037,83.1771,82.5469,83.2919,7051
2024-01-01 00:30:01,83.2919,83.4249,83.2206,83.4299,7694
2024-01-01 00:30:02,83.4299,83.6141,83.3401,83.7993,2929
2024-01-01 00:30:03,83.7993,84.436,83.1337,84.3888,5968
2024-01-01 00:30:04,84.3888,84.4576,84.0615,84.3563,7910
2024-01-01 00:30:05,84.3563,84.9627,84.1649,85.0405,5644
2024-01-01 00:30:06,85.0405,85.5824,84.8876,85.2389,6712
2024-01-01 00:30:07,85.2389,85.3216,85.2015,85.2569,8883
2024-01-01 00:30:08,85.2569,85.4286,84.8331,84.6779,8786
2024-01-01 00:30:09,84.6779,84.9655,84.1878,84.1667,3175
2024-01-01 00:30:10,84.1667,84.5214,83.8485,84.2112,8357
2024-01-01 00:30:11,84.2112,84.4982,83.8215,84.344,2463
2024-01-01 00:30:12,84.344,84.7658,84.1599,84.5715,7478
2024-01-01 00:30:13,84.5715,84.6202,84.4936,84.7673,8259
2024-01-01 00:30:14,84.7673,85.1979,84.4542,84.7036,6060
2024-01-01 00:30:15,84.7036,84.8466,84.6459,84.1189,2395
2024-01-01 00:30:16,84.1189,84.5085,84.0313,84.3646,9548
2024-01-01 00:30:17,84.3646,84.4913,84.048,84.2881,1305
2024-01-01 00:30:18,84.2881,84.7708,84.263,85.1417,4371
2024-01-01 00:30:19,85.1417,85.1556,84.6727,85.2302,8278
2024-01-01 00:30:20,85.2302,85.4181,85.0589,85.7624,9052
2024-01-01 00:30:21,85.7624,85.8045,85.7128,86.3649,8160
2024-01-01 00:30:22,86.3649,86.4249,86.0751,86.4116,2491
2024-01-01 00:30:23,86.4116,86.5147,86.3211,86.326,3755
2024-01-01 00:30:24,86.326,86.5119,86.3061,86.256,7672
2024-01-01 00:30:25,86.256,86.3013,86.1618,85.9685,6329
2024-01-01 00:30:26,85.9685,86.3994,85.9278,86.2985,3334
2024-01-01 00:30:27,86.2985,86.5252,86.1602,86.5162,7152
2024-01-01 00:30:28,86.5162,86.747,86.3058,87.5166,4874
2024-01-01 00:30:29,87.5166,88.0174,87.4945,87.6351,7308
2024-01-01 00:30:30,87.6351,87.7094,87.4766,88.0113,2072
2024-01-01 00:30:31,88.0113,88.3167,87.9808,88.5883,4829
2024-01-01 00:30:32,88.5883,88.6183,88.2126,88.6714,2663
2024-01-01 00:30:33,88.6714,88.6802,88.2899,88.45,3057
2024-01-01 00:30:34,88.45,88.7387,88.0815,88.2781,4333
2024-01-01 00:30:35,88.2781,88.3122,88.1154,88.6356,9854
2024-01-01 00:30:36,88.6356,88.6839,88.3293,89.5046,8401
2024-01-01 00:30:37,89.5046,90.0348,89.3621,89.3819,5739
2024-01-01 00:30:38,89.3819,89.5308,88.7524,89.2088,5477
2024-01-01 00:30:39,89.2088,89.6775,88.8778,89.6255,7228
2024-01-01 00:30:40,89.6255,89.6282,89.4922,90.5867,5609
2024-01-01 00:30:41,90.5867,91.0586,90.448,91.5189,2145
2024-01-01 00:30:42,91.5189,91.8047,91.4011,91.362,5578
2024-01-01 00:30:43,91.362,91.511,91.2191,91.5534,9270
2024-01-01 00:30:44,91.5534,91.6228,91.4397,91.9755,5282
2024-01-01 00:30:45,91.9755,92.4422,91.9155,91.5586,5473
2024-01-01 00:30:46,91.5586,92.4149,91.3773,91.5951,6381
2024-01-01 00:30:47,91.5951,92.0531,91.5493,92.0605,1033
2024-01-01 00:30:48,92.0605,92.078,91.8756,92.0246,9011
2024-01-01 00:30:49,92.0246,92.0538,91.6529,92.0432,2270
2024-01-01 00:30:50,92.0432,92.1956,91.9119,91.018,3022
2024-01-01 00:30:51,91.018,91.3491,90.5799,90.5214,6864
2024-01-01 00:30:52,90.5214,90.8959,90.1949,89.7975,3044
2024-01-01 00:30:53,89.7975,90.4822,89.634,88.4689,8283
2024-01-01 00:30:54,88.4689,88.498,88.4449,89.2919,6862
2024-01-01 00:30:55,89.2919,89.4903,88.7765,88.5376,5967
2024-01-01 00:30:56,88.5376,88.7356,87.7591,88.6645,1602
2024-01-01 00:30:57,88.6645,88.7894,88.0264,88.5016,4425
2024-01-01 00:30:58,88.5016,88.5403,88.4078,89.9409,5544
2024-01-01 00:30:59,89.9409,90.2586,89.7936,89.7556,4174
2024-01-01 00:31:00,89.7556,90.0825,89.596,89.409,2070
2024-01-01 00:31:01,89.409,89.8314,89.1477,88.8211,3087
2024-01-01 00:31:02,88.8211,89.2101,88.7707,88.7818,5494
2024-01-01 00:31:03,88.7818,88.9432,88.36,89.3844,9731
2024-01-01 00:31:04,89.3844,89.683,89.3705,88.816,7997
2024-01-01 00:31:05,88.816,89.2705,88.2598,88.795,1849
2024-01-01 00:31:06,88.795,89.0055,88.6237,89.0632,2994
2024-01-01 00:31:07,89.0632,89.2061,88.7587,88.6393,6922
2024-01-01 00:31:08,88.6393,88.649,88.6226,88.4911,7882
2024-01-01 00:31:09,88.4911,88.7473,88.4382,88.3385,7420
2024-01-01 00:31:10,88.3385,88.455,88.2773,88.409,4696
2024-01-01 00:31:11,88.409,88.721,88.3658,88.3596,2219
2024-01-01 00:31:12,88.3596,88.4586,88.308,88.6467,2584
2024-01-01 00:31:13,88.6467,88.9609,88.5911,88.805,1393
2024-01-01 00:31:14,88.805,89.0362,88.6899,88.2187,2766
2024-01-01 00:31:15,88.2187,88.966,88.0935,88.5463,1891
2024-01-01 00:31:16,88.5463,88.8734,88.5366,88.8097,8184
2024-01-01 00:31:17,88.8097,88.8469,88.391,89.0036,3045
2024-01-01 00:31:18,89.0036,89.0579,88.7492,89.1556,2065
2024-01-01 00:31:19,89.1556,89.1775,89.0505,89.2458,8240
2024-01-01 00:31:20,89.2458,89.3849,89.1193,89.8923,1914
2024-01-01 00:31:21,89.8923,90.1259,89.8011,89.9885,7249
2024-01-01 00:31:22,89.9885,90.2293,89.4798,89.4236,1173
2024-01-01 00:31:23,89.4236,89.7445,89.3269,89.9535,8014
2024-01-01 00:31:24,89.9535,90.239,89.5763,90.4598,1425
2024-01-01 00:31:25,90.4598,90.7163,90.3837,91.4557,4153
2024-01-01 00:31:26,91.4557,91.4853,91.3638,91.5169,4172
2024-01-01 00:31:27,91.5169,91.6453,91.4289,90.8643,9337
2024-01-01 00:31:28,90.8643,91.1777,90.8126,90.8437,4983
2024-01-01 00:31:29,90.8437,90.9021,90.7751,90.3083,3091
2024-01-01 00:31:30,90.3083,90.6055,89.8216,90.1062,6098
2024-01-01 00:31:31,90.1062,90.4301,89.9183,89.8965,3385
2024-01-01 00:31:32,89.8965,90.1025,89.7379,90.1546,1132
2024-01-01 00:31:33,90.1546,90.5912,90.1059,90.5549,3369
2024-01-01 00:31:34,90.5549,90.6807,90.2522,91.1115,7915
2024-01-01 00:31:35,91.1115,91.5683,90.4285,90.2606,4297
2024-01-01 00:31:36,90.2606,90.5282,90.0325,90.3611,8657
2024-01-01 00:31:37,90.3611,90.579,90.2033,89.6911,6499
2024-01-01 00:31:38,89.6911,89.8994,89.5182,89.3028,1691
2024-01-01 00:31:39,89.3028,89.9768,89.2856,89.7716,4654
2024-01-01 00:31:40,89.7716,90.0867,89.6928,89.5758,6431
2024-01-01 00:31:41,89.5758,89.6784,89.3031,90.1329,7558
2024-01-01 00:31:42,90.1329,90.9657,90.0565,90.7413,1491
2024-01-01 00:31:43,90.7413,90.8979,90.6853,90.8899,8215
2024-01-01 00:31:44,90.8899,91.2641,90.8811,91.1171,1486
2024-01-01 00:31:45,91.1171,91.1942,90.8843,90.968,4587
2024-01-01 00:31:46,90.968,91.2832,90.764,91.5667,3925
2024-01-01 00:31:47,91.5667,91.6289,91.3906,92.1039,5289
2024-01-01 00:31:48,92.1039,92.1368,91.975,92.1911,2818
2024-01-01 00:31:49,92.1911,92.2998,92.016,91.7529,8474
2024-01-01 00:31:50,91.7529,92.2982,91.3737,91.8092,8106
2024-01-01 00:31:51,91.8092,91.8888,91.7329,90.8007,3366
2024-01-01 00:31:52,90.8007,90.9074,90.6637,90.9968,7131
2024-01-01 00:31:53,90.9968,91.1284,90.7075,91.5696,5006
2024-01-01 00:31:54,91.5696,91.812,91.0671,92.3158,5819
2024-01-01 00:31:55,92.3158,92.3816,92.0567,91.8038,1872
2024-01-01 00:31:56,91.8038,91.9805,91.5534,91.5253,9011
2024-01-01 00:31:57,91.5253,91.5566,91.4057,91.9504,8711
2024-01-01 00:31:58,91.9504,92.3512,91.803,92.1264,9342
2024-01-01 00:31:59,92.1264,92.3818,91.8686,92.5568,3932
2024-01-01 00:32:00,92.5568,92.818,92.3943,92.3458,9106
2024-01-01 00:32:01,92.3458,92.7362,92.2808,91.6006,1599
2024-01-01 00:32:02,91.6006,92.2145,91.3912,91.8826,4581
2024-01-01 00:32:03,91.8826,92.0993,91.2925,91.991,3575
2024-01-01 00:32:04,91.991,92.1055,91.8379,92.4358,2376
2024-01-01 00:32:05,92.4358,92.5371,92.0874,92.3519,4771
2024-01-01 00:32:06,92.3519,92.5209,92.123,91.8685,8660
2024-01-01 00:32:07,91.8685,92.1302,91.7503,91.5051,9151
2024-01-01 00:32:08,91.5051,91.7739,91.4113,91.3045,2243
2024-01-01 00:32:09,91.3045,91.3833,91.2082,91.6342,9220
2024-01-01 00:32:10,91.6342,91.6688,91.481,90.9182,2612
2024-01-01 00:32:11,90.9182,91.1266,90.7259,89.8043,9946
2024-01-01 00:32:12,89.8043,89.9932,89.6826,89.9059,5496
2024-01-01 00:32:13,89.9059,90.0547,89.5256,90.2789,3258
2024-01-01 00:32:14,90.2789,90.2839,90.2366,91.1143,1139
2024-01-01 00:32:15,91.1143,91.145,90.8721,90.0132,6679
2024-01-01 00:32:16,90.0132,90.3117,89.6853,90.1183,1194
2024-01-01 00:32:17,90.1183,90.4724,90.0554,90.4859,3445
2024-01-01 00:32:18,90.4859,90.6472,90.4516,90.7243,4829
2024-01-01 00:32:19,90.7243,91.2485,90.672,90.3859,8679
2024-01-01 00:32:20,90.3859,90.7147,90.3182,90.2903,4077
2024-01-01 00:32:21,90.2903,90.9356,89.9806,89.8719,7843
2024-01-01 00:32:22,89.8719,90.1894,89.6006,90.0092,3102
2024-01-01 00:32:23,90.0092,90.1771,89.5479,89.8352,9188
2024-01-01 00:32:24,89.8352,90.3636,89.6679,90.1864,7608
2024-01-01 00:32:25,90.1864,90.2234,89.7284,90.6268,5909
2024-01-01 00:32:26,90.6268,90.6846,90.4774,90.5769,3518
2024-01-01 00:32:27,90.5769,91.5308,90.4396,89.4749,7404
2024-01-01 00:32:28,89.4749,89.5001,89.1881,89.8102,4085
2024-01-01 00:32:29,89.8102,90.0748,89.7679,90.2024,8397
2024-01-01 00:32:30,90.2024,90.3984,89.9893,89.9287,3910
2024-01-01 00:32:31,89.9287,90.378,89.837,90.5887,9005
2024-01-01 00:32:32,90.5887,90.6222,90.3372,90.9171,4373
2024-01-01 00:32:33,90.9171,90.9639,90.4792,90.6561,2146
2024-01-01 00:32:34,90.6561,90.737,90.3899,90.1959,7731
2024-01-01 00:32:35,90.1959,90.8984,89.6229,90.2267,3115
2024-01-01 00:32:36,90.2267,90.3044,89.548,89.6713,4382
2024-01-01 00:32:37,89.6713,89.8107,89.523,90.1929,8081
2024-01-01 00:32:38,90.1929,90.5967,89.9801,90.4988,6084
2024-01-01 00:32:39,90.4988,90.8011,90.3136,91.0484,8519
2024-01-01 00:32:40,91.0484,91.0846,90.9803,91.0387,7541
2024-01-01 00:32:41,91.0387,91.2173,90.9004,91.1807,6388
2024-01-01 00:32:42,91.1807,91.5102,90.7999,92.0498,2492
2024-01-01 00:32:43,92.0498,92.1959,91.4483,92.2119,8476
2024-01-01 00:32:44,92.2119,92.6854,92.1333,91.6626,3869
2024-01-01 00:32:45,91.6626,91.8251,91.5666,91.1821,8079
2024-01-01 00:32:46,91.1821,91.3548,91.0241,90.1211,7447
2024-01-01 00:32:47,90.1211,90.1495,90.0361,90.7136,3587
2024-01-01 00:32:48,90.7136,91.1308,90.5398,90.6089,4559
2024-01-01 00:32:49,90.6089,90.8683,90.4414,91.6842,2986
2024-01-01 00:32:50,91.6842,91.6877,91.2803,91.8836,6341
2024-01-01 00:32:51,91.8836,92.0357,91.7872,92.4073,4397
2024-01-01 00:32:52,92.4073,92.42,91.9933,91.8508,8567
2024-01-01 00:32:53,91.8508,92.2153,91.5135,92.1926,4185
2024-01-01 00:32:54,92.1926,92.2192,91.6895,92.1341,6359
2024-01-01 00:32:55,92.1341,92.295,91.8401,92.8704,8558
2024-01-01 00:32:56,92.8704,93.0277,92.8349,93.4438,3297
2024-01-01 00:32:57,93.4438,93.6824,93.3995,94.6663,3643
2024-01-01 00:32:58,94.6663,94.7166,94.4642,94.712,9759
2024-01-01 00:32:59,94.712,94.7218,94.53,94.9584,1183
2024-01-01 00:33:00,94.9584,95.1139,94.8267,94.8312,1564
2024-01-01 00:33:01,94.8312,95.1201,94.6003,95.1031,8242
2024-01-01 00:33:02,95.1031,95.6424,94.9412,94.7906,2684
2024-01-01 00:33:03,94.7906,94.9897,94.6272,94.1277,1858
2024-01-01 00:33:04,94.1277,94.1825,93.9832,93.9989,5091
2024-01-01 00:33:05,93.9989,94.1552,93.8419,94.2326,2497
2024-01-01 00:33:06,94.2326,94.2398,93.6789,94.351,2035
2024-01-01 00:33:07,94.351,94.4651,93.741,94.4357,3750
2024-01-01 00:33:08,94.4357,94.5245,93.8857,94.4113,6286
2024-01-01 00:33:09,94.4113,94.5912,94.3374,94.3392,4393
2024-01-01 00:33:10,94.3392,94.4598,94.143,94.7984,2734
2024-01-01 00:33:11,94.7984,94.9134,94.6531,94.9576,7588
2024-01-01 00:33:12,94.9576,94.996,94.9086,94.9136,5562
2024-01-01 00:33:13,94.9136,95.0829,94.6808,95.2565,2103
2024-01-01 00:33:14,95.2565,95.46,95.2177,95.6434,2668
2024-01-01 00:33:15,95.6434,95.7673,95.127,95.0586,3809
2024-01-01 00:33:16,95.0586,95.1924,94.8678,95.0559,7366
2024-01-01 00:33:17,95.0559,95.4077,94.3332,95.6862,3177
2024-01-01 00:33:18,95.6862,96.057,95.4905,95.3361,8899
2024-01-01 00:33:19,95.3361,95.3877,95.3128,95.0447,8354
2024-01-01 00:33:20,95.0447,95.3338,95.0007,94.516,1217
2024-01-01 00:33:21,94.516,94.5613,94.1032,95.1773,3032
2024-01-01 00:33:22,95.1773,95.6351,95.1583,94.8816,1981
2024-01-01 00:33:23,94.8816,95.1105,94.6134,94.187,4309
2024-01-01 00:33:24,94.187,94.3524,93.5261,94.3829,8270
2024-01-01 00:33:25,94.3829,94.401,94.1157,94.6503,5556
2024-01-01 00:33:26,94.6503,95.1311,94.1352,94.2883,7797
2024-01-01 00:33:27,94.2883,94.4362,94.0899,94.5065,1388
2024-01-01 00:33:28,94.5065,94.9897,94.3944,94.6133,1885
2024-01-01 00:33:29,94.6133,94.9828,94.3677,94.8967,5068
2024-01-01 00:33:30,94.8967,95.3358,94.7918,95.1419,9543
2024-01-01 00:33:31,95.1419,95.283,94.85,96.1419,1099
2024-01-01 00:33:32,96.1419,96.2797,96.0479,96.6762,3318
2024-01-01 00:33:33,96.6762,96.8201,96.6174,96.6292,3845
2024-01-01 00:33:34,96.6292,96.9403,96.4288,95.8413,2280
2024-01-01 00:33:35,95.8413,96.1424,95.6908,95.6888,3689
2024-01-01 00:33:36,95.6888,95.9101,95.5876,95.6224,5675
2024-01-01 00:33:37,95.6224,96.3196,95.2593,95.9611,4299
2024-01-01 00:33:38,95.9611,96.4792,95.2562,95.8417,7524
2024-01-01 00:33:39,95.8417,96.085,95.6065,96.4878,7925
2024-01-01 00:33:40,96.4878,96.5041,96.4518,95.6735,8897
2024-01-01 00:33:41,95.6735,95.9653,95.637,94.7501,2363
2024-01-01 00:33:42,94.7501,95.4259,94.6073,94.8129,3878
2024-01-01 00:33:43,94.8129,94.8282,94.4784,94.6508,8431
2024-01-01 00:33:44,94.6508,95.028,94.3826,94.5176,8688
2024-01-01 00:33:45,94.5176,94.741,93.8881,94.5717,1068
2024-01-01 00:33:46,94.5717,94.6002,94.5179,95.1591,7812
2024-01-01 00:33:47,95.1591,95.9,94.8673,94.5846,7113
2024-01-01 00:33:48,94.5846,94.7559,94.4696,94.2646,1636
2024-01-01 00:33:49,94.2646,94.4191,94.2573,94.2495,3660
2024-01-01 00:33:50,94.2495,94.5512,94.2276,94.4333,6711
2024-01-01 00:33:51,94.4333,94.7801,94.4123,95.5379,7032
2024-01-01 00:33:52,95.5379,95.9487,95.0998,95.2984,4970
2024-01-01 00:33:53,95.2984,95.9685,95.204,94.9351,6921
2024-01-01 00:33:54,94.9351,95.2655,94.7951,94.4242,5281
2024-01-01 00:33:55,94.4242,94.9926,93.9808,93.7431,3414
2024-01-01 00:33:56,93.7431,94.1503,93.1935,93.7248,1202
2024-01-01 00:33:57,93.7248,93.8229,93.6364,93.4384,7297
2024-01-01 00:33:58,93.4384,93.6773,93.1436,92.9068,4093
2024-01-01 00:33:59,92.9068,93.0353,92.7799,92.5545,7993
2024-01-01 00:34:00,92.5545,92.809,92.1238,92.5468,7271
2024-01-01 00:34:01,92.5468,92.9653,92.2955,92.399,2456
2024-01-01 00:34:02,92.399,92.647,92.237,92.9032,5407
2024-01-01 00:34:03,92.9032,92.9087,92.2113,92.0264,7520
2024-01-01 00:34:04,92.0264,92.0587,91.8552,92.0085,2587
2024-01-01 00:34:05,92.0085,92.4278,91.8117,92.5154,9600
2024-01-01 00:34:06,92.5154,92.6389,92.3458,92.158,4053
2024-01-01 00:34:07,92.158,92.2147,91.9669,92.2889,3981
2024-01-01 00:34:08,92.2889,92.2913,92.0997,92.0473,4292
2024-01-01 00:34:09,92.0473,92.2249,91.9783,91.9059,4143
2024-01-01 00:34:10,91.9059,92.5518,91.552,91.8426,2789
2024-01-01 00:34:11,91.8426,91.965,91.7095,92.2233,5802
2024-01-01 00:34:12,92.2233,92.3027,92.1556,92.4448,4846
2024-01-01 00:34:13,92.4448,92.8889,92.3827,92.493,2651
2024-01-01 00:34:14,92.493,92.5071,92.0666,92.8856,1685
2024-01-01 00:34:15,92.8856,93.1848,92.6771,92.6802,1118
2024-01-01 00:34:16,92.6802,92.9362,92.451,92.25,8961
2024-01-01 00:34:17,92.25,92.5182,92.2045,92.1572,8036
2024-01-01 00:34:18,92.1572,92.5457,92.0131,91.7657,4925
2024-01-01 00:34:19,91.7657,92.1793,91.6049,92.1285,7200
2024-01-01 00:34:20,92.1285,92.652,91.7488,91.0847,1050
2024-01-01 00:34:21,91.0847,91.5322,90.9605,90.4364,3275
2024-01-01 00:34:22,90.4364,90.4611,89.7131,90.6891,5072
2024-01-01 00:34:23,90.6891,90.9711,90.3828,90.4542,8785
2024-01-01 00:34:24,90.4542,90.4954,90.0266,89.7228,6278
2024-01-01 00:34:25,89.7228,90.0048,89.6932,89.7368,1749
2024-01-01 00:34:26,89.7368,89.8297,89.6411,90.5378,8938
2024-01-01 00:34:27,90.5378,90.8723,90.2953,90.2099,2333
2024-01-01 00:34:28,90.2099,90.7884,89.8916,89.5247,2645
2024-01-01 00:34:29,89.5247,89.5494,89.2757,89.3203,4196
2024-01-01 00:34:30,89.3203,89.9089,88.9456,89.0811,9267
2024-01-01 00:34:31,89.0811,89.4263,89.0113,88.4662,2426
2024-01-01 00:34:32,88.4662,88.8916,87.8831,88.2291,3753
2024-01-01 00:34:33,88.2291,88.8236,87.7763,87.9218,8899
2024-01-01 00:34:34,87.9218,88.1118,87.802,87.7281,2465
2024-01-01 00:34:35,87.7281,88.4771,87.1436,88.5404,1478
2024-01-01 00:34:36,88.5404,89.1235,88.1216,89.1551,4610
2024-01-01 00:34:37,89.1551,89.2406,88.7192,88.6655,3016
2024-01-01 00:34:38,88.6655,89.2509,88.4322,88.0924,6452
2024-01-01 00:34:39,88.0924,88.5744,87.5915,87.6594,2059
2024-01-01 00:34:40,87.6594,87.8889,87.5599,87.3588,7252
2024-01-01 00:34:41,87.3588,87.6574,86.9257,86.5598,8159
2024-01-01 00:34:42,86.5598,86.759,86.4638,86.6875,2460
2024-01-01 00:34:43,86.6875,86.9033,86.3486,86.8298,4082
2024-01-01 00:34:44,86.8298,86.9788,86.4335,86.8214,7229
2024-01-01 00:34:45,86.8214,86.8368,86.8133,87.545,2013
2024-01-01 00:34:46,87.545,87.6494,87.3047,87.2711,6980
2024-01-01 00:34:47,87.2711,87.4768,86.6027,87.6104,3069
2024-01-01 00:34:48,87.6104,87.6608,87.558,86.9373,9819
2024-01-01 00:34:49,86.9373,87.0941,86.7281,87.4312,5863
2024-01-01 00:34:50,87.4312,87.7326,87.0399,87.7378,3389
2024-01-01 00:34:51,87.7378,87.7486,87.1544,87.9238,1562
2024-01-01 00:34:52,87.9238,88.0739,87.7701,87.5743,8836
2024-01-01 00:34:53,87.5743,87.7164,87.4209,87.5587,5775
2024-01-01 00:34:54,87.5587,87.8384,87.2905,87.4205,4450
2024-01-01 00:34:55,87.4205,87.8252,86.849,87.3673,4687
2024-01-01 00:34:56,87.3673,87.4611,87.2423,87.3169,8987
2024-01-01 00:34:57,87.3169,87.3527,87.0665,87.0819,3608
2024-01-01 00:34:58,87.0819,87.1031,86.8462,87.711,6706
2024-01-01 00:34:59,87.711,87.7255,87.4125,88.3529,9648
2024-01-01 00:35:00,88.3529,88.5947,87.9401,88.2936,9978
2024-01-01 00:35:01,88.2936,88.4184,88.1952,87.9324,1886
2024-01-01 00:35:02,87.9324,88.3144,87.7594,88.3938,3253
2024-01-01 00:35:03,88.3938,88.7154,88.2708,88.4726,3372
2024-01-01 00:35:04,88.4726,88.9973,88.3268,88.6985,6934
2024-01-01 00:35:05,88.6985,88.7576,88.3102,89.3823,3418
2024-01-01 00:35:06,89.3823,89.9806,89.3042,88.3654,1922
2024-01-01 00:35:07,88.3654,89.0333,87.905,88.0913,3943
2024-01-01 00:35:08,88.0913,88.142,87.8199,88.3264,8107
2024-01-01 00:35:09,88.3264,88.7401,88.2467,88.2824,7619
2024-01-01 00:35:10,88.2824,88.4332,88.0795,88.2903,3826
2024-01-01 00:35:11,88.2903,88.4572,88.0519,88.547,2468
2024-01-01 00:35:12,88.547,89.1382,88.4059,88.7204,8292
2024-01-01 00:35:13,88.7204,88.8224,88.6081,88.3954,2353
2024-01-01 00:35:14,88.3954,88.6935,88.2157,88.911,8856
2024-01-01 00:35:15,88.911,88.9847,88.4203,88.7169,3967
2024-01-01 00:35:16,88.7169,89.6103,88.643,87.05,3051
2024-01-01 00:35:17,87.05,87.1381,86.9864,86.6475,9806
2024-01-01 00:35:18,86.6475,87.1514,86.2681,87.0116,9788
2024-01-01 00:35:19,87.0116,87.0886,86.651,87.0905,2047
2024-01-01 00:35:20,87.0905,87.1376,86.9708,86.4323,3033
2024-01-01 00:35:21,86.4323,86.4368,86.2278,85.5717,2922
2024-01-01 00:35:22,85.5717,85.9394,85.4091,85.857,6149
2024-01-01 00:35:23,85.857,85.9698,85.747,86.4324,4378
2024-01-01 00:35:24,86.4324,86.5377,86.4111,86.3093,2386
2024-01-01 00:35:25,86.3093,86.6628,86.2645,87.1448,6956
2024-01-01 00:35:26,87.1448,87.1835,86.7098,87.4447,5068
2024-01-01 00:35:27,87.4447,87.6714,86.7557,87.3397,9510
2024-01-01 00:35:28,87.3397,87.4807,87.1788,87.6838,9035
2024-01-01 00:35:29,87.6838,87.8072,87.3404,87.6254,6769
2024-01-01 00:35:30,87.6254,87.8473,87.4573,87.1558,1732
2024-01-01 00:35:31,87.1558,87.1715,86.9628,86.4741,5910
2024-01-01 00:35:32,86.4741,86.6383,86.2212,86.6893,6882
2024-01-01 00:35:33,86.6893,86.7723,86.2116,87.1625,7914
2024-01-01 00:35:34,87.1625,87.2662,86.6845,87.505,7554
2024-01-01 00:35:35,87.505,88.1996,87.3082,88.2366,7968
2024-01-01 00:35:36,88.2366,88.2978,88.1155,88.4952,5413
2024-01-01 00:35:37,88.4952,88.9585,88.4817,89.1703,4156
2024-01-01 00:35:38,89.1703,89.5471,88.9552,89.0276,3687
2024-01-01 00:35:39,89.0276,89.1792,88.9439,88.5484,8104
2024-01-01 00:35:40,88.5484,89.0817,88.5447,87.6144,9707
2024-01-01 00:35:41,87.6144,87.9059,87.3733,88.0111,2080
2024-01-01 00:35:42,88.0111,88.1248,87.5729,87.9079,3397
2024-01-01 00:35:43,87.9079,88.0537,87.7504,87.4396,1161
2024-01-01 00:35:44,87.4396,87.9225,87.3113,88.5779,3023
2024-01-01 00:35:45,88.5779,88.7958,88.1454,89.7905,6022
2024-01-01 00:35:46,89.7905,90.0786,89.5612,89.0214,5620
2024-01-01 00:35:47,89.0214,89.4103,88.8908,89.2831,1785
2024-01-01 00:35:48,89.2831,89.9209,89.0709,89.861,9711
2024-01-01 00:35:49,89.861,90.4488,89.6631,90.1553,7597
2024-01-01 00:35:50,90.1553,90.178,89.7958,89.8968,3547
2024-01-01 00:35:51,89.8968,89.9881,89.7576,89.9326,5380
2024-01-01 00:35:52,89.9326,90.0899,89.4682,90.6926,5081
2024-01-01 00:35:53,90.6926,90.8287,90.4116,90.5675,8500
2024-01-01 00:35:54,90.5675,91.3694,90.4612,91.1649,5519
2024-01-01 00:35:55,91.1649,91.5127,91.0582,90.6015,4748
2024-01-01 00:35:56,90.6015,91.1589,90.3116,90.2658,6123
2024-01-01 00:35:57,90.2658,90.5056,89.914,90.1002,2256
2024-01-01 00:35:58,90.1002,90.8167,90.0477,89.949,5683
2024-01-01 00:35:59,89.949,90.2785,89.8323,90.0971,1175
2024-01-01 00:36:00,90.0971,90.1713,89.6118,90.6075,8858
2024-01-01 00:36:01,90.6075,91.0635,90.6012,90.5633,9722
2024-01-01 00:36:02,90.5633,90.853,90.072,90.3993,1119
2024-01-01 00:36:03,90.3993,90.5036,89.9439,89.6655,6653
2024-01-01 00:36:04,89.6655,90.1569,89.1333,89.6952,9652
2024-01-01 00:36:05,89.6952,89.7307,89.6144,89.4123,8350
2024-01-01 00:36:06,89.4123,89.5113,89.143,90.143,4687
2024-01-01 00:36:07,90.143,90.2736,89.8875,89.7316,3184
2024-01-01 00:36:08,89.7316,89.7952,89.4726,88.5019,7115
2024-01-01 00:36:09,88.5019,88.7695,88.4504,88.7297,5092
2024-01-01 00:36:10,88.7297,89.2394,88.5741,89.2088,8915
2024-01-01 00:36:11,89.2088,89.2649,89.0088,88.8863,7449
2024-01-01 00:36:12,88.8863,89.1368,88.4932,88.9729,1580
2024-01-01 00:36:13,88.9729,89.555,88.7228,88.6801,8999
2024-01-01 00:36:14,88.6801,88.6916,88.4354,88.7309,2755
2024-01-01 00:36:15,88.7309,89.3611,88.7105,88.8347,4050
2024-01-01 00:36:16,88.8347,88.8578,88.6542,88.7802,9668
2024-01-01 00:36:17,88.7802,88.9528,88.7646,88.9199,3029
2024-01-01 00:36:18,88.9199,88.9382,88.8922,88.9702,8711
2024-01-01 00:36:19,88.9702,89.1705,88.8156,88.5936,8017
2024-01-01 00:36:20,88.5936,88.8267,88.4832,89.0767,8198
2024-01-01 00:36:21,89.0767,89.2242,88.8383,90.5727,8110
2024-01-01 00:36:22,90.5727,90.5954,90.5359,91.609,5667
2024-01-01 00:36:23,91.609,91.9,91.5338,91.3747,6426
2024-01-01 00:36:24,91.3747,91.478,91.2667,91.6149,5354
2024-01-01 00:36:25,91.6149,91.8701,91.3788,92.157,9119
2024-01-01 00:36:26,92.157,92.6088,91.9257,92.4007,7551
2024-01-01 00:36:27,92.4007,93.081,92.3928,93.1585,7370
2024-01-01 00:36:28,93.1585,93.7131,93.1172,94.0111,6638
2024-01-01 00:36:29,94.0111,94.5235,94.0111,93.7608,4874
2024-01-01 00:36:30,93.7608,93.9421,93.3952,94.652,1131
2024-01-01 00:36:31,94.652,94.8792,94.5525,94.9403,8961
2024-01-01 00:36:32,94.9403,95.0978,94.5818,95.3999,4061
2024-01-01 00:36:33,95.3999,95.4016,94.888,94.8555,5317
2024-01-01 00:36:34,94.8555,94.8637,94.7699,95.2322,2688
2024-01-01 00:36:35,95.2322,95.3393,94.8944,94.9319,3968
2024-01-01 00:36:36,94.9319,95.4781,94.8145,95.3012,2973
2024-01-01 00:36:37,95.3012,95.3578,95.2392,95.0957,4148
2024-01-01 00:36:38,95.0957,95.232,94.9982,95.5713,1834
2024-01-01 00:36:39,95.5713,95.8387,95.3213,95.4254,4791
2024-01-01 00:36:40,95.4254,95.7366,95.132,95.5184,1846
2024-01-01 00:36:41,95.5184,95.5979,95.2945,95.7168,5596
2024-01-01 00:36:42,95.7168,95.8826,95.7047,96.4552,3977
2024-01-01 00:36:43,96.4552,96.5501,96.4303,97.5168,6269
2024-01-01 00:36:44,97.5168,97.8463,97.4008,97.6505,4028
2024-01-01 00:36:45,97.6505,97.6555,97.3017,97.5252,6476
2024-01-01 00:36:46,97.5252,97.6528,97.1465,97.4496,3134
2024-01-01 00:36:47,97.4496,97.6905,97.0191,97.5039,6920
2024-01-01 00:36:48,97.5039,97.9035,97.3288,97.4743,5521
2024-01-01 00:36:49,97.4743,97.5477,97.1882,97.2487,2742
2024-01-01 00:36:50,97.2487,97.61,96.9586,97.8108,4120
2024-01-01 00:36:51,97.8108,97.9252,97.5056,98.2668,2616
2024-01-01 00:36:52,98.2668,98.4378,98.001,98.8273,4309
2024-01-01 00:36:53,98.8273,98.9968,98.791,99.498,3094
2024-01-01 00:36:54,99.498,99.8522,99.4883,99.7244,6690
2024-01-01 00:36:55,99.7244,99.9829,99.5237,100.748,2923
2024-01-01 00:36:56,100.748,100.8077,100.1416,100.9066,9255
2024-01-01 00:36:57,100.9066,100.9527,100.7312,101.4704,5491
2024-01-01 00:36:58,101.4704,101.6193,101.0984,101.3841,4116
2024-01-01 00:36:59,101.3841,101.4017,101.0826,101.5661,9723
2024-01-01 00:37:00,101.5661,102.1487,101.313,102.4809,7293
2024-01-01 00:37:01,102.4809,102.7566,102.3667,103.1996,5448
2024-01-01 00:37:02,103.1996,103.2242,102.8381,103.211,1145
2024-01-01 00:37:03,103.211,103.5958,102.8458,102.9187,8461
2024-01-01 00:37:04,102.9187,102.9302,102.8861,102.1205,5855
2024-01-01 00:37:05,102.1205,102.2191,101.7533,103.0972,3803
2024-01-01 00:37:06,103.0972,103.4627,102.9858,103.1979,5550
2024-01-01 00:37:07,103.1979,103.4117,103.0928,103.8877,1844
2024-01-01 00:37:08,103.8877,104.0648,103.7226,103.651,1022
2024-01-01 00:37:09,103.651,103.9035,103.3096,103.0972,7047
2024-01-01 00:37:10,103.0972,103.7448,102.922,102.551,3189
2024-01-01 00:37:11,102.551,102.897,102.3263,102.2902,6318
2024-01-01 00:37:12,102.2902,102.3291,102.0096,102.9884,5582
2024-01-01 00:37:13,102.9884,103.3441,102.2711,103.019,9804
2024-01-01 00:37:14,103.019,103.5232,102.6509,102.4656,7258
2024-01-01 00:37:15,102.4656,102.6837,102.3881,102.2183,4377
2024-01-01 00:37:16,102.2183,102.4117,102.1716,102.3623,7479
2024-01-01 00:37:17,102.3623,102.484,102.1816,103.0178,8109
2024-01-01 00:37:18,103.0178,103.4931,102.8599,102.2865,4031
2024-01-01 00:37:19,102.2865,102.3613,102.1154,102.4622,9036
2024-01-01 00:37:20,102.4622,102.5281,102.4105,102.7578,3911
2024-01-01 00:37:21,102.7578,102.9461,102.3408,103.18,4077
2024-01-01 00:37:22,103.18,103.229,103.1604,103.3552,7594
2024-01-01 00:37:23,103.3552,103.6518,103.1391,104.4498,1193
2024-01-01 00:37:24,104.4498,104.6265,103.893,104.0617,1716
2024-01-01 00:37:25,104.0617,104.4087,103.6819,104.1832,5385
2024-01-01 00:37:26,104.1832,104.5124,103.4046,104.622,2742
2024-01-01 00:37:27,104.622,105.1565,104.4762,104.7323,2392
2024-01-01 00:37:28,104.7323,105.0603,104.4321,104.9012,3672
2024-01-01 00:37:29,104.9012,105.022,104.5807,104.6927,4994
2024-01-01 00:37:30,104.6927,104.851,104.5857,105.4133,1729
2024-01-01 00:37:31,105.4133,105.6143,105.2618,105.2293,9381
2024-01-01 00:37:32,105.2293,105.4327,105.0155,105.621,4713
2024-01-01 00:37:33,105.621,105.773,105.5461,105.6237,5699
2024-01-01 00:37:34,105.6237,106.2332,105.1571,105.7788,2841
2024-01-01 00:37:35,105.7788,106.6959,105.7316,106.4667,4678
2024-01-01 00:37:36,106.4667,106.9138,106.2077,107.4691,2939
2024-01-01 00:37:37,107.4691,107.9056,106.9447,108.0093,2389
2024-01-01 00:37:38,108.0093,108.2586,107.8482,108.549,3971
2024-01-01 00:37:39,108.549,108.6224,108.3944,109.1021,5940
2024-01-01 00:37:40,109.1021,109.2763,108.933,108.8108,9179
2024-01-01 00:37:41,108.8108,109.178,108.218,108.5303,2251
2024-01-01 00:37:42,108.5303,109.1094,108.0149,108.7707,3401
2024-01-01 00:37:43,108.7707,108.8983,108.5007,108.6515,8838
2024-01-01 00:37:44,108.6515,108.7866,108.2176,108.7483,3370
2024-01-01 00:37:45,108.7483,109.5679,108.2249,109.1028,3979
2024-01-01 00:37:46,109.1028,109.3809,108.7593,109.1541,7782
2024-01-01 00:37:47,109.1541,109.4967,108.8994,109.1749,3264
2024-01-01 00:37:48,109.1749,109.5887,109.1669,109.4093,9144
2024-01-01 00:37:49,109.4093,109.7485,109.3251,109.9299,9785
2024-01-01 00:37:50,109.9299,110.1963,109.6556,110.1436,4593
2024-01-01 00:37:51,110.1436,110.2074,109.9334,109.8887,1046
2024-01-01 00:37:52,109.8887,110.4487,109.668,110.1708,3188
2024-01-01 00:37:53,110.1708,110.2632,110.1207,110.602,6723
2024-01-01 00:37:54,110.602,111.0497,110.5726,109.9779,8543
2024-01-01 00:37:55,109.9779,110.3407,109.5154,109.7084,7898
2024-01-01 00:37:56,109.7084,110.2705,109.555,109.7526,3344
2024-01-01 00:37:57,109.7526,109.8024,109.7043,109.8462,7958
2024-01-01 00:37:58,109.8462,110.1828,109.785,109.3081,3591
2024-01-01 00:37:59,109.3081,109.589,109.2542,109.141,2294
2024-01-01 00:38:00,109.141,109.1885,108.9892,109.1435,3988
2024-01-01 00:38:01,109.1435,109.3054,109.1124,108.6904,9641
2024-01-01 00:38:02,108.6904,108.9304,108.4592,108.5564,1216
2024-01-01 00:38:03,108.5564,108.5964,108.3864,108.7958,1526
2024-01-01 00:38:04,108.7958,108.9086,108.6348,108.5509,7940
2024-01-01 00:38:05,108.5509,108.8122,107.9964,108.9757,5227
2024-01-01 00:38:06,108.9757,109.148,108.8961,109.4915,3569
2024-01-01 00:38:07,109.4915,109.5095,109.361,108.9836,7185
2024-01-01 00:38:08,108.9836,109.005,108.8847,109.2397,4586
2024-01-01 00:38:09,109.2397,109.6746,108.8903,109.9145,2264
2024-01-01 00:38:10,109.9145,110.2227,109.7483,110.1428,7233
2024-01-01 00:38:11,110.1428,110.4187,109.6774,110.8036,7950
2024-01-01 00:38:12,110.8036,110.9387,110.4435,110.8851,6496
2024-01-01 00:38:13,110.8851,111.1256,110.8423,111.2044,9873
2024-01-01 00:38:14,111.2044,111.3328,110.5481,111.4751,4075
2024-01-01 00:38:15,111.4751,111.8806,111.3386,111.5507,1530
2024-01-01 00:38:16,111.5507,111.6769,111.4685,111.5635,8926
2024-01-01 00:38:17,111.5635,111.8136,111.4897,111.4989,6056
2024-01-01 00:38:18,111.4989,111.5139,111.4378,111.9678,4192
2024-01-01 00:38:19,111.9678,112.0855,111.6934,112.4612,6830
2024-01-01 00:38:20,112.4612,112.5376,112.21,113.2295,9250
2024-01-01 00:38:21,113.2295,113.6681,112.9066,113.5232,3460
2024-01-01 00:38:22,113.5232,113.6025,112.9249,114.405,1612
2024-01-01 00:38:23,114.405,114.4479,114.2384,114.5504,8587
2024-01-01 00:38:24,114.5504,114.7502,114.3422,115.1675,4533
2024-01-01 00:38:25,115.1675,115.322,114.7585,115.0615,3638
2024-01-01 00:38:26,115.0615,115.0761,114.651,115.6511,9573
2024-01-01 00:38:27,115.6511,115.8994,115.5347,115.6179,3149
2024-01-01 00:38:28,115.6179,115.8583,115.4212,115.3671,7350
2024-01-01 00:38:29,115.3671,115.437,114.3466,114.9496,2228
2024-01-01 00:38:30,114.9496,115.0508,114.8139,115.5741,1244
2024-01-01 00:38:31,115.5741,115.953,115.1005,115.5661,9964
2024-01-01 00:38:32,115.5661,115.9625,115.2873,116.1675,8451
2024-01-01 00:38:33,116.1675,116.4402,115.5232,115.8076,3645
2024-01-01 00:38:34,115.8076,115.9709,115.7379,116.4039,8548
2024-01-01 00:38:35,116.4039,116.4208,116.0646,116.5569,5194
2024-01-01 00:38:36,116.5569,116.8799,115.9249,116.6015,8999
2024-01-01 00:38:37,116.6015,117.177,116.4553,116.0578,7568
2024-01-01 00:38:38,116.0578,116.2835,115.9211,115.4731,9396
2024-01-01 00:38:39,115.4731,115.8881,114.8611,114.9845,7122
2024-01-01 00:38:40,114.9845,115.1396,114.3998,115.4313,1699
2024-01-01 00:38:41,115.4313,115.7444,115.135,115.7473,5011
2024-01-01 00:38:42,115.7473,116.1131,115.6674,115.5481,7157
2024-01-01 00:38:43,115.5481,115.7133,115.2942,115.7428,2195
2024-01-01 00:38:44,115.7428,116.3449,115.6076,115.9144,8675
2024-01-01 00:38:45,115.9144,116.3171,115.4119,115.5097,8616
2024-01-01 00:38:46,115.5097,115.6295,114.9192,115.7537,7503
2024-01-01 00:38:47,115.7537,115.7766,115.5549,116.5508,6385
2024-01-01 00:38:48,116.5508,116.6591,116.3864,116.9716,8802
2024-01-01 00:38:49,116.9716,117.2203,116.7542,116.7608,9930
2024-01-01 00:38:50,116.7608,117.0413,116.5931,117.0753,1513
2024-01-01 00:38:51,117.0753,117.5913,117.0357,116.7364,2022
2024-01-01 00:38:52,116.7364,116.8469,116.4289,117.1728,1886
2024-01-01 00:38:53,117.1728,117.1883,117.11,117.4136,7929
2024-01-01 00:38:54,117.4136,117.8366,117.3153,117.3252,7636
2024-01-01 00:38:55,117.3252,117.8569,117.0254,117.4202,8396
2024-01-01 00:38:56,117.4202,117.6849,117.3077,117.8413,1880
2024-01-01 00:38:57,117.8413,118.3814,117.4868,117.5021,6603
2024-01-01 00:38:58,117.5021,117.5596,117.275,117.9107,8890
2024-01-01 00:38:59,117.9107,118.3637,117.8404,119.042,3632
2024-01-01 00:39:00,119.042,119.111,118.7094,119.5653,1162
2024-01-01 00:39:01,119.5653,120.1546,119.3281,119.2261,4253
2024-01-01 00:39:02,119.2261,119.4353,119.0287,119.8816,6185
2024-01-01 00:39:03,119.8816,120.518,119.8247,119.586,3416
2024-01-01 00:39:04,119.586,119.5869,119.4688,119.1499,5305
2024-01-01 00:39:05,119.1499,119.1754,119.1466,118.4273,8381
2024-01-01 00:39:06,118.4273,118.6337,118.1427,119.352,2596
2024-01-01 00:39:07,119.352,119.8355,119.2392,118.8188,4074
2024-01-01 00:39:08,118.8188,119.0001,118.6718,118.2678,6703
2024-01-01 00:39:09,118.2678,118.3167,118.0786,118.6886,1235
2024-01-01 00:39:10,118.6886,118.8963,118.6062,118.3625,3043
2024-01-01 00:39:11,118.3625,118.4984,117.9503,118.7681,8471
2024-01-01 00:39:12,118.7681,118.9117,118.619,118.3688,6502
2024-01-01 00:39:13,118.3688,118.51,118.2469,117.9044,8018
2024-01-01 00:39:14,117.9044,118.1767,117.7369,117.4612,5669
2024-01-01 00:39:15,117.4612,117.719,117.0824,117.9177,8167
2024-01-01 00:39:16,117.9177,118.2662,117.3145,117.3998,2625
2024-01-01 00:39:17,117.3998,117.9428,117.384,116.9864,2700
2024-01-01 00:39:18,116.9864,117.0156,116.8585,117.0633,9924
2024-01-01 00:39:19,117.0633,117.3267,116.8727,116.967,1534
2024-01-01 00:39:20,116.967,117.4765,116.8437,116.4841,7243
2024-01-01 00:39:21,116.4841,116.9286,116.0947,117.3254,3038
2024-01-01 00:39:22,117.3254,117.7554,116.6868,116.8004,7484
2024-01-01 00:39:23,116.8004,117.0908,116.7865,117.0457,4668
2024-01-01 00:39:24,117.0457,117.0569,116.9061,116.6515,7794
2024-01-01 00:39:25,116.6515,116.6642,116.6272,116.2916,7792
2024-01-01 00:39:26,116.2916,116.3057,116.1468,116.4045,9502
2024-01-01 00:39:27,116.4045,116.5775,116.0371,115.4769,6490
2024-01-01 00:39:28,115.4769,115.82,115.1311,115.7893,7412
2024-01-01 00:39:29,115.7893,115.9414,115.3856,116.0604,1845
2024-01-01 00:39:30,116.0604,116.4341,115.7661,116.2685,3846
2024-01-01 00:39:31,116.2685,116.4839,116.1184,116.7834,3595
2024-01-01 00:39:32,116.7834,116.8361,116.6711,116.5719,7422
2024-01-01 00:39:33,116.5719,116.8045,116.2204,116.0099,5263
2024-01-01 00:39:34,116.0099,116.1606,115.9516,116.1634,1420
2024-01-01 00:39:35,116.1634,116.5536,116.0016,116.3621,3507
2024-01-01 00:39:36,116.3621,116.4439,116.2554,117.1342,7265
2024-01-01 00:39:37,117.1342,117.6164,117.0569,117.0373,8433
2024-01-01 00:39:38,117.0373,117.4263,116.868,116.4618,4633
2024-01-01 00:39:39,116.4618,116.5697,116.1064,117.1318,5018
2024-01-01 00:39:40,117.1318,117.67,116.9638,116.9973,1847
2024-01-01 00:39:41,116.9973,117.1069,116.3045,117.2665,1379
2024-01-01 00:39:42,117.2665,117.5681,117.0017,116.8419,3010
2024-01-01 00:39:43,116.8419,117.0331,116.6896,117.1773,3959
2024-01-01 00:39:44,117.1773,117.3701,116.8084,117.6647,7402
2024-01-01 00:39:45,117.6647,118.0958,117.3487,118.3948,7778
2024-01-01 00:39:46,118.3948,118.7333,117.9889,119.5268,7148
2024-01-01 00:39:47,119.5268,119.8538,119.2552,119.8785,8387
2024-01-01 00:39:48,119.8785,120.0548,119.6907,119.9917,1515
2024-01-01 00:39:49,119.9917,120.1954,119.8071,120.0117,6681
2024-01-01 00:39:50,120.0117,120.0535,119.843,119.3253,5169
2024-01-01 00:39:51,119.3253,119.5011,119.2379,119.2408,1484
2024-01-01 00:39:52,119.2408,119.322,119.2264,118.6521,6978
2024-01-01 00:39:53,118.6521,118.8097,118.5136,118.3038,6366
2024-01-01 00:39:54,118.3038,118.3996,118.2478,118.4383,5483
2024-01-01 00:39:55,118.4383,119.1758,118.3525,118.1955,6710
2024-01-01 00:39:56,118.1955,118.6163,117.6613,118.0064,8144
2024-01-01 00:39:57,118.0064,118.3086,117.9823,118.1935,4163
2024-01-01 00:39:58,118.1935,118.3927,117.9229,118.1933,7436
2024-01-01 00:39:59,118.1933,118.6184,117.8725,117.5388,6105
2024-01-01 00:40:00,117.5388,117.7145,117.4829,117.7104,8309
2024-01-01 00:40:01,117.7104,118.1518,117.4811,117.1856,6222
2024-01-01 00:40:02,117.1856,117.4718,116.835,116.6959,7126
2024-01-01 00:40:03,116.6959,117.1405,116.3638,116.9739,8363
2024-01-01 00:40:04,116.9739,117.0421,116.576,117.039,5808
2024-01-01 00:40:05,117.039,117.5272,116.6658,116.9916,9691
2024-01-01 00:40:06,116.9916,117.0508,116.8787,116.9177,4046
2024-01-01 00:40:07,116.9177,116.9907,116.8269,117.3169,7089
2024-01-01 00:40:08,117.3169,117.6927,117.128,116.7139,1178
2024-01-01 00:40:09,116.7139,116.757,116.5103,117.0183,6268
2024-01-01 00:40:10,117.0183,117.2472,116.7119,117.5348,9638
2024-01-01 00:40:11,117.5348,117.6129,117.1579,117.9816,2225
2024-01-01 00:40:12,117.9816,118.1754,117.849,117.3372,6244
2024-01-01 00:40:13,117.3372,117.3678,117.2465,116.8506,9092
2024-01-01 00:40:14,116.8506,116.8583,116.7147,115.3289,3803
2024-01-01 00:40:15,115.3289,115.6514,115.0901,115.4511,4873
2024-01-01 00:40:16,115.4511,115.5646,115.0851,115.0878,1076
2024-01-01 00:40:17,115.0878,115.2964,114.9584,114.3149,7599
2024-01-01 00:40:18,114.3149,114.4003,114.0468,114.9157,1266
2024-01-01 00:40:19,114.9157,115.0373,114.859,114.8377,7800
2024-01-01 00:40:20,114.8377,115.0747,114.8307,114.7707,6131
2024-01-01 00:40:21,114.7707,114.8638,114.7671,114.2652,5889
2024-01-01 00:40:22,114.2652,114.577,113.8096,114.0835,2989
2024-01-01 00:40:23,114.0835,114.4737,113.4941,113.0198,2683
2024-01-01 00:40:24,113.0198,113.037,112.8787,113.1737,6289
2024-01-01 00:40:25,113.1737,113.4839,112.8054,113.1891,4708
2024-01-01 00:40:26,113.1891,113.3605,112.9538,113.3457,9807
2024-01-01 00:40:27,113.3457,114.0439,113.2999,113.0693,1860
2024-01-01 00:40:28,113.0693,113.5943,112.5111,113.016,2229
2024-01-01 00:40:29,113.016,113.0554,112.5599,113.7936,7218
2024-01-01 00:40:30,113.7936,113.9755,113.5775,113.7555,3069
2024-01-01 00:40:31,113.7555,113.8272,113.6016,114.1786,7771
2024-01-01 00:40:32,114.1786,114.5164,113.9581,113.6941,8830
2024-01-01 00:40:33,113.6941,114.1285,112.9974,113.6435,6274
2024-01-01 00:40:34,113.6435,113.9845,113.2148,113.7249,2356
2024-01-01 00:40:35,113.7249,114.0686,113.2702,114.1898,4971
2024-01-01 00:40:36,114.1898,114.6019,114.1567,113.7508,9103
2024-01-01 00:40:37,113.7508,113.7961,113.7328,113.9446,4541
2024-01-01 00:40:38,113.9446,114.0034,113.6717,113.4614,9644
2024-01-01 00:40:39,113.4614,113.7205,113.4387,113.4968,6108
2024-01-01 00:40:40,113.4968,113.9199,113.4151,113.3087,3130
2024-01-01 00:40:41,113.3087,113.3643,113.0289,113.1156,8412
2024-01-01 00:40:42,113.1156,113.3814,113.0793,113.5205,5552
2024-01-01 00:40:43,113.5205,113.925,113.3083,113.2036,2672
2024-01-01 00:40:44,113.2036,113.6935,113.1966,113.8183,8550
2024-01-01 00:40:45,113.8183,113.8461,113.7516,113.4476,9698
2024-01-01 00:40:46,113.4476,113.5167,113.3349,113.072,8069
2024-01-01 00:40:47,113.072,113.1432,112.7788,112.9791,8059
2024-01-01 00:40:48,112.9791,112.984,112.9598,112.814,7267
2024-01-01 00:40:49,112.814,112.8495,112.5016,113.0386,5816
2024-01-01 00:40:50,113.0386,113.2123,112.9721,113.1544,9497
2024-01-01 00:40:51,113.1544,113.5691,112.9705,113.8291,5078
2024-01-01 00:40:52,113.8291,113.883,113.7527,114.1695,5361
2024-01-01 00:40:53,114.1695,114.1956,113.8007,114.2137,5513
2024-01-01 00:40:54,114.2137,114.6266,114.1499,114.3162,2659
2024-01-01 00:40:55,114.3162,114.4214,113.7669,113.8289,5395
2024-01-01 00:40:56,113.8289,113.8345,113.7061,113.5228,5718
2024-01-01 00:40:57,113.5228,113.5363,113.39,114.2045,9245
2024-01-01 00:40:58,114.2045,114.4337,114.1643,114.7882,4909
2024-01-01 00:40:59,114.7882,115.0062,114.3902,113.8121,3730
2024-01-01 00:41:00,113.8121,114.4065,113.7819,114.2236,8775
2024-01-01 00:41:01,114.2236,114.2789,114.1967,114.2859,5322
2024-01-01 00:41:02,114.2859,114.4105,114.2832,114.5106,6769
2024-01-01 00:41:03,114.5106,114.9002,114.4351,114.4408,9000
2024-01-01 00:41:04,114.4408,114.6834,114.3869,114.8362,5762
2024-01-01 00:41:05,114.8362,115.0233,114.5214,114.8624,3741
2024-01-01 00:41:06,114.8624,115.3805,114.4243,114.8895,6499
2024-01-01 00:41:07,114.8895,115.3568,114.7461,115.42,9940
2024-01-01 00:41:08,115.42,115.766,115.3874,115.3934,6777
2024-01-01 00:41:09,115.3934,115.4788,115.1369,115.4556,9484
2024-01-01 00:41:10,115.4556,116.0402,115.1257,115.607,2847
2024-01-01 00:41:11,115.607,115.6524,115.2467,115.2189,1339
2024-01-01 00:41:12,115.2189,115.4659,115.0403,115.5264,6852
2024-01-01 00:41:13,115.5264,115.751,115.5233,117.1002,8056
2024-01-01 00:41:14,117.1002,117.4831,116.8422,116.5761,2768
2024-01-01 00:41:15,116.5761,117.176,116.4438,117.7438,9927
2024-01-01 00:41:16,117.7438,117.9377,117.3893,118.1841,5346
2024-01-01 00:41:17,118.1841,118.419,118.0357,118.0257,6426
2024-01-01 00:41:18,118.0257,118.2229,117.7678,117.6232,1673
2024-01-01 00:41:19,117.6232,118.0329,117.3996,117.6068,3014
2024-01-01 00:41:20,117.6068,117.741,117.0855,117.1033,5725
2024-01-01 00:41:21,117.1033,117.1332,117.0785,116.9271,3410
2024-01-01 00:41:22,116.9271,116.9631,116.5168,116.6482,3664
2024-01-01 00:41:23,116.6482,116.73,116.4147,116.5029,5828
2024-01-01 00:41:24,116.5029,116.5114,116.42,116.6468,1871
2024-01-01 00:41:25,116.6468,116.677,116.6446,117.3029,6771
2024-01-01 00:41:26,117.3029,117.312,117.3004,117.2933,5641
2024-01-01 00:41:27,117.2933,117.3711,116.9477,117.7576,3540
2024-01-01 00:41:28,117.7576,117.8936,117.4531,118.5146,8078
2024-01-01 00:41:29,118.5146,118.6205,118.4518,119.1493,4585
2024-01-01 00:41:30,119.1493,119.2892,119.1457,120.288,7328
2024-01-01 00:41:31,120.288,120.9804,119.9218,121.0412,2607
2024-01-01 00:41:32,121.0412,121.4612,120.8895,121.921,8140
2024-01-01 00:41:33,121.921,122.0353,121.6822,121.7444,3280
2024-01-01 00:41:34,121.7444,121.9272,121.4934,121.6087,5932
2024-01-01 00:41:35,121.6087,121.6941,121.3716,122.0873,8555
2024-01-01 00:41:36,122.0873,122.17,121.8586,121.6217,3270
2024-01-01 00:41:37,121.6217,122.077,121.545,121.245,9254
2024-01-01 00:41:38,121.245,121.4335,120.9343,121.9694,7889
2024-01-01 00:41:39,121.9694,122.2933,121.8894,122.0737,1432
2024-01-01 00:41:40,122.0737,122.1565,122.0584,122.5778,5954
2024-01-01 00:41:41,122.5778,122.668,122.1929,121.8872,7113
2024-01-01 00:41:42,121.8872,122.1565,121.6581,122.3235,7433
2024-01-01 00:41:43,122.3235,122.6376,122.0057,122.1566,8582
2024-01-01 00:41:44,122.1566,122.7288,122.0594,122.5169,1896
2024-01-01 00:41:45,122.5169,122.6279,121.6461,122.5582,2753
2024-01-01 00:41:46,122.5582,122.6758,122.4715,122.4448,6428
2024-01-01 00:41:47,122.4448,122.5453,122.3299,122.9993,9369
2024-01-01 00:41:48,122.9993,123.0981,122.9527,122.9883,9115
2024-01-01 00:41:49,122.9883,123.4053,122.5068,123.2562,3535
2024-01-01 00:41:50,123.2562,123.502,123.2221,123.1206,8945
2024-01-01 00:41:51,123.1206,123.2638,122.9798,123.1167,2100
2024-01-01 00:41:52,123.1167,123.1168,123.0186,123.7971,4347
2024-01-01 00:41:53,123.7971,123.8504,123.7565,123.9527,9287
2024-01-01 00:41:54,123.9527,123.9878,123.7324,123.7939,4015
2024-01-01 00:41:55,123.7939,124.04,123.2731,124.1466,9957
2024-01-01 00:41:56,124.1466,124.559,123.7388,124.1022,3018
2024-01-01 00:41:57,124.1022,124.4909,123.9263,124.3756,4027
2024-01-01 00:41:58,124.3756,124.7608,124.3546,124.8954,9956
2024-01-01 00:41:59,124.8954,125.0008,124.5687,125.4929,5742
2024-01-01 00:42:00,125.4929,126.1519,125.048,124.8668,7409
2024-01-01 00:42:01,124.8668,125.2723,124.513,124.8996,8601
2024-01-01 00:42:02,124.8996,125.057,124.5731,124.4438,7380
2024-01-01 00:42:03,124.4438,124.698,124.4262,124.5404,8282
2024-01-01 00:42:04,124.5404,124.7135,124.2126,125.5914,8509
2024-01-01 00:42:05,125.5914,125.7342,124.7546,125.4613,6861
2024-01-01 00:42:06,125.4613,125.4637,125.3034,124.468,9602
2024-01-01 00:42:07,124.468,124.5515,124.3995,125.5144,3480
2024-01-01 00:42:08,125.5144,125.8979,125.2614,125.0385,3294
2024-01-01 00:42:09,125.0385,125.1286,124.5378,125.7095,5963
2024-01-01 00:42:10,125.7095,125.7617,125.5259,125.8761,8729
2024-01-01 00:42:11,125.8761,126.025,125.7593,125.3893,9306
2024-01-01 00:42:12,125.3893,125.7509,125.2068,125.4863,6703
2024-01-01 00:42:13,125.4863,125.9732,125.2004,125.8078,2107
2024-01-01 00:42:14,125.8078,125.9712,125.7348,126.7465,2740
2024-01-01 00:42:15,126.7465,127.199,126.7449,126.9361,6302
2024-01-01 00:42:16,126.9361,127.7809,126.7608,127.0239,4876
2024-01-01 00:42:17,127.0239,127.5117,126.6434,126.2661,7292
2024-01-01 00:42:18,126.2661,126.579,125.8866,126.2852,2875
2024-01-01 00:42:19,126.2852,126.7709,126.1688,126.5559,8234
2024-01-01 00:42:20,126.5559,126.9642,126.1889,126.6131,6261
2024-01-01 00:42:21,126.6131,126.8687,126.4079,125.6584,3182
2024-01-01 00:42:22,125.6584,125.6858,125.5873,126.3098,8168
2024-01-01 00:42:23,126.3098,126.4025,126.1164,126.6724,3655
2024-01-01 00:42:24,126.6724,126.8205,126.6408,126.1111,1397
2024-01-01 00:42:25,126.1111,126.4181,125.7878,125.9057,4334
2024-01-01 00:42:26,125.9057,125.9399,125.3883,126.1749,9955
2024-01-01 00:42:27,126.1749,126.3553,125.9689,126.2033,9653
2024-01-01 00:42:28,126.2033,126.2169,125.8961,125.2585,6768
2024-01-01 00:42:29,125.2585,125.6576,124.7538,125.0161,3258
2024-01-01 00:42:30,125.0161,125.3218,124.5856,125.1873,2280
2024-01-01 00:42:31,125.1873,125.4398,124.9278,124.4656,2653
2024-01-01 00:42:32,124.4656,124.6122,124.2495,124.7327,4670
2024-01-01 00:42:33,124.7327,124.8403,124.509,124.4658,5118
2024-01-01 00:42:34,124.4658,124.6452,124.3435,124.1024,5719
2024-01-01 00:42:35,124.1024,124.4525,123.9246,123.8918,9482
2024-01-01 00:42:36,123.8918,124.0386,123.8092,124.4273,2816
2024-01-01 00:42:37,124.4273,125.0393,124.0768,124.5283,5309
2024-01-01 00:42:38,124.5283,124.5914,124.3516,124.4551,1973
2024-01-01 00:42:39,124.4551,124.6971,124.1652,124.6137,6400
2024-01-01 00:42:40,124.6137,124.8167,124.455,125.2693,2194
2024-01-01 00:42:41,125.2693,125.4017,124.9062,125.0155,1579
2024-01-01 00:42:42,125.0155,125.1102,124.5901,124.907,2320
2024-01-01 00:42:43,124.907,125.1674,124.6846,125.3188,3121
2024-01-01 00:42:44,125.3188,125.4057,124.9706,125.3,6738
2024-01-01 00:42:45,125.3,125.5319,125.1936,125.432,4731
2024-01-01 00:42:46,125.432,125.4456,125.351,125.5992,9752
2024-01-01 00:42:47,125.5992,125.8272,125.4151,124.696,1296
2024-01-01 00:42:48,124.696,124.7278,124.6505,124.5412,8040
2024-01-01 00:42:49,124.5412,124.6552,124.1799,123.7739,2893
2024-01-01 00:42:50,123.7739,124.0171,123.4884,122.7875,4172
2024-01-01 00:42:51,122.7875,123.1581,122.2281,122.7351,4902
2024-01-01 00:42:52,122.7351,123.1324,122.6638,122.8102,9785
2024-01-01 00:42:53,122.8102,123.6475,122.4287,123.6312,1244
2024-01-01 00:42:54,123.6312,123.7938,123.5352,123.8964,8185
2024-01-01 00:42:55,123.8964,123.9343,123.8151,123.9561,6728
2024-01-01 00:42:56,123.9561,124.3346,123.798,123.1149,7517
2024-01-01 00:42:57,123.1149,123.2668,123.0944,123.1117,2258
2024-01-01 00:42:58,123.1117,123.4387,122.9833,124.1588,6848
2024-01-01 00:42:59,124.1588,124.6338,123.8028,124.9105,8266
2024-01-01 00:43:00,124.9105,125.6061,124.8634,124.6371,5001
2024-01-01 00:43:01,124.6371,124.8705,124.5974,124.2285,9870
2024-01-01 00:43:02,124.2285,124.2307,123.8483,124.0619,8966
2024-01-01 00:43:03,124.0619,124.0996,123.863,123.6041,3246
2024-01-01 00:43:04,123.6041,123.9097,123.4753,123.9337,3011
2024-01-01 00:43:05,123.9337,124.3178,123.5368,124.5307,3325
2024-01-01 00:43:06,124.5307,124.5798,124.0562,124.8875,2871
2024-01-01 00:43:07,124.8875,125.4532,124.8114,125.199,5428
2024-01-01 00:43:08,125.199,125.4899,125.1402,125.1129,5572
2024-01-01 00:43:09,125.1129,125.2933,124.8791,124.927,1308
2024-01-01 00:43:10,124.927,125.1515,124.7313,125.2477,4021
2024-01-01 00:43:11,125.2477,125.4461,124.9354,125.3412,5999
2024-01-01 00:43:12,125.3412,125.4407,124.7333,126.1733,6508
2024-01-01 00:43:13,126.1733,126.7521,125.8678,125.7516,4547
2024-01-01 00:43:14,125.7516,126.0253,125.5987,125.7724,8004
2024-01-01 00:43:15,125.7724,125.9126,125.0976,125.3036,1935
2024-01-01 00:43:16,125.3036,125.66,124.6379,125.5276,5709
2024-01-01 00:43:17,125.5276,125.9734,124.9783,125.1861,8594
2024-01-01 00:43:18,125.1861,125.4063,125.1583,124.4787,7247
2024-01-01 00:43:19,124.4787,125.3989,124.2871,124.0934,4903
2024-01-01 00:43:20,124.0934,124.1321,123.8676,124.1525,2401
2024-01-01 00:43:21,124.1525,124.6678,124.1486,122.9838,5846
2024-01-01 00:43:22,122.9838,123.24,122.7712,122.722,5104
2024-01-01 00:43:23,122.722,122.8327,122.1863,122.4075,1202
2024-01-01 00:43:24,122.4075,122.6813,122.3061,122.8678,3929
2024-01-01 00:43:25,122.8678,122.9203,122.8484,123.2214,1145
2024-01-01 00:43:26,123.2214,123.3846,122.6473,121.9506,4569
2024-01-01 00:43:27,121.9506,122.2822,121.7361,122.0702,2303
2024-01-01 00:43:28,122.0702,122.4764,122.0275,121.9567,3945
2024-01-01 00:43:29,121.9567,121.9832,121.43,122.1241,5252
2024-01-01 00:43:30,122.1241,122.2388,122.0086,122.3015,1812
2024-01-01 00:43:31,122.3015,122.349,121.8667,122.0956,4018
2024-01-01 00:43:32,122.0956,122.6413,122.0186,121.6982,4734
2024-01-01 00:43:33,121.6982,122.139,121.5211,121.6278,5244
2024-01-01 00:43:34,121.6278,121.6362,121.2999,121.7169,9854
2024-01-01 00:43:35,121.7169,121.7973,121.3185,120.912,6729
2024-01-01 00:43:36,120.912,121.138,120.8207,121.3721,4343
2024-01-01 00:43:37,121.3721,121.5046,121.1152,121.5031,7815
2024-01-01 00:43:38,121.5031,121.6403,121.4893,121.9782,6902
2024-01-01 00:43:39,121.9782,122.1346,121.7137,122.0876,7139
2024-01-01 00:43:40,122.0876,122.2357,121.9598,120.763,1730
2024-01-01 00:43:41,120.763,120.8065,120.5975,120.5581,1418
2024-01-01 00:43:42,120.5581,120.6861,120.3743,120.8288,9326
2024-01-01 00:43:43,120.8288,120.9277,120.3653,121.5604,4520
2024-01-01 00:43:44,121.5604,121.834,121.4661,121.0818,2285
2024-01-01 00:43:45,121.0818,121.8091,120.8714,120.8439,4679
2024-01-01 00:43:46,120.8439,121.2633,120.5104,119.2396,9830
2024-01-01 00:43:47,119.2396,119.3015,118.661,118.6453,9646
2024-01-01 00:43:48,118.6453,119.0367,118.4489,118.8492,6192
2024-01-01 00:43:49,118.8492,118.9178,118.2829,118.3391,5801
2024-01-01 00:43:50,118.3391,118.4811,118.0887,118.7176,4782
2024-01-01 00:43:51,118.7176,119.1968,118.5811,117.4052,2890
2024-01-01 00:43:52,117.4052,117.7101,117.1079,117.2152,2305
2024-01-01 00:43:53,117.2152,117.4281,116.9297,117.08,6935
2024-01-01 00:43:54,117.08,117.4159,116.7834,116.6909,3052
2024-01-01 00:43:55,116.6909,116.8917,116.5897,116.8551,7678
2024-01-01 00:43:56,116.8551,117.2498,116.4337,116.5153,6596
2024-01-01 00:43:57,116.5153,116.5636,116.4014,115.9666,7898
2024-01-01 00:43:58,115.9666,115.972,115.3475,115.6833,4245
2024-01-01 00:43:59,115.6833,116.1793,115.3223,115.7209,1254
2024-01-01 00:44:00,115.7209,115.9916,115.6749,115.981,8698
2024-01-01 00:44:01,115.981,115.988,115.8252,115.1965,1558
2024-01-01 00:44:02,115.1965,115.2536,115.1383,115.2518,9436
2024-01-01 00:44:03,115.2518,115.7021,114.753,115.4206,7919
2024-01-01 00:44:04,115.4206,115.6618,114.9772,115.1113,2950
2024-01-01 00:44:05,115.1113,115.4017,114.6327,114.835,6515
2024-01-01 00:44:06,114.835,115.0608,114.7438,114.2539,6815
2024-01-01 00:44:07,114.2539,114.8809,114.0498,114.2483,8368
2024-01-01 00:44:08,114.2483,114.5687,114.2259,114.2171,4005
2024-01-01 00:44:09,114.2171,114.2829,113.8222,113.442,9345
2024-01-01 00:44:10,113.442,113.7625,113.2021,114.361,8430
2024-01-01 00:44:11,114.361,114.5951,114.1394,114.0945,9334
2024-01-01 00:44:12,114.0945,114.3337,114.0631,114.025,9082
2024-01-01 00:44:13,114.025,114.2344,113.7,113.6653,9604
2024-01-01 00:44:14,113.6653,113.9434,113.428,112.8201,6219
2024-01-01 00:44:15,112.8201,112.8542,112.0777,113.0163,1687
2024-01-01 00:44:16,113.0163,113.466,112.8104,113.335,9505
2024-01-01 00:44:17,113.335,113.444,112.7274,113.3117,6150
2024-01-01 00:44:18,113.3117,113.4554,113.1353,113.6437,8191
2024-01-01 00:44:19,113.6437,113.6738,113.4635,113.9149,5250
2024-01-01 00:44:20,113.9149,113.9502,113.5194,114.7496,3310
2024-01-01 00:44:21,114.7496,115.0628,114.5339,114.4112,9334
2024-01-01 00:44:22,114.4112,114.4818,113.7887,114.4148,9844
2024-01-01 00:44:23,114.4148,114.6069,114.3682,113.686,9001
2024-01-01 00:44:24,113.686,113.7456,113.4784,113.7426,7987
2024-01-01 00:44:25,113.7426,113.7835,113.381,114.8838,8435
2024-01-01 00:44:26,114.8838,115.0226,114.7269,114.8167,8281
2024-01-01 00:44:27,114.8167,115.0846,114.5918,113.8878,2423
2024-01-01 00:44:28,113.8878,114.5994,113.8706,114.9269,6795
2024-01-01 00:44:29,114.9269,115.0907,114.4593,114.6797,4644
2024-01-01 00:44:30,114.6797,114.944,114.4388,114.6166,9402
2024-01-01 00:44:31,114.6166,114.672,114.5127,114.5988,6157
2024-01-01 00:44:32,114.5988,114.6514,114.2203,114.7078,9540
2024-01-01 00:44:33,114.7078,114.9448,114.1831,115.1688,1583
2024-01-01 00:44:34,115.1688,115.3011,115.1586,115.8358,4607
2024-01-01 00:44:35,115.8358,115.9449,115.627,116.4999,3481
2024-01-01 00:44:36,116.4999,116.5187,116.3404,116.1796,2453
2024-01-01 00:44:37,116.1796,116.7434,115.9997,116.1851,4509
2024-01-01 00:44:38,116.1851,116.1873,115.9933,116.3717,3918
2024-01-01 00:44:39,116.3717,116.816,116.2611,116.2503,7230
2024-01-01 00:44:40,116.2503,116.4112,116.0359,116.0017,3950
2024-01-01 00:44:41,116.0017,116.4156,115.6026,116.502,5786
2024-01-01 00:44:42,116.502,116.805,116.2249,116.2159,9903
2024-01-01 00:44:43,116.2159,116.3501,116.1998,115.7239,2841
2024-01-01 00:44:44,115.7239,115.8715,115.6965,116.7608,8326
2024-01-01 00:44:45,116.7608,116.9625,116.3674,116.2412,2897
2024-01-01 00:44:46,116.2412,116.9126,116.0935,116.8008,7522
2024-01-01 00:44:47,116.8008,116.9456,116.3043,116.4097,8925
2024-01-01 00:44:48,116.4097,116.9154,116.0415,116.9455,1474
2024-01-01 00:44:49,116.9455,117.0363,116.6002,116.4933,7701
2024-01-01 00:44:50,116.4933,116.6856,116.4742,117.2908,7412
2024-01-01 00:44:51,117.2908,117.4052,116.9966,117.7268,5271
2024-01-01 00:44:52,117.7268,117.8509,117.6894,118.0636,1747
2024-01-01 00:44:53,118.0636,118.1743,117.7761,117.6122,3728
2024-01-01 00:44:54,117.6122,117.7292,117.006,116.7649,6401
2024-01-01 00:44:55,116.7649,117.0221,116.4937,117.6041,1345
2024-01-01 00:44:56,117.6041,117.7276,117.4184,117.6744,2039
2024-01-01 00:44:57,117.6744,117.8784,117.3744,116.6158,6932
2024-01-01 00:44:58,116.6158,116.8083,116.4575,115.2001,4757
2024-01-01 00:44:59,115.2001,115.2446,115.0277,114.7734,7125
2024-01-01 00:45:00,114.7734,114.9557,114.699,114.6027,1591
2024-01-01 00:45:01,114.6027,114.8868,114.1873,113.4231,9627
2024-01-01 00:45:02,113.4231,113.6046,113.2486,113.8258,5939
2024-01-01 00:45:03,113.8258,114.2448,113.7615,113.8535,5051
2024-01-01 00:45:04,113.8535,113.9587,113.7408,114.6673,7565
2024-01-01 00:45:05,114.6673,115.0019,114.3056,114.2178,5423
2024-01-01 00:45:06,114.2178,114.3091,113.7502,114.3469,7805
2024-01-01 00:45:07,114.3469,114.8372,114.2845,114.3248,9875
2024-01-01 00:45:08,114.3248,114.4302,114.2776,114.0979,4183
2024-01-01 00:45:09,114.0979,114.3889,113.5799,113.2145,6303
2024-01-01 00:45:10,113.2145,113.4387,113.1075,112.4792,2633
2024-01-01 00:45:11,112.4792,112.5184,112.0427,113.0039,8723
2024-01-01 00:45:12,113.0039,113.2264,112.9508,112.6256,5563
2024-01-01 00:45:13,112.6256,113.2769,112.5572,113.1285,9736
2024-01-01 00:45:14,113.1285,113.1407,112.6452,112.638,7106
2024-01-01 00:45:15,112.638,112.6759,112.1645,112.6033,8409
2024-01-01 00:45:16,112.6033,113.4082,112.4291,112.8239,7059
2024-01-01 00:45:17,112.8239,112.9665,112.803,113.0424,6089
2024-01-01 00:45:18,113.0424,113.5172,112.9096,112.5915,3773
2024-01-01 00:45:19,112.5915,112.7797,111.9006,112.5576,5095
2024-01-01 00:45:20,112.5576,112.7109,112.3657,112.9967,4808
2024-01-01 00:45:21,112.9967,113.3229,112.8701,112.4788,7747
2024-01-01 00:45:22,112.4788,112.7312,112.3243,112.3078,7660
2024-01-01 00:45:23,112.3078,112.4716,112.1365,112.665,4427
2024-01-01 00:45:24,112.665,113.1986,112.4156,112.6932,4862
2024-01-01 00:45:25,112.6932,112.8988,112.2691,112.5708,9428
2024-01-01 00:45:26,112.5708,112.737,112.499,111.7986,7974
2024-01-01 00:45:27,111.7986,111.8899,111.5221,110.6778,1223
2024-01-01 00:45:28,110.6778,111.1019,110.516,111.1135,2862
2024-01-01 00:45:29,111.1135,111.4193,111.0369,111.5773,3797
2024-01-01 00:45:30,111.5773,111.8379,111.1875,111.1493,7850
2024-01-01 00:45:31,111.1493,111.3524,111.0006,111.9332,8134
2024-01-01 00:45:32,111.9332,111.946,111.759,112.7306,6281
2024-01-01 00:45:33,112.7306,112.9474,112.5392,112.4588,3718
2024-01-01 00:45:34,112.4588,112.7424,112.342,112.8422,7082
2024-01-01 00:45:35,112.8422,113.0687,112.8145,113.504,8583
2024-01-01 00:45:36,113.504,113.7644,113.4836,113.6136,3217
2024-01-01 00:45:37,113.6136,113.8576,113.2056,111.9452,8763
2024-01-01 00:45:38,111.9452,111.9644,111.8797,112.463,1091
2024-01-01 00:45:39,112.463,112.5363,112.284,112.6139,2537
2024-01-01 00:45:40,112.6139,112.6771,112.3011,112.1781,3563
2024-01-01 00:45:41,112.1781,112.5678,112.0043,112.3887,4703
2024-01-01 00:45:42,112.3887,112.4306,112.3022,112.3413,7982
2024-01-01 00:45:43,112.3413,112.5623,112.2116,112.7239,7607
2024-01-01 00:45:44,112.7239,112.8783,112.5968,113.3117,3497
2024-01-01 00:45:45,113.3117,113.4789,113.1854,113.0503,3921
2024-01-01 00:45:46,113.0503,113.1892,112.9344,113.0314,7274
2024-01-01 00:45:47,113.0314,113.2804,112.5796,112.3948,5542
2024-01-01 00:45:48,112.3948,112.4968,111.9043,113.1944,4429
2024-01-01 00:45:49,113.1944,113.4527,112.7376,112.4655,4546
2024-01-01 00:45:50,112.4655,112.7592,112.3565,113.2228,1004
2024-01-01 00:45:51,113.2228,113.5066,112.6511,113.4616,1855
2024-01-01 00:45:52,113.4616,113.8744,113.1592,114.0531,5957
2024-01-01 00:45:53,114.0531,114.203,114.0527,114.3082,7442
2024-01-01 00:45:54,114.3082,114.5145,114.0522,113.9542,9552
2024-01-01 00:45:55,113.9542,114.0037,113.8437,114.0232,4504
2024-01-01 00:45:56,114.0232,114.2235,113.786,115.1822,8163
2024-01-01 00:45:57,115.1822,115.5055,115.053,114.5003,5104
2024-01-01 00:45:58,114.5003,114.8524,114.2453,114.2479,1414
2024-01-01 00:45:59,114.2479,114.6412,113.8082,114.4305,6668
2024-01-01 00:46:00,114.4305,114.6367,113.4505,114.3838,4129
2024-01-01 00:46:01,114.3838,114.5231,114.257,113.7395,1174
2024-01-01 00:46:02,113.7395,114.0071,113.6042,113.8974,6381
2024-01-01 00:46:03,113.8974,114.1364,113.737,114.5222,5157
2024-01-01 00:46:04,114.5222,114.5231,114.4598,114.4413,8843
2024-01-01 00:46:05,114.4413,115.2369,113.8501,115.1555,5145
2024-01-01 00:46:06,115.1555,115.2573,115.0885,115.1295,8713
2024-01-01 00:46:07,115.1295,115.5538,115.1221,115.075,9033
2024-01-01 00:46:08,115.075,115.5183,114.8489,115.4587,2702
2024-01-01 00:46:09,115.4587,115.5292,115.4415,114.9564,3509
2024-01-01 00:46:10,114.9564,115.1364,114.8825,114.8706,2956
2024-01-01 00:46:11,114.8706,115.2717,114.7232,114.7031,2021
2024-01-01 00:46:12,114.7031,115.2481,114.6023,114.3152,1273
2024-01-01 00:46:13,114.3152,114.5375,113.9263,115.279,6185
2024-01-01 00:46:14,115.279,115.3885,114.8007,115.5227,7000
2024-01-01 00:46:15,115.5227,116.2317,115.4496,115.4538,7605
2024-01-01 00:46:16,115.4538,115.6772,115.2718,114.8117,9216
2024-01-01 00:46:17,114.8117,114.9535,114.6228,114.935,3827
2024-01-01 00:46:18,114.935,115.0189,114.8222,114.5587,3833
2024-01-01 00:46:19,114.5587,114.9391,114.1256,115.1215,1052
2024-01-01 00:46:20,115.1215,115.4782,114.8732,114.8811,2410
2024-01-01 00:46:21,114.8811,115.1871,114.7459,115.2587,2904
2024-01-01 00:46:22,115.2587,115.3525,115.0342,115.5349,1329
2024-01-01 00:46:23,115.5349,115.5904,115.0088,115.7607,4563
2024-01-01 00:46:24,115.7607,116.0147,115.2456,115.4012,6042
2024-01-01 00:46:25,115.4012,115.6255,115.0341,114.5661,4130
2024-01-01 00:46:26,114.5661,115.0571,114.4574,114.5528,5703
2024-01-01 00:46:27,114.5528,114.6249,114.4044,115.0063,6169
2024-01-01 00:46:28,115.0063,115.2995,114.9778,114.192,5832
2024-01-01 00:46:29,114.192,114.211,113.8697,114.5219,2514
2024-01-01 00:46:30,114.5219,114.547,114.2717,113.8658,8367
2024-01-01 00:46:31,113.8658,114.0848,113.4644,114.4485,3793
2024-01-01 00:46:32,114.4485,114.5787,114.1678,115.3721,4451
2024-01-01 00:46:33,115.3721,115.6919,115.3595,115.781,5729
2024-01-01 00:46:34,115.781,116.2298,115.2165,115.9859,5406
2024-01-01 00:46:35,115.9859,116.421,115.7068,115.9636,5230
2024-01-01 00:46:36,115.9636,116.1922,115.6443,116.0406,4054
2024-01-01 00:46:37,116.0406,116.3732,115.9884,115.7564,6291
2024-01-01 00:46:38,115.7564,115.9666,115.6895,115.4178,2713
2024-01-01 00:46:39,115.4178,115.8336,114.978,115.3486,1129
2024-01-01 00:46:40,115.3486,115.6349,115.0129,115.6567,4065
2024-01-01 00:46:41,115.6567,115.876,115.5235,116.5805,8648
2024-01-01 00:46:42,116.5805,116.7256,116.1952,115.7813,8126
2024-01-01 00:46:43,115.7813,115.8219,115.4439,116.0402,4990
2024-01-01 00:46:44,116.0402,116.3301,115.8031,116.0324,5918
2024-01-01 00:46:45,116.0324,116.7006,115.8603,116.6738,4838
2024-01-01 00:46:46,116.6738,117.3166,116.3605,116.7627,5413
2024-01-01 00:46:47,116.7627,117.0537,116.6761,116.7398,1467
2024-01-01 00:46:48,116.7398,116.895,116.6134,116.8949,9586
2024-01-01 00:46:49,116.8949,117.1507,116.1327,117.5351,3286
2024-01-01 00:46:50,117.5351,117.7318,116.7645,117.8434,6067
2024-01-01 00:46:51,117.8434,117.8875,117.6837,117.5129,6670
2024-01-01 00:46:52,117.5129,117.5592,117.3434,117.2223,3819
2024-01-01 00:46:53,117.2223,117.2612,117.1058,117.2238,4869
2024-01-01 00:46:54,117.2238,117.4743,117.1957,117.5594,7131
2024-01-01 00:46:55,117.5594,117.7361,117.5539,117.2739,2636
2024-01-01 00:46:56,117.2739,117.3573,117.0643,116.5248,7165
2024-01-01 00:46:57,116.5248,116.7545,116.1152,115.477,2569
2024-01-01 00:46:58,115.477,115.6475,115.1986,115.144,6359
2024-01-01 00:46:59,115.144,115.5892,114.812,114.9441,7956
2024-01-01 00:47:00,114.9441,115.1562,114.6887,114.4372,1440
2024-01-01 00:47:01,114.4372,114.5099,114.0328,115.0479,4852
2024-01-01 00:47:02,115.0479,115.2482,114.8649,114.7378,7523
2024-01-01 00:47:03,114.7378,115.1092,114.5169,114.1225,3262
2024-01-01 00:47:04,114.1225,114.1225,114.08,113.9721,7292
2024-01-01 00:47:05,113.9721,114.1513,113.7118,114.1812,5668
2024-01-01 00:47:06,114.1812,114.5984,113.9496,113.9004,7909
2024-01-01 00:47:07,113.9004,114.03,113.6272,113.9476,9476
2024-01-01 00:47:08,113.9476,114.2372,113.5511,114.2299,2661
2024-01-01 00:47:09,114.2299,114.4002,113.9763,114.6076,1200
2024-01-01 00:47:10,114.6076,114.741,114.1512,114.747,1189
2024-01-01 00:47:11,114.747,115.5051,114.6808,114.7137,7581
2024-01-01 00:47:12,114.7137,114.7607,114.2737,114.5658,2899
2024-01-01 00:47:13,114.5658,114.9955,114.2383,114.9396,8377
2024-01-01 00:47:14,114.9396,114.9464,114.8029,114.0683,6977
2024-01-01 00:47:15,114.0683,114.2121,113.9467,113.1315,7947
2024-01-01 00:47:16,113.1315,113.1899,113.0535,112.6495,6523
2024-01-01 00:47:17,112.6495,113.0952,112.4991,112.3954,5224
2024-01-01 00:47:18,112.3954,112.9151,112.3491,112.6913,1795
2024-01-01 00:47:19,112.6913,112.7748,112.6725,112.1458,9021
2024-01-01 00:47:20,112.1458,112.1696,111.9121,111.9905,7974
2024-01-01 00:47:21,111.9905,112.1218,111.7761,111.71,1385
2024-01-01 00:47:22,111.71,111.76,111.6749,111.4075,6318
2024-01-01 00:47:23,111.4075,111.4313,111.3303,111.4811,2829
2024-01-01 00:47:24,111.4811,111.5451,111.465,111.3959,2377
2024-01-01 00:47:25,111.3959,111.5479,111.3619,111.0188,3369
2024-01-01 00:47:26,111.0188,111.255,110.8949,110.6624,4999
2024-01-01 00:47:27,110.6624,111.2286,110.3454,111.9824,9577
2024-01-01 00:47:28,111.9824,112.0187,111.9436,111.8517,2656
2024-01-01 00:47:29,111.8517,112.4713,111.2837,111.9755,2290
2024-01-01 00:47:30,111.9755,112.3391,111.8781,111.6027,4013
2024-01-01 00:47:31,111.6027,111.8227,111.5318,112.0819,2298
2024-01-01 00:47:32,112.0819,112.3552,111.9363,112.3585,5275
2024-01-01 00:47:33,112.3585,112.7731,112.3453,112.5764,9833
2024-01-01 00:47:34,112.5764,112.7542,112.4885,112.8041,8748
2024-01-01 00:47:35,112.8041,112.9564,112.1184,112.3427,5502
2024-01-01 00:47:36,112.3427,112.8633,112.2675,112.3256,7531
2024-01-01 00:47:37,112.3256,112.7067,112.0829,113.061,5467
2024-01-01 00:47:38,113.061,113.0675,112.9732,113.4015,5501
2024-01-01 00:47:39,113.4015,113.4449,112.9982,112.6846,6212
2024-01-01 00:47:40,112.6846,112.8073,112.6306,112.977,5715
2024-01-01 00:47:41,112.977,113.0333,112.5696,112.6352,8547
2024-01-01 00:47:42,112.6352,112.8586,112.4938,112.0311,1205
2024-01-01 00:47:43,112.0311,112.1763,111.8114,112.4679,8280
2024-01-01 00:47:44,112.4679,112.9482,112.0981,113.0359,3785
2024-01-01 00:47:45,113.0359,113.1432,112.8318,113.0399,1528
2024-01-01 00:47:46,113.0399,113.3705,112.7349,112.6936,6657
2024-01-01 00:47:47,112.6936,113.1253,112.4452,112.9673,9676
2024-01-01 00:47:48,112.9673,113.1498,112.7879,112.6845,1484
2024-01-01 00:47:49,112.6845,112.9063,112.3542,113.3714,6761
2024-01-01 00:47:50,113.3714,113.4947,113.3245,112.8958,5651
2024-01-01 00:47:51,112.8958,113.2226,112.7748,112.0652,4845
2024-01-01 00:47:52,112.0652,112.3282,111.537,111.6253,3023
2024-01-01 00:47:53,111.6253,111.798,111.5048,112.4686,2812
2024-01-01 00:47:54,112.4686,112.5495,112.1875,112.1854,7571
2024-01-01 00:47:55,112.1854,112.4512,112.0989,112.9147,4567
2024-01-01 00:47:56,112.9147,113.1142,112.7943,112.3259,2730
2024-01-01 00:47:57,112.3259,112.5605,111.9335,112.7565,6206
2024-01-01 00:47:58,112.7565,112.7619,112.7089,112.14,8600
2024-01-01 00:47:59,112.14,112.2941,111.4756,112.6424,3571
2024-01-01 00:48:00,112.6424,112.7287,112.554,112.92,6473
2024-01-01 00:48:01,112.92,112.9556,112.4831,113.5189,2610
2024-01-01 00:48:02,113.5189,113.811,113.2146,112.9781,1475
2024-01-01 00:48:03,112.9781,113.0983,112.8668,112.8953,9247
2024-01-01 00:48:04,112.8953,112.8981,112.8143,113.5717,6325
2024-01-01 00:48:05,113.5717,113.7113,113.4565,112.3732,8731
2024-01-01 00:48:06,112.3732,113.0502,111.9705,111.8796,7378
2024-01-01 00:48:07,111.8796,112.4465,111.6873,111.9761,3644
2024-01-01 00:48:08,111.9761,112.1022,111.9533,111.2029,4273
2024-01-01 00:48:09,111.2029,111.3131,110.9787,111.7669,1506
2024-01-01 00:48:10,111.7669,112.0884,111.7542,111.9153,4963
2024-01-01 00:48:11,111.9153,112.1485,111.1443,112.5948,9195
2024-01-01 00:48:12,112.5948,113.0149,112.2757,112.0257,3609
2024-01-01 00:48:13,112.0257,112.0412,111.5459,111.1624,2144
2024-01-01 00:48:14,111.1624,111.1657,110.8951,111.2905,8703
2024-01-01 00:48:15,111.2905,111.3647,111.2032,110.3902,7833
2024-01-01 00:48:16,110.3902,110.554,109.9274,111.3901,9751
2024-01-01 00:48:17,111.3901,111.4609,111.0756,111.2057,1979
2024-01-01 00:48:18,111.2057,111.4972,110.9804,111.0713,6953
2024-01-01 00:48:19,111.0713,111.6257,110.6655,110.3025,8209
2024-01-01 00:48:20,110.3025,110.3695,110.1602,110.0706,2831
2024-01-01 00:48:21,110.0706,110.1208,109.7884,110.3804,6567
2024-01-01 00:48:22,110.3804,110.5546,110.1466,110.6147,6407
2024-01-01 00:48:23,110.6147,110.6886,110.5231,110.6575,9053
2024-01-01 00:48:24,110.6575,111.162,110.4058,110.6707,6417
2024-01-01 00:48:25,110.6707,110.779,110.2182,111.3097,5510
2024-01-01 00:48:26,111.3097,111.5936,111.1618,110.608,4621
2024-01-01 00:48:27,110.608,110.8899,110.3439,110.9387,5771
2024-01-01 00:48:28,110.9387,111.3848,110.7057,110.6622,8206
2024-01-01 00:48:29,110.6622,110.7428,110.5082,110.4864,3106
2024-01-01 00:48:30,110.4864,110.685,110.1675,110.7381,1458
2024-01-01 00:48:31,110.7381,110.9733,110.4183,111.2113,3430
2024-01-01 00:48:32,111.2113,111.3287,111.1218,110.8768,9467
2024-01-01 00:48:33,110.8768,111.2225,110.6445,110.0632,3791
2024-01-01 00:48:34,110.0632,110.1376,109.7611,110.7709,9574
2024-01-01 00:48:35,110.7709,111.194,110.3444,110.464,8950
2024-01-01 00:48:36,110.464,110.9513,110.1211,109.8611,7223
2024-01-01 00:48:37,109.8611,110.5852,109.7962,109.9258,6609
2024-01-01 00:48:38,109.9258,110.1273,109.6844,109.9794,2959
2024-01-01 00:48:39,109.9794,110.145,109.7515,110.5337,8525
2024-01-01 00:48:40,110.5337,110.7145,110.0383,109.8871,9587
2024-01-01 00:48:41,109.8871,110.2828,109.5924,109.9505,6956
2024-01-01 00:48:42,109.9505,110.2101,109.7323,109.6918,2100
2024-01-01 00:48:43,109.6918,109.7949,108.9326,109.9519,9810
2024-01-01 00:48:44,109.9519,110.5232,109.5877,110.876,5062
2024-01-01 00:48:45,110.876,110.8939,110.3403,111.0988,3993
2024-01-01 00:48:46,111.0988,111.5031,111.0846,110.8305,8472
2024-01-01 00:48:47,110.8305,111.1986,110.08,111.595,5354
2024-01-01 00:48:48,111.595,111.6371,111.3869,111.3877,2043
2024-01-01 00:48:49,111.3877,111.5207,111.2987,112.2639,5960
2024-01-01 00:48:50,112.2639,112.3444,111.924,112.5973,8606
2024-01-01 00:48:51,112.5973,113.1026,112.2385,112.259,1836
2024-01-01 00:48:52,112.259,112.6451,112.2097,111.9618,2366
2024-01-01 00:48:53,111.9618,112.0979,111.9412,112.1966,4522
2024-01-01 00:48:54,112.1966,112.3433,111.8792,111.8523,2827
2024-01-01 00:48:55,111.8523,111.9131,111.5337,111.8843,4191
2024-01-01 00:48:56,111.8843,112.1101,111.8517,111.2825,5124
2024-01-01 00:48:57,111.2825,111.2942,110.8758,109.7248,9070
2024-01-01 00:48:58,109.7248,109.9213,109.4811,109.4216,5909
2024-01-01 00:48:59,109.4216,109.4545,109.0533,109.4644,6589
2024-01-01 00:49:00,109.4644,109.8446,109.3477,109.3628,3984
2024-01-01 00:49:01,109.3628,109.6251,109.3423,109.8649,9348
2024-01-01 00:49:02,109.8649,109.8979,109.5725,109.5716,5991
2024-01-01 00:49:03,109.5716,110.0664,109.2373,109.7845,6610
2024-01-01 00:49:04,109.7845,110.0688,109.5705,109.3818,4797
2024-01-01 00:49:05,109.3818,109.4629,109.0371,110.1737,6243
2024-01-01 00:49:06,110.1737,110.5109,109.8997,110.2319,4445
2024-01-01 00:49:07,110.2319,110.3887,110.1569,109.1812,3562
2024-01-01 00:49:08,109.1812,109.4627,109.0982,109.3605,3574
2024-01-01 00:49:09,109.3605,109.5261,109.039,109.619,8762
2024-01-01 00:49:10,109.619,110.0537,109.5748,109.1165,5306
2024-01-01 00:49:11,109.1165,109.6982,109.013,108.7273,5974
2024-01-01 00:49:12,108.7273,108.9134,108.6451,108.4331,6166
2024-01-01 00:49:13,108.4331,108.7332,108.335,107.5031,7447
2024-01-01 00:49:14,107.5031,107.535,107.409,107.5073,7697
2024-01-01 00:49:15,107.5073,107.8362,107.0755,107.4452,8485
2024-01-01 00:49:16,107.4452,107.5044,107.3871,107.4558,5193
2024-01-01 00:49:17,107.4558,107.5364,107.1771,107.1278,6273
2024-01-01 00:49:18,107.1278,107.2574,106.6684,106.687,4522
2024-01-01 00:49:19,106.687,106.9259,106.4695,106.3946,5488
2024-01-01 00:49:20,106.3946,106.5339,106.238,106.6868,8698
2024-01-01 00:49:21,106.6868,107.3805,106.4712,107.1953,7390
2024-01-01 00:49:22,107.1953,107.8025,106.9529,106.7784,7144
2024-01-01 00:49:23,106.7784,106.8734,106.7413,106.8114,6614
2024-01-01 00:49:24,106.8114,107.0957,106.6823,106.7332,3200
2024-01-01 00:49:25,106.7332,106.8194,106.6531,106.6212,7779
2024-01-01 00:49:26,106.6212,107.1664,106.29,107.0793,2441
2024-01-01 00:49:27,107.0793,107.3268,106.9782,106.7299,9955
2024-01-01 00:49:28,106.7299,106.9623,106.4856,106.7611,1358
2024-01-01 00:49:29,106.7611,107.0877,106.3639,106.6807,6143
2024-01-01 00:49:30,106.6807,106.7562,106.61,107.1371,4519
2024-01-01 00:49:31,107.1371,107.2727,106.8284,106.3162,8549
2024-01-01 00:49:32,106.3162,106.4684,106.0876,106.1004,1379
2024-01-01 00:49:33,106.1004,106.374,105.7685,106.0313,8001
2024-01-01 00:49:34,106.0313,106.2413,105.6801,105.5724,9392
2024-01-01 00:49:35,105.5724,105.8437,105.2958,105.7546,1525
2024-01-01 00:49:36,105.7546,105.907,105.5808,106.7383,5630
2024-01-01 00:49:37,106.7383,107.1177,106.5455,107.2888,2237
2024-01-01 00:49:38,107.2888,107.6125,107.2182,106.0486,9413
2024-01-01 00:49:39,106.0486,106.1217,105.9429,105.444,8675
2024-01-01 00:49:40,105.444,106.0461,105.4379,104.2314,8060
2024-01-01 00:49:41,104.2314,104.3701,103.9255,103.3779,3493
2024-01-01 00:49:42,103.3779,103.4726,103.2142,103.2639,9646
2024-01-01 00:49:43,103.2639,103.3595,102.7812,102.8989,8084
2024-01-01 00:49:44,102.8989,103.0935,102.7849,103.288,7388
2024-01-01 00:49:45,103.288,103.5008,103.2626,103.9607,7998
2024-01-01 00:49:46,103.9607,104.4392,103.5184,104.5364,9722
2024-01-01 00:49:47,104.5364,104.9648,104.4199,104.1043,6810
2024-01-01 00:49:48,104.1043,104.3997,103.9324,104.7248,3429
2024-01-01 00:49:49,104.7248,104.7765,104.542,104.5746,1429
2024-01-01 00:49:50,104.5746,104.725,104.4228,103.3987,6710
2024-01-01 00:49:51,103.3987,103.6551,103.3236,103.4627,6166
2024-01-01 00:49:52,103.4627,103.6537,103.4092,104.1225,5441
2024-01-01 00:49:53,104.1225,104.1945,103.4523,104.4074,6821
2024-01-01 00:49:54,104.4074,104.5123,104.2629,105.4172,7145
2024-01-01 00:49:55,105.4172,106.0127,105.3213,105.3295,4417
2024-01-01 00:49:56,105.3295,105.5523,105.1654,104.9319,7234
2024-01-01 00:49:57,104.9319,105.0625,104.8488,105.1327,3868
2024-01-01 00:49:58,105.1327,105.1493,104.9548,104.4762,4434
2024-01-01 00:49:59,104.4762,104.7291,104.2376,104.4454,6871
2024-01-01 00:50:00,104.4454,104.7073,104.1299,104.4445,9305
2024-01-01 00:50:01,104.4445,104.5912,104.2669,105.7967,2834
2024-01-01 00:50:02,105.7967,105.8151,105.5684,105.8816,2639
2024-01-01 00:50:03,105.8816,106.3243,105.3085,106.2388,2069
2024-01-01 00:50:04,106.2388,106.4728,105.8599,105.3505,2383
2024-01-01 00:50:05,105.3505,105.6708,104.9072,107.2657,8722
2024-01-01 00:50:06,107.2657,107.3427,107.184,108.5498,1743
2024-01-01 00:50:07,108.5498,108.6937,108.3742,107.4917,1151
2024-01-01 00:50:08,107.4917,107.6174,107.3197,107.6936,2002
2024-01-01 00:50:09,107.6936,107.863,107.5766,106.896,5801
2024-01-01 00:50:10,106.896,107.1201,106.7947,106.5376,9496
2024-01-01 00:50:11,106.5376,107.0197,106.4308,106.7947,3975
2024-01-01 00:50:12,106.7947,107.3066,106.7778,106.0418,4343
2024-01-01 00:50:13,106.0418,106.1868,105.6473,105.9217,5344
2024-01-01 00:50:14,105.9217,105.9717,105.8505,105.8351,8708
2024-01-01 00:50:15,105.8351,106.4294,105.7053,105.8545,7679
2024-01-01 00:50:16,105.8545,105.9386,105.5563,106.3203,3591
2024-01-01 00:50:17,106.3203,106.5449,106.1569,105.9662,4648
2024-01-01 00:50:18,105.9662,106.4552,105.7068,107.2133,7800
2024-01-01 00:50:19,107.2133,107.4435,106.9209,107.5821,3202
2024-01-01 00:50:20,107.5821,108.0097,107.2409,108.1487,5208
2024-01-01 00:50:21,108.1487,108.4525,107.8325,108.1513,6989
2024-01-01 00:50:22,108.1513,108.2705,107.8639,108.8672,4215
2024-01-01 00:50:23,108.8672,109.121,108.6108,109.1989,3336
2024-01-01 00:50:24,109.1989,109.3217,108.9463,109.2306,2724
2024-01-01 00:50:25,109.2306,109.2309,109.0027,109.5159,5933
2024-01-01 00:50:26,109.5159,110.2293,109.3375,108.8755,5370
2024-01-01 00:50:27,108.8755,108.8854,108.7164,108.3477,7914
2024-01-01 00:50:28,108.3477,108.4667,108.2978,108.1499,7308
2024-01-01 00:50:29,108.1499,108.5104,107.7568,107.1782,3984
2024-01-01 00:50:30,107.1782,107.2165,107.0652,107.8849,7500
2024-01-01 00:50:31,107.8849,108.0569,107.5339,107.5682,8927
2024-01-01 00:50:32,107.5682,107.7191,107.024,107.7701,7646
2024-01-01 00:50:33,107.7701,107.9694,107.7083,106.7985,5305
2024-01-01 00:50:34,106.7985,106.8412,106.7045,106.5585,6527
2024-01-01 00:50:35,106.5585,106.8887,106.0177,107.3994,5182
2024-01-01 00:50:36,107.3994,107.911,107.3537,106.8509,2581
2024-01-01 00:50:37,106.8509,106.9862,106.6119,106.3042,9504
2024-01-01 00:50:38,106.3042,106.8261,106.2433,106.2337,9901
2024-01-01 00:50:39,106.2337,106.3848,106.0803,106.2842,8494
2024-01-01 00:50:40,106.2842,106.4173,106.248,106.4063,6695
2024-01-01 00:50:41,106.4063,106.5189,106.1055,106.1536,2359
2024-01-01 00:50:42,106.1536,106.322,105.9253,107.4587,9370
2024-01-01 00:50:43,107.4587,107.6537,106.9185,108.3029,4634
2024-01-01 00:50:44,108.3029,108.4999,108.2905,108.3568,3486
2024-01-01 00:50:45,108.3568,108.6973,108.2148,107.7466,1769
2024-01-01 00:50:46,107.7466,108.0173,107.6573,107.894,9697
2024-01-01 00:50:47,107.894,107.9821,107.7412,109.0974,3713
2024-01-01 00:50:48,109.0974,109.5426,108.9944,108.4425,3491
2024-01-01 00:50:49,108.4425,109.1655,108.2529,109.5848,7947
2024-01-01 00:50:50,109.5848,109.7732,108.8772,109.8389,5857
2024-01-01 00:50:51,109.8389,110.1193,109.6062,109.5286,7901
2024-01-01 00:50:52,109.5286,109.7373,109.0643,109.9697,1005
2024-01-01 00:50:53,109.9697,110.3895,109.7562,110.86,6105
2024-01-01 00:50:54,110.86,111.3316,110.7673,111.0684,7723
2024-01-01 00:50:55,111.0684,111.2869,110.8033,110.9649,3625
2024-01-01 00:50:56,110.9649,111.5068,110.7519,111.0479,3612
2024-01-01 00:50:57,111.0479,111.2294,110.8106,110.9348,4168
2024-01-01 00:50:58,110.9348,111.2135,110.8262,110.939,3300
2024-01-01 00:50:59,110.939,111.0593,110.8428,112.1455,3487
2024-01-01 00:51:00,112.1455,112.3054,112.1029,112.2214,2921
2024-01-01 00:51:01,112.2214,112.584,112.1742,112.6611,8718
2024-01-01 00:51:02,112.6611,112.9813,112.4969,112.7211,8444
2024-01-01 00:51:03,112.7211,113.0727,112.2128,112.1601,6593
2024-01-01 00:51:04,112.1601,112.6777,111.6066,113.0253,5185
2024-01-01 00:51:05,113.0253,113.2806,112.8063,113.2682,3759
2024-01-01 00:51:06,113.2682,113.591,113.1288,113.8146,4680
2024-01-01 00:51:07,113.8146,113.9425,113.7961,113.0044,6940
2024-01-01 00:51:08,113.0044,113.5879,112.5381,113.0577,8085
2024-01-01 00:51:09,113.0577,113.4346,112.8556,113.0844,5590
2024-01-01 00:51:10,113.0844,113.4919,112.73,113.5294,6387
2024-01-01 00:51:11,113.5294,114.0289,113.2533,113.1265,6843
2024-01-01 00:51:12,113.1265,113.1956,113.0494,113.3266,9109
2024-01-01 00:51:13,113.3266,113.3838,113.0118,112.9766,5354
2024-01-01 00:51:14,112.9766,113.2943,112.8775,113.6685,7157
2024-01-01 00:51:15,113.6685,114.1439,113.2919,113.0489,7268
2024-01-01 00:51:16,113.0489,113.0864,112.8224,113.2794,2615
2024-01-01 00:51:17,113.2794,113.4128,113.2108,112.6694,4909
2024-01-01 00:51:18,112.6694,113.0136,112.411,112.1906,7451
2024-01-01 00:51:19,112.1906,112.2075,112.1067,111.8931,8212
2024-01-01 00:51:20,111.8931,112.2066,111.1883,112.2841,8074
2024-01-01 00:51:21,112.2841,112.3174,112.2244,112.1149,3961
2024-01-01 00:51:22,112.1149,112.2244,111.5655,113.3089,1464
2024-01-01 00:51:23,113.3089,113.3855,112.7302,113.9637,5153
2024-01-01 00:51:24,113.9637,114.3166,113.4966,113.4858,5532
2024-01-01 00:51:25,113.4858,113.5743,113.4546,114.5243,8507
2024-01-01 00:51:26,114.5243,114.9285,114.5036,114.3012,9966
2024-01-01 00:51:27,114.3012,114.5952,113.9056,114.0074,6710
2024-01-01 00:51:28,114.0074,114.1883,113.878,114.0668,6763
2024-01-01 00:51:29,114.0668,114.4332,113.738,114.067,4728
2024-01-01 00:51:30,114.067,114.3013,113.9549,113.8936,7652
2024-01-01 00:51:31,113.8936,114.0291,113.5689,113.7818,4050
2024-01-01 00:51:32,113.7818,113.9832,113.5682,113.7957,6521
2024-01-01 00:51:33,113.7957,114.0152,113.1967,113.3424,3608
2024-01-01 00:51:34,113.3424,113.4094,113.0395,113.7695,9292
2024-01-01 00:51:35,113.7695,113.8878,113.4035,114.1951,9818
2024-01-01 00:51:36,114.1951,114.5696,114.0771,114.4989,7629
2024-01-01 00:51:37,114.4989,114.5998,114.364,114.6006,6573
2024-01-01 00:51:38,114.6006,114.6624,114.4771,114.1085,5815
2024-01-01 00:51:39,114.1085,114.7118,113.5872,113.9975,6305
2024-01-01 00:51:40,113.9975,113.9986,113.6318,114.538,5485
2024-01-01 00:51:41,114.538,114.749,114.5027,114.6977,4587
2024-01-01 00:51:42,114.6977,114.9123,114.5725,114.7081,1203
2024-01-01 00:51:43,114.7081,114.9328,113.9659,114.4287,8917
2024-01-01 00:51:44,114.4287,114.6929,114.0599,114.7002,7755
2024-01-01 00:51:45,114.7002,114.842,114.3663,114.4952,7547
2024-01-01 00:51:46,114.4952,114.9459,114.0022,113.765,6963
2024-01-01 00:51:47,113.765,113.8423,113.5434,113.6566,7065
2024-01-01 00:51:48,113.6566,114.1708,113.6207,112.9056,2262
2024-01-01 00:51:49,112.9056,113.0613,112.8636,113.5262,5045
2024-01-01 00:51:50,113.5262,113.9047,112.9758,113.7119,9314
2024-01-01 00:51:51,113.7119,113.808,113.3531,114.349,2717
2024-01-01 00:51:52,114.349,114.7312,114.2599,114.5886,4669
2024-01-01 00:51:53,114.5886,114.9714,114.5038,113.8075,1871
2024-01-01 00:51:54,113.8075,113.8871,113.7153,113.2875,3807
2024-01-01 00:51:55,113.2875,113.6116,113.2422,113.1885,1942
2024-01-01 00:51:56,113.1885,113.3963,113.159,113.6399,6806
2024-01-01 00:51:57,113.6399,114.078,113.449,113.4652,5128
2024-01-01 00:51:58,113.4652,113.6224,113.3862,114.228,3184
2024-01-01 00:51:59,114.228,114.4361,114.2099,113.6622,8407
2024-01-01 00:52:00,113.6622,114.0936,113.5887,113.3785,9322
2024-01-01 00:52:01,113.3785,113.5365,113.323,113.7211,9841
2024-01-01 00:52:02,113.7211,113.7707,113.202,114.3808,1867
2024-01-01 00:52:03,114.3808,114.4474,114.1062,113.3709,2960
2024-01-01 00:52:04,113.3709,113.4847,113.0853,113.4005,3641
2024-01-01 00:52:05,113.4005,113.4253,113.1749,113.6016,3938
2024-01-01 00:52:06,113.6016,113.6646,113.1647,113.6644,6436
2024-01-01 00:52:07,113.6644,114.2789,113.2793,113.3152,7347
2024-01-01 00:52:08,113.3152,113.5918,112.7411,113.4809,3998
2024-01-01 00:52:09,113.4809,113.7125,113.3217,113.6361,8051
2024-01-01 00:52:10,113.6361,113.8793,113.5146,114.0627,4713
2024-01-01 00:52:11,114.0627,114.3199,113.7143,114.527,2336
2024-01-01 00:52:12,114.527,114.9503,114.4668,114.081,1997
2024-01-01 00:52:13,114.081,114.1851,114.0692,114.0658,7113
2024-01-01 00:52:14,114.0658,114.0758,114.0183,114.0901,6355
2024-01-01 00:52:15,114.0901,114.1433,114.043,114.0827,7141
2024-01-01 00:52:16,114.0827,114.6618,113.9252,114.8746,3978
2024-01-01 00:52:17,114.8746,115.673,114.695,115.5196,2588
2024-01-01 00:52:18,115.5196,115.9964,115.2021,116.2858,8220
2024-01-01 00:52:19,116.2858,116.4529,115.6915,115.9028,3908
2024-01-01 00:52:20,115.9028,115.9281,115.5089,114.9862,9807
2024-01-01 00:52:21,114.9862,115.3931,114.6419,115.222,2970
2024-01-01 00:52:22,115.222,115.4647,115.1504,115.374,3955
2024-01-01 00:52:23,115.374,115.5273,115.2766,115.8217,2633
2024-01-01 00:52:24,115.8217,115.8277,115.1475,115.1417,8449
2024-01-01 00:52:25,115.1417,115.4824,114.9777,115.1229,7370
2024-01-01 00:52:26,115.1229,115.8268,115.0689,115.3779,5034
2024-01-01 00:52:27,115.3779,115.5254,115.212,115.2174,9040
2024-01-01 00:52:28,115.2174,115.5001,114.7966,115.4097,8871
2024-01-01 00:52:29,115.4097,115.6554,114.7994,116.2759,2618
2024-01-01 00:52:30,116.2759,116.383,115.9036,116.4018,9715
2024-01-01 00:52:31,116.4018,116.9017,116.3333,115.4911,4292
2024-01-01 00:52:32,115.4911,115.6496,115.4699,115.4363,7984
2024-01-01 00:52:33,115.4363,115.6769,115.2711,115.0215,9035
2024-01-01 00:52:34,115.0215,115.0425,114.6401,115.2536,6011
2024-01-01 00:52:35,115.2536,115.7806,115.2457,114.9961,5705
2024-01-01 00:52:36,114.9961,115.4569,114.9099,115.0973,2461
2024-01-01 00:52:37,115.0973,115.2375,114.7235,115.0722,9893
2024-01-01 00:52:38,115.0722,115.3029,115.004,115.2731,5963
2024-01-01 00:52:39,115.2731,115.4825,115.0882,115.3084,9810
2024-01-01 00:52:40,115.3084,115.4897,114.9638,116.1923,9584
2024-01-01 00:52:41,116.1923,116.4011,115.9019,115.6085,1732
2024-01-01 00:52:42,115.6085,115.6813,115.0061,115.8014,6247
2024-01-01 00:52:43,115.8014,115.9829,115.7118,115.475,4387
2024-01-01 00:52:44,115.475,115.6537,115.1927,114.8537,2905
2024-01-01 00:52:45,114.8537,114.8797,114.8403,114.9911,4938
2024-01-01 00:52:46,114.9911,115.5529,114.9001,114.3935,7388
2024-01-01 00:52:47,114.3935,114.5274,114.1371,114.6663,7585
2024-01-01 00:52:48,114.6663,114.7123,114.6556,114.9318,7927
2024-01-01 00:52:49,114.9318,115.1318,114.5041,115.6746,6074
2024-01-01 00:52:50,115.6746,116.2662,115.6545,115.9619,1167
2024-01-01 00:52:51,115.9619,116.2296,115.8056,115.5644,5556
2024-01-01 00:52:52,115.5644,115.7268,115.5225,115.7426,1170
2024-01-01 00:52:53,115.7426,115.9534,115.5277,115.3668,8358
2024-01-01 00:52:54,115.3668,115.6991,115.2332,115.8942,3603
2024-01-01 00:52:55,115.8942,116.1781,115.6939,115.9999,4004
2024-01-01 00:52:56,115.9999,116.0417,115.9534,115.7054,7524
2024-01-01 00:52:57,115.7054,115.7589,115.4648,114.4612,5284
2024-01-01 00:52:58,114.4612,114.5565,114.1859,114.657,2417
2024-01-01 00:52:59,114.657,114.9886,114.5382,113.726,3082
2024-01-01 00:53:00,113.726,113.7352,113.5815,113.5921,1623
2024-01-01 00:53:01,113.5921,113.6876,113.426,113.6243,2104
2024-01-01 00:53:02,113.6243,114.0384,113.4702,113.6601,1672
2024-01-01 00:53:03,113.6601,113.8449,113.3569,113.7653,4096
2024-01-01 00:53:04,113.7653,114.244,113.7164,113.8587,3502
2024-01-01 00:53:05,113.8587,114.258,113.2412,113.8817,3875
2024-01-01 00:53:06,113.8817,114.044,113.6972,113.6848,3508
2024-01-01 00:53:07,113.6848,114.0212,113.568,113.2928,4690
2024-01-01 00:53:08,113.2928,113.4733,113.1166,113.4253,8217
2024-01-01 00:53:09,113.4253,113.6296,113.3302,112.9751,9659
2024-01-01 00:53:10,112.9751,113.1479,112.7243,112.9054,2824
2024-01-01 00:53:11,112.9054,113.0282,112.6228,112.7779,9753
2024-01-01 00:53:12,112.7779,112.8303,112.735,113.5714,1629
2024-01-01 00:53:13,113.5714,113.6585,113.4612,113.1367,4828
2024-01-01 00:53:14,113.1367,113.1376,112.8594,113.1781,2960
2024-01-01 00:53:15,113.1781,113.4948,112.7803,113.3558,1576
2024-01-01 00:53:16,113.3558,113.4016,112.9643,113.1753,7325
2024-01-01 00:53:17,113.1753,113.2594,112.7688,112.2906,8367
2024-01-01 00:53:18,112.2906,112.4087,112.0634,112.6019,8454
2024-01-01 00:53:19,112.6019,113.2382,112.518,112.6244,8441
2024-01-01 00:53:20,112.6244,112.6888,112.3613,112.1642,3856
2024-01-01 00:53:21,112.1642,112.4537,112.0957,112.7251,5214
2024-01-01 00:53:22,112.7251,112.9193,112.187,113.0783,3359
2024-01-01 00:53:23,113.0783,113.3757,112.9968,113.197,9871
2024-01-01 00:53:24,113.197,113.9099,112.8993,114.0796,4409
2024-01-01 00:53:25,114.0796,114.3726,113.9676,114.5759,7844
2024-01-01 00:53:26,114.5759,114.6566,114.256,114.044,6534
2024-01-01 00:53:27,114.044,114.1831,113.7752,113.8795,9682
2024-01-01 00:53:28,113.8795,114.0813,113.808,113.9751,6954
2024-01-01 00:53:29,113.9751,114.2815,113.7535,114.2817,7688
2024-01-01 00:53:30,114.2817,114.4635,114.0173,113.9793,9893
2024-01-01 00:53:31,113.9793,114.1254,113.7721,114.3308,7752
2024-01-01 00:53:32,114.3308,114.3968,114.1648,114.663,7296
2024-01-01 00:53:33,114.663,114.9574,114.5402,114.5698,8257
2024-01-01 00:53:34,114.5698,114.6002,114.4016,114.906,3553
2024-01-01 00:53:35,114.906,115.1538,114.6016,114.7796,4240
2024-01-01 00:53:36,114.7796,114.992,114.7663,115.0345,8973
2024-01-01 00:53:37,115.0345,115.3164,114.3964,115.8531,9693
2024-01-01 00:53:38,115.8531,116.4634,115.6171,115.759,2404
2024-01-01 00:53:39,115.759,116.4274,115.6683,114.9726,1864
2024-01-01 00:53:40,114.9726,115.0861,114.7165,114.8662,3467
2024-01-01 00:53:41,114.8662,115.1145,114.799,114.6704,2081
2024-01-01 00:53:42,114.6704,115.169,114.1829,113.9567,8783
2024-01-01 00:53:43,113.9567,114.0551,113.7986,113.4868,5968
2024-01-01 00:53:44,113.4868,113.7163,113.3469,114.0029,7802
2024-01-01 00:53:45,114.0029,114.4875,113.5567,113.8353,7712
2024-01-01 00:53:46,113.8353,114.1542,112.9927,114.1807,5086
2024-01-01 00:53:47,114.1807,114.6187,114.1145,114.4526,3402
2024-01-01 00:53:48,114.4526,114.5258,113.8534,114.6428,8746
2024-01-01 00:53:49,114.6428,114.776,114.5167,114.8951,1326
2024-01-01 00:53:50,114.8951,115.354,114.6852,113.6234,3979
2024-01-01 00:53:51,113.6234,113.6802,113.6039,114.0337,9057
2024-01-01 00:53:52,114.0337,114.1615,113.3633,114.6444,7061
2024-01-01 00:53:53,114.6444,114.791,114.5766,113.6669,5916
2024-01-01 00:53:54,113.6669,114.2674,113.1291,113.1756,4229
2024-01-01 00:53:55,113.1756,113.4318,113.1125,113.9263,2361
2024-01-01 00:53:56,113.9263,114.6068,113.5081,113.0499,7844
2024-01-01 00:53:57,113.0499,113.3355,113.035,113.0729,5140
2024-01-01 00:53:58,113.0729,113.3002,112.4108,113.2174,9021
2024-01-01 00:53:59,113.2174,113.2931,113.0527,113.075,4912
2024-01-01 00:54:00,113.075,113.2982,112.8028,112.9555,5470
2024-01-01 00:54:01,112.9555,112.9555,112.4488,112.9445,8505
2024-01-01 00:54:02,112.9445,113.1719,112.3479,112.702,1174
2024-01-01 00:54:03,112.702,112.7077,112.6432,112.9006,7236
2024-01-01 00:54:04,112.9006,113.2219,112.5472,113.0759,5428
2024-01-01 00:54:05,113.0759,113.1648,112.8196,113.5732,9398
2024-01-01 00:54:06,113.5732,113.991,113.344,114.1038,6672
2024-01-01 00:54:07,114.1038,114.1771,113.7306,114.3558,9008
2024-01-01 00:54:08,114.3558,114.4785,113.93,114.3146,6220
2024-01-01 00:54:09,114.3146,114.7259,113.8268,114.5458,1376
2024-01-01 00:54:10,114.5458,115.0502,114.4535,114.8833,7117
2024-01-01 00:54:11,114.8833,115.242,114.7282,115.0058,4882
2024-01-01 00:54:12,115.0058,115.5949,114.9565,115.1859,6589
2024-01-01 00:54:13,115.1859,115.4709,114.883,115.1909,3559
2024-01-01 00:54:14,115.1909,115.5779,114.7752,114.0642,6421
2024-01-01 00:54:15,114.0642,114.0961,113.9259,113.928,2998
2024-01-01 00:54:16,113.928,113.9847,113.3314,114.1844,4040
2024-01-01 00:54:17,114.1844,114.8031,113.7824,113.6214,1062
2024-01-01 00:54:18,113.6214,113.808,113.5035,112.9272,7338
2024-01-01 00:54:19,112.9272,113.0849,112.5943,113.6969,8799
2024-01-01 00:54:20,113.6969,114.126,113.2275,114.0201,8687
2024-01-01 00:54:21,114.0201,114.1268,113.5824,114.0432,2003
2024-01-01 00:54:22,114.0432,114.1694,113.3311,113.4864,5313
2024-01-01 00:54:23,113.4864,113.7182,113.1918,114.1345,4102
2024-01-01 00:54:24,114.1345,114.579,113.9629,113.8936,6265
2024-01-01 00:54:25,113.8936,113.9021,113.6781,114.0411,7466
2024-01-01 00:54:26,114.0411,114.343,113.7546,113.5991,5676
2024-01-01 00:54:27,113.5991,113.6443,113.3756,113.2451,6648
2024-01-01 00:54:28,113.2451,113.6125,112.8017,113.1889,5123
2024-01-01 00:54:29,113.1889,113.2238,113.0144,112.1039,2009
2024-01-01 00:54:30,112.1039,112.2098,112.0592,112.5279,8046
2024-01-01 00:54:31,112.5279,112.975,112.2823,111.8365,8306
2024-01-01 00:54:32,111.8365,111.8738,111.4968,112.6599,6922
2024-01-01 00:54:33,112.6599,112.791,112.2723,113.0105,2079
2024-01-01 00:54:34,113.0105,113.2142,112.8917,112.2796,8871
2024-01-01 00:54:35,112.2796,112.4537,112.0953,112.7068,9013
2024-01-01 00:54:36,112.7068,113.742,112.5605,111.9798,1699
2024-01-01 00:54:37,111.9798,112.0916,111.6928,112.5987,8563
2024-01-01 00:54:38,112.5987,113.0765,112.3117,112.197,8608
2024-01-01 00:54:39,112.197,112.3556,112.1478,112.0255,7317
2024-01-01 00:54:40,112.0255,112.0578,111.8579,111.9281,3447
2024-01-01 00:54:41,111.9281,111.9687,111.8984,112.2633,3830
2024-01-01 00:54:42,112.2633,112.8525,112.2521,112.9671,8737
2024-01-01 00:54:43,112.9671,113.1272,112.747,113.0561,1355
2024-01-01 00:54:44,113.0561,113.0591,112.7734,112.7626,5549
2024-01-01 00:54:45,112.7626,112.8109,112.4196,111.9027,9177
2024-01-01 00:54:46,111.9027,112.2008,111.478,110.7959,1979
2024-01-01 00:54:47,110.7959,110.8818,110.6828,111.9084,6296
2024-01-01 00:54:48,111.9084,112.3033,111.6797,111.7218,9097
2024-01-01 00:54:49,111.7218,111.8247,111.428,112.1913,1212
2024-01-01 00:54:50,112.1913,112.3048,112.0546,112.872,8028
2024-01-01 00:54:51,112.872,113.1819,112.6103,113.2382,9677
2024-01-01 00:54:52,113.2382,113.7104,113.0277,113.0783,7054
2024-01-01 00:54:53,113.0783,113.3899,112.9427,112.143,1290
2024-01-01 00:54:54,112.143,112.2447,112.0758,111.652,4824
2024-01-01 00:54:55,111.652,112.1989,111.3056,112.082,8801
2024-01-01 00:54:56,112.082,112.4536,111.844,112.2278,4184
2024-01-01 00:54:57,112.2278,112.8628,111.7776,112.0187,4750
2024-01-01 00:54:58,112.0187,112.4159,111.9307,111.8403,8696
2024-01-01 00:54:59,111.8403,112.0414,111.6752,111.4914,2566
2024-01-01 00:55:00,111.4914,111.6045,111.3311,111.2799,8580
2024-01-01 00:55:01,111.2799,111.7847,110.9004,111.8325,5358
2024-01-01 00:55:02,111.8325,111.9542,111.6528,112.286,3344
2024-01-01 00:55:03,112.286,112.6271,111.8931,113.0891,8761
2024-01-01 00:55:04,113.0891,113.5138,112.828,113.1043,8906
2024-01-01 00:55:05,113.1043,113.5901,112.9053,113.9299,6243
2024-01-01 00:55:06,113.9299,113.9549,113.781,113.4977,4083
2024-01-01 00:55:07,113.4977,113.8883,113.3914,113.274,2972
2024-01-01 00:55:08,113.274,113.3757,113.0003,113.224,9259
2024-01-01 00:55:09,113.224,113.3315,112.7044,112.8207,7930
2024-01-01 00:55:10,112.8207,113.3799,112.7602,112.5221,5851
2024-01-01 00:55:11,112.5221,112.9523,112.4532,112.8447,7904
2024-01-01 00:55:12,112.8447,113.0039,112.7017,113.3369,7259
2024-01-01 00:55:13,113.3369,113.7156,113.1999,113.1852,6146
2024-01-01 00:55:14,113.1852,113.3354,113.109,113.4968,8427
2024-01-01 00:55:15,113.4968,113.5832,113.1076,114.2691,6288
2024-01-01 00:55:16,114.2691,114.3111,114.0126,114.5166,7042
2024-01-01 00:55:17,114.5166,114.8728,114.0762,114.0482,7144
2024-01-01 00:55:18,114.0482,114.1791,113.8657,113.3788,6351
2024-01-01 00:55:19,113.3788,113.7633,113.048,112.9798,5635
2024-01-01 00:55:20,112.9798,113.4305,112.6315,112.6029,3160
2024-01-01 00:55:21,112.6029,113.289,112.5886,112.7495,3292
2024-01-01 00:55:22,112.7495,113.0468,112.5453,113.1021,6903
2024-01-01 00:55:23,113.1021,113.3706,113.0549,112.9676,7760
2024-01-01 00:55:24,112.9676,113.0624,112.8804,112.8623,7821
2024-01-01 00:55:25,112.8623,113.0517,112.628,112.9671,3539
2024-01-01 00:55:26,112.9671,113.0058,112.9202,112.7604,5272
2024-01-01 00:55:27,112.7604,112.7749,112.6591,113.0442,1396
2024-01-01 00:55:28,113.0442,113.2311,113.0307,113.9544,4588
2024-01-01 00:55:29,113.9544,113.9937,113.2212,114.0998,3255
2024-01-01 00:55:30,114.0998,114.1008,114.0831,113.6582,1315
2024-01-01 00:55:31,113.6582,113.9058,113.6422,112.9139,1385
2024-01-01 00:55:32,112.9139,113.3197,112.8322,112.5401,1589
2024-01-01 00:55:33,112.5401,112.6415,112.1566,112.4959,1117
2024-01-01 00:55:34,112.4959,112.5957,112.2325,112.376,3689
2024-01-01 00:55:35,112.376,112.5137,112.2722,111.9722,1120
2024-01-01 00:55:36,111.9722,112.2239,111.8972,112.6834,9370
2024-01-01 00:55:37,112.6834,113.1184,112.3162,113.3084,5198
2024-01-01 00:55:38,113.3084,113.5387,113.2986,113.0831,5675
2024-01-01 00:55:39,113.0831,113.394,112.9856,113.3344,9385
2024-01-01 00:55:40,113.3344,113.5358,113.1088,113.3768,2748
2024-01-01 00:55:41,113.3768,113.4044,112.7665,113.6988,4279
2024-01-01 00:55:42,113.6988,114.1873,113.5608,113.7488,4511
2024-01-01 00:55:43,113.7488,114.1679,113.387,114.4784,6913
2024-01-01 00:55:44,114.4784,114.5762,114.3986,113.7747,5134
2024-01-01 00:55:45,113.7747,113.7883,113.7103,114.8172,1202
2024-01-01 00:55:46,114.8172,115.0025,114.6395,114.8833,7366
2024-01-01 00:55:47,114.8833,114.9456,114.5572,115.3917,7402
2024-01-01 00:55:48,115.3917,115.4993,115.0074,115.1506,5675
2024-01-01 00:55:49,115.1506,115.2747,114.7234,115.1841,5071
2024-01-01 00:55:50,115.1841,115.2511,115.1086,115.3945,1819
2024-01-01 00:55:51,115.3945,115.8476,114.8264,115.3947,1000
2024-01-01 00:55:52,115.3947,115.6723,115.2338,115.2332,1877
2024-01-01 00:55:53,115.2332,115.5252,114.9145,115.1109,7933
2024-01-01 00:55:54,115.1109,115.4003,115.0291,115.0862,5873
2024-01-01 00:55:55,115.0862,115.1684,114.4498,115.8014,5948
2024-01-01 00:55:56,115.8014,116.0592,115.0198,116.1486,4353
2024-01-01 00:55:57,116.1486,116.4592,115.8557,115.5579,1497
2024-01-01 00:55:58,115.5579,116.0332,115.491,116.4046,4847
2024-01-01 00:55:59,116.4046,117.0058,116.2309,116.6221,5475
2024-01-01 00:56:00,116.6221,117.0858,116.1396,116.5241,3511
2024-01-01 00:56:01,116.5241,116.5891,116.2292,116.6271,7183
2024-01-01 00:56:02,116.6271,116.6928,116.4773,117.2033,1217
2024-01-01 00:56:03,117.2033,117.2831,117.1615,116.7522,2032
2024-01-01 00:56:04,116.7522,116.9069,116.6331,117.7415,4321
2024-01-01 00:56:05,117.7415,117.7629,117.6783,116.9701,5455
2024-01-01 00:56:06,116.9701,117.0145,116.7677,117.2843,1722
2024-01-01 00:56:07,117.2843,117.6835,116.8776,116.4373,8132
2024-01-01 00:56:08,116.4373,116.6065,116.3133,115.7111,1774
2024-01-01 00:56:09,115.7111,115.7405,115.5854,114.9456,7017
2024-01-01 00:56:10,114.9456,115.0377,114.7191,114.4013,7082
2024-01-01 00:56:11,114.4013,114.4571,114.0312,115.0297,6254
2024-01-01 00:56:12,115.0297,115.3054,114.8899,114.9868,8659
2024-01-01 00:56:13,114.9868,115.4964,114.9338,115.4369,3418
2024-01-01 00:56:14,115.4369,115.8974,115.0621,115.7646,6903
2024-01-01 00:56:15,115.7646,115.8884,115.734,115.7862,5148
2024-01-01 00:56:16,115.7862,115.965,115.574,116.1232,9834
2024-01-01 00:56:17,116.1232,116.2393,115.986,116.5581,1700
2024-01-01 00:56:18,116.5581,117.1171,116.3911,115.9381,6597
2024-01-01 00:56:19,115.9381,116.4868,115.7965,115.9078,3612
2024-01-01 00:56:20,115.9078,116.2231,115.3814,116.2952,7493
2024-01-01 00:56:21,116.2952,116.5675,116.1416,116.1688,2833
2024-01-01 00:56:22,116.1688,116.1912,115.7791,116.7943,5173
2024-01-01 00:56:23,116.7943,117.2007,116.6169,116.714,3698
2024-01-01 00:56:24,116.714,117.1684,116.6323,116.665,6332
2024-01-01 00:56:25,116.665,116.7259,116.1328,116.1017,9985
2024-01-01 00:56:26,116.1017,116.2426,116.0126,116.663,6752
2024-01-01 00:56:27,116.663,116.6635,116.2052,116.3442,2743
2024-01-01 00:56:28,116.3442,116.7703,116.0864,116.453,4085
2024-01-01 00:56:29,116.453,116.5867,115.8327,117.0913,9265
2024-01-01 00:56:30,117.0913,117.425,116.6922,117.2717,6022
2024-01-01 00:56:31,117.2717,117.2874,116.9658,116.883,4428
2024-01-01 00:56:32,116.883,116.9182,116.8572,116.6654,1509
2024-01-01 00:56:33,116.6654,116.7234,116.4694,116.5652,2168
2024-01-01 00:56:34,116.5652,116.6998,116.0355,117.0661,7602
2024-01-01 00:56:35,117.0661,117.47,117.0392,117.8843,6622
2024-01-01 00:56:36,117.8843,118.0173,117.5236,117.624,8838
2024-01-01 00:56:37,117.624,117.8897,117.3218,117.9138,9050
2024-01-01 00:56:38,117.9138,117.9646,117.7765,118.4964,8759
2024-01-01 00:56:39,118.4964,118.6862,118.2703,118.8052,9831
2024-01-01 00:56:40,118.8052,119.1172,118.277,118.8702,9033
2024-01-01 00:56:41,118.8702,119.1634,118.8603,118.3336,8986
2024-01-01 00:56:42,118.3336,118.4613,118.3318,118.3457,5020
2024-01-01 00:56:43,118.3457,118.4223,117.8762,118.5654,2540
2024-01-01 00:56:44,118.5654,118.7055,118.5187,117.7675,1562
2024-01-01 00:56:45,117.7675,117.9357,117.4262,119.2033,8392
2024-01-01 00:56:46,119.2033,119.505,119.0464,119.3105,1462
2024-01-01 00:56:47,119.3105,119.6094,119.1823,119.3274,9225
2024-01-01 00:56:48,119.3274,119.5458,118.8325,119.4952,9776
2024-01-01 00:56:49,119.4952,119.5491,119.4172,119.1379,2927
2024-01-01 00:56:50,119.1379,119.4683,118.9336,118.9521,3666
2024-01-01 00:56:51,118.9521,119.3462,118.8514,118.712,7991
2024-01-01 00:56:52,118.712,118.8226,118.6077,118.9358,8966
2024-01-01 00:56:53,118.9358,118.9376,118.6389,118.6516,3893
2024-01-01 00:56:54,118.6516,118.7406,118.5393,118.6727,9083
2024-01-01 00:56:55,118.6727,118.7161,118.3502,119.0884,2902
2024-01-01 00:56:56,119.0884,119.1862,119.0444,119.3083,1387
2024-01-01 00:56:57,119.3083,119.5736,119.1996,118.0999,8044
2024-01-01 00:56:58,118.0999,118.147,117.9527,118.7051,2742
2024-01-01 00:56:59,118.7051,118.7734,118.6668,118.0392,8148
2024-01-01 00:57:00,118.0392,118.1499,117.8243,117.549,6859
2024-01-01 00:57:01,117.549,117.9013,117.4923,117.7045,4985
2024-01-01 00:57:02,117.7045,118.0436,117.5753,118.5545,4060
2024-01-01 00:57:03,118.5545,118.7211,118.2742,118.7594,9944
2024-01-01 00:57:04,118.7594,118.9269,118.2754,118.4861,4039
2024-01-01 00:57:05,118.4861,118.6156,118.4126,118.8462,1651
2024-01-01 00:57:06,118.8462,119.0146,118.5338,118.8776,1183
2024-01-01 00:57:07,118.8776,119.126,118.6192,119.455,1199
2024-01-01 00:57:08,119.455,119.744,119.4206,120.0172,3245
2024-01-01 00:57:09,120.0172,120.1121,119.814,119.983,8870
2024-01-01 00:57:10,119.983,120.167,119.6449,120.0853,2622
2024-01-01 00:57:11,120.0853,120.2636,119.7489,120.1754,9870
2024-01-01 00:57:12,120.1754,120.2647,119.8805,120.2964,3382
2024-01-01 00:57:13,120.2964,120.3688,120.2102,119.4398,9411
2024-01-01 00:57:14,119.4398,119.4472,119.2247,119.6335,7774
2024-01-01 00:57:15,119.6335,119.7855,119.3933,120.2373,4692
2024-01-01 00:57:16,120.2373,120.5076,120.236,120.4776,6250
2024-01-01 00:57:17,120.4776,120.4912,120.4078,120.3295,7122
2024-01-01 00:57:18,120.3295,120.5891,119.9953,119.8013,3086
2024-01-01 00:57:19,119.8013,120.528,119.7066,119.1848,9348
2024-01-01 00:57:20,119.1848,119.463,119.1788,119.7364,9540
2024-01-01 00:57:21,119.7364,119.8574,119.2341,119.4441,8090
2024-01-01 00:57:22,119.4441,119.6271,119.0104,119.0233,3384
2024-01-01 00:57:23,119.0233,119.0356,118.9385,118.7282,5544
2024-01-01 00:57:24,118.7282,118.9366,118.4943,118.2904,5972
2024-01-01 00:57:25,118.2904,118.5016,117.94,117.2449,6048
2024-01-01 00:57:26,117.2449,117.5115,116.7415,117.5912,3248
2024-01-01 00:57:27,117.5912,117.7198,117.5661,117.6557,9022
2024-01-01 00:57:28,117.6557,117.7131,117.5752,118.265,5394
2024-01-01 00:57:29,118.265,118.8249,118.0192,118.1446,9413
2024-01-01 00:57:30,118.1446,118.824,118.0449,118.3033,4133
2024-01-01 00:57:31,118.3033,118.4522,118.0943,118.6338,6488
2024-01-01 00:57:32,118.6338,118.668,118.6063,118.1221,4085
2024-01-01 00:57:33,118.1221,118.1946,117.4952,118.6452,3281
2024-01-01 00:57:34,118.6452,119.0788,118.477,118.8913,9892
2024-01-01 00:57:35,118.8913,119.0831,118.8251,119.5988,8580
2024-01-01 00:57:36,119.5988,119.6898,119.5013,119.33,5047
2024-01-01 00:57:37,119.33,119.4755,118.8204,118.3211,6527
2024-01-01 00:57:38,118.3211,118.7166,118.0959,118.6158,8935
2024-01-01 00:57:39,118.6158,118.759,117.9341,118.623,8521
2024-01-01 00:57:40,118.623,118.6623,118.443,118.3495,7169
2024-01-01 00:57:41,118.3495,118.6824,117.5545,118.1138,1053
2024-01-01 00:57:42,118.1138,118.3365,118.1032,118.9492,5539
2024-01-01 00:57:43,118.9492,119.2618,118.9273,119.5334,5353
2024-01-01 00:57:44,119.5334,119.6332,119.1326,120.0348,8804
2024-01-01 00:57:45,120.0348,120.2748,119.9348,119.9576,3289
2024-01-01 00:57:46,119.9576,120.2155,119.9258,120.1562,2151
2024-01-01 00:57:47,120.1562,120.2209,119.7835,119.9974,5397
2024-01-01 00:57:48,119.9974,120.0941,119.9836,120.1537,1654
2024-01-01 00:57:49,120.1537,120.4546,119.9089,119.6296,1161
2024-01-01 00:57:50,119.6296,120.16,119.583,120.6789,4943
2024-01-01 00:57:51,120.6789,120.7298,120.2657,120.2775,5370
2024-01-01 00:57:52,120.2775,120.4002,120.272,120.6974,6189
2024-01-01 00:57:53,120.6974,120.7117,120.5137,120.8048,7279
2024-01-01 00:57:54,120.8048,121.2022,120.6789,121.0056,5419
2024-01-01 00:57:55,121.0056,121.0622,120.8616,120.9439,5033
2024-01-01 00:57:56,120.9439,121.119,120.7692,121.1432,3843
2024-01-01 00:57:57,121.1432,121.3543,121.023,121.2189,1051
2024-01-01 00:57:58,121.2189,121.4759,120.8627,121.2492,7335
2024-01-01 00:57:59,121.2492,121.4549,121.1768,120.9246,2343
2024-01-01 00:58:00,120.9246,121.1013,120.5568,120.4698,7228
2024-01-01 00:58:01,120.4698,120.9751,120.3962,121.3179,4360
2024-01-01 00:58:02,121.3179,121.5538,121.2279,121.7463,6276
2024-01-01 00:58:03,121.7463,122.1004,121.7,121.1559,7355
2024-01-01 00:58:04,121.1559,121.5043,120.8294,121.5154,7187
2024-01-01 00:58:05,121.5154,121.6651,121.2494,122.0737,4570
2024-01-01 00:58:06,122.0737,122.3549,122.0718,121.8736,4782
2024-01-01 00:58:07,121.8736,122.3205,121.451,122.288,1397
2024-01-01 00:58:08,122.288,122.6438,122.221,122.0379,1358
2024-01-01 00:58:09,122.0379,122.2494,121.8604,121.8931,7241
2024-01-01 00:58:10,121.8931,121.9343,121.5963,122.424,8165
2024-01-01 00:58:11,122.424,122.4307,122.208,122.6009,7006
2024-01-01 00:58:12,122.6009,122.7236,122.4857,122.9305,9473
2024-01-01 00:58:13,122.9305,123.3747,122.6116,123.2252,1594
2024-01-01 00:58:14,123.2252,123.2625,123.2164,123.6973,3601
2024-01-01 00:58:15,123.6973,124.0841,123.4437,123.4807,1820
2024-01-01 00:58:16,123.4807,123.8469,123.4752,123.4792,3320
2024-01-01 00:58:17,123.4792,123.6319,123.291,123.7631,4047
2024-01-01 00:58:18,123.7631,124.0201,123.547,123.8197,2511
2024-01-01 00:58:19,123.8197,124.1033,123.5502,123.773,3882
2024-01-01 00:58:20,123.773,124.1015,123.6118,123.6389,1281
2024-01-01 00:58:21,123.6389,123.7091,123.454,123.7795,2262
2024-01-01 00:58:22,123.7795,123.8365,123.7023,123.9904,3033
2024-01-01 00:58:23,123.9904,124.0596,123.6158,123.7043,7044
2024-01-01 00:58:24,123.7043,123.8746,123.4992,123.6561,1143
2024-01-01 00:58:25,123.6561,123.7402,123.4922,123.5009,5461
2024-01-01 00:58:26,123.5009,123.506,123.3983,123.3989,3211
2024-01-01 00:58:27,123.3989,123.5671,123.1062,123.3941,3167
2024-01-01 00:58:28,123.3941,123.8047,123.0418,123.4288,8576
2024-01-01 00:58:29,123.4288,123.4337,123.2427,124.0766,2800
2024-01-01 00:58:30,124.0766,124.2503,124.0073,124.0089,7183
2024-01-01 00:58:31,124.0089,124.1711,123.8228,123.9181,9665
2024-01-01 00:58:32,123.9181,124.3484,123.6221,124.1453,7617
2024-01-01 00:58:33,124.1453,124.4028,123.9289,124.5279,9514
2024-01-01 00:58:34,124.5279,124.8529,124.4293,124.1135,5119
2024-01-01 00:58:35,124.1135,124.4172,124.0684,123.2981,9243
2024-01-01 00:58:36,123.2981,123.4195,123.184,123.4611,7021
2024-01-01 00:58:37,123.4611,123.5423,123.3366,123.5054,7756
2024-01-01 00:58:38,123.5054,123.6757,123.1626,123.1932,1262
2024-01-01 00:58:39,123.1932,123.3044,122.6871,123.2796,3411
2024-01-01 00:58:40,123.2796,123.4036,123.2705,122.6443,5947
2024-01-01 00:58:41,122.6443,122.7765,122.5435,122.3703,4720
2024-01-01 00:58:42,122.3703,122.5007,121.9882,122.6843,7087
2024-01-01 00:58:43,122.6843,122.9317,122.4589,123.1516,7812
2024-01-01 00:58:44,123.1516,123.2081,122.8899,123.5148,2659
2024-01-01 00:58:45,123.5148,123.5427,123.4197,124.081,8620
2024-01-01 00:58:46,124.081,124.4187,123.997,124.9605,5816
2024-01-01 00:58:47,124.9605,125.1805,124.676,124.8153,8816
2024-01-01 00:58:48,124.8153,125.0286,124.7509,126.1809,6430
2024-01-01 00:58:49,126.1809,126.4165,125.5456,126.0274,3718
2024-01-01 00:58:50,126.0274,126.037,126.0137,126.2579,1981
2024-01-01 00:58:51,126.2579,126.4661,126.2253,125.6162,9537
2024-01-01 00:58:52,125.6162,125.8529,125.4079,125.2397,6684
2024-01-01 00:58:53,125.2397,125.4169,125.0695,125.8348,1834
2024-01-01 00:58:54,125.8348,126.2126,125.4586,126.0447,8100
2024-01-01 00:58:55,126.0447,126.0517,125.9636,125.4815,9978
2024-01-01 00:58:56,125.4815,125.8658,124.7633,125.3951,7191
2024-01-01 00:58:57,125.3951,125.6243,124.9792,125.9337,5376
2024-01-01 00:58:58,125.9337,126.3334,125.7962,126.4574,5518
2024-01-01 00:58:59,126.4574,126.5265,126.4033,127.111,5962
2024-01-01 00:59:00,127.111,127.1232,126.9395,127.3773,3484
2024-01-01 00:59:01,127.3773,127.7258,127.205,127.5383,4450
2024-01-01 00:59:02,127.5383,127.5387,127.3894,127.7234,8907
2024-01-01 00:59:03,127.7234,127.772,127.5181,127.4189,3713
2024-01-01 00:59:04,127.4189,127.5781,127.1272,127.9382,6615
2024-01-01 00:59:05,127.9382,128.5592,127.3781,128.2054,8682
2024-01-01 00:59:06,128.2054,128.2691,127.6183,128.5769,6416
2024-01-01 00:59:07,128.5769,128.7576,128.3807,128.1996,3549
2024-01-01 00:59:08,128.1996,128.695,127.8155,127.7304,5018
2024-01-01 00:59:09,127.7304,127.7399,127.6675,127.3254,8919
2024-01-01 00:59:10,127.3254,128.03,127.0738,127.1606,7630
2024-01-01 00:59:11,127.1606,127.5415,127.0334,128.4356,5221
2024-01-01 00:59:12,128.4356,128.5409,128.349,128.6575,5075
2024-01-01 00:59:13,128.6575,128.8262,128.6191,129.5202,2615
2024-01-01 00:59:14,129.5202,129.8571,129.2616,129.3275,6426
2024-01-01 00:59:15,129.3275,129.3954,129.1145,129.5911,8883
2024-01-01 00:59:16,129.5911,129.7318,129.4841,130.2902,1932
2024-01-01 00:59:17,130.2902,130.7969,130.0733,129.1629,3523
2024-01-01 00:59:18,129.1629,129.5892,129.0179,127.9747,6046
2024-01-01 00:59:19,127.9747,128.0301,127.3605,128.3905,9058
2024-01-01 00:59:20,128.3905,128.5225,128.3192,128.8421,4852
2024-01-01 00:59:21,128.8421,128.9357,128.4409,129.3589,3701
2024-01-01 00:59:22,129.3589,129.7061,128.8696,129.0112,2649
2024-01-01 00:59:23,129.0112,129.4767,128.7473,128.4686,1139
2024-01-01 00:59:24,128.4686,128.7254,127.9111,128.7794,3488
2024-01-01 00:59:25,128.7794,128.7988,128.7784,128.0733,3909
2024-01-01 00:59:26,128.0733,128.1241,127.8225,128.4796,6853
2024-01-01 00:59:27,128.4796,128.5442,128.3687,127.8526,3706
2024-01-01 00:59:28,127.8526,128.02,127.4677,128.2026,1647
2024-01-01 00:59:29,128.2026,128.6218,127.836,128.3628,4149
2024-01-01 00:59:30,128.3628,128.9829,128.2062,128.625,5379
2024-01-01 00:59:31,128.625,128.9704,128.3954,128.1064,9619
2024-01-01 00:59:32,128.1064,128.2863,127.8911,128.7264,5259
2024-01-01 00:59:33,128.7264,129.0116,128.2928,129.1525,9435
2024-01-01 00:59:34,129.1525,129.3852,129.1239,129.7146,6548
2024-01-01 00:59:35,129.7146,129.9499,129.3167,129.5963,8413
2024-01-01 00:59:36,129.5963,129.8737,129.4692,129.2198,7571
2024-01-01 00:59:37,129.2198,129.8226,128.8783,129.9726,6067
2024-01-01 00:59:38,129.9726,130.151,129.5187,129.7999,1602
2024-01-01 00:59:39,129.7999,130.1505,129.6087,129.9876,2928
2024-01-01 00:59:40,129.9876,130.8422,129.6502,131.0545,5628
2024-01-01 00:59:41,131.0545,131.1129,130.6005,131.6248,4919
2024-01-01 00:59:42,131.6248,131.9393,131.3153,131.5202,5956
2024-01-01 00:59:43,131.5202,131.7104,131.4413,132.0209,8753
2024-01-01 00:59:44,132.0209,132.2582,131.8074,131.7564,1801
2024-01-01 00:59:45,131.7564,132.3326,131.6413,132.0479,5131
2024-01-01 00:59:46,132.0479,132.399,131.2863,131.3446,6301
2024-01-01 00:59:47,131.3446,131.869,131.1728,131.6409,7919
2024-01-01 00:59:48,131.6409,132.2748,131.6352,130.9555,4014
2024-01-01 00:59:49,130.9555,131.4795,130.931,129.9491,5105
2024-01-01 00:59:50,129.9491,130.124,129.7797,129.4505,3299
2024-01-01 00:59:51,129.4505,129.4761,129.043,129.4298,5552
2024-01-01 00:59:52,129.4298,129.6934,128.9819,130.0968,6910
2024-01-01 00:59:53,130.0968,130.2262,129.5742,130.5203,7111
2024-01-01 00:59:54,130.5203,130.6407,130.4133,130.3979,4304
2024-01-01 00:59:55,130.3979,130.4632,130.1362,129.0904,9273
2024-01-01 00:59:56,129.0904,129.3858,128.696,129.0173,4222
2024-01-01 00:59:57,129.0173,129.6907,128.7256,128.8973,1645
2024-01-01 00:59:58,128.8973,129.0308,128.5403,128.1322,8478
2024-01-01 00:59:59,128.1322,128.3915,128.0577,127.9507,7673
2024-01-01 01:00:00,127.9507,128.3643,127.4297,126.8542,7836
2024-01-01 01:00:01,126.8542,127.4539,126.5676,127.2158,4783
2024-01-01 01:00:02,127.2158,127.4803,127.1759,128.056,1634
2024-01-01 01:00:03,128.056,128.2375,127.6489,128.4424,5163
2024-01-01 01:00:04,128.4424,128.4595,128.4147,128.4058,8360
2024-01-01 01:00:05,128.4058,128.4072,128.3857,128.7569,1782
2024-01-01 01:00:06,128.7569,128.8957,128.6754,129.6271,9954
2024-01-01 01:00:07,129.6271,129.6777,129.607,130.5347,6016
2024-01-01 01:00:08,130.5347,130.9742,130.1395,130.6221,9750
2024-01-01 01:00:09,130.6221,130.7528,130.4125,130.636,2898
2024-01-01 01:00:10,130.636,131.1758,130.2661,131.336,3903
2024-01-01 01:00:11,131.336,131.5286,131.28,131.8524,8036
2024-01-01 01:00:12,131.8524,132.0602,131.7945,132.4853,3127
2024-01-01 01:00:13,132.4853,132.9266,132.2813,132.4516,3769
2024-01-01 01:00:14,132.4516,132.8258,131.8889,132.0417,4343
2024-01-01 01:00:15,132.0417,132.0788,131.76,132.5917,5731
2024-01-01 01:00:16,132.5917,132.9409,132.4839,132.3634,3548
2024-01-01 01:00:17,132.3634,132.7742,131.9434,132.3066,1054
2024-01-01 01:00:18,132.3066,132.3385,132.2422,132.4835,5424
2024-01-01 01:00:19,132.4835,132.6272,132.4515,131.6476,8393
2024-01-01 01:00:20,131.6476,131.9489,131.4583,131.3397,9368
2024-01-01 01:00:21,131.3397,131.6604,131.0305,130.8078,5559
2024-01-01 01:00:22,130.8078,131.0824,130.6513,130.9116,4101
2024-01-01 01:00:23,130.9116,131.1301,130.8477,131.0819,1298
2024-01-01 01:00:24,131.0819,131.3036,130.5796,131.6716,2039
2024-01-01 01:00:25,131.6716,131.8153,131.4377,131.5088,9553
2024-01-01 01:00:26,131.5088,131.8492,130.8326,131.7552,6757
2024-01-01 01:00:27,131.7552,132.3329,131.6458,131.907,8084
2024-01-01 01:00:28,131.907,132.1248,131.8285,132.3838,4115
2024-01-01 01:00:29,132.3838,132.6336,132.1461,132.064,2096
2024-01-01 01:00:30,132.064,132.138,131.71,132.8809,9099
2024-01-01 01:00:31,132.8809,133.1915,132.7636,131.8762,6279
2024-01-01 01:00:32,131.8762,132.0322,131.5581,131.6679,1060
2024-01-01 01:00:33,131.6679,131.7182,131.6439,131.811,7103
2024-01-01 01:00:34,131.811,132.0611,131.3966,131.503,8593
2024-01-01 01:00:35,131.503,131.9995,131.2084,130.3763,9528
2024-01-01 01:00:36,130.3763,130.4325,130.1459,130.1457,6582
2024-01-01 01:00:37,130.1457,130.5454,129.7716,130.5856,6194
2024-01-01 01:00:38,130.5856,130.9578,130.5101,130.601,2746
2024-01-01 01:00:39,130.601,130.8395,130.5153,130.6645,3243
2024-01-01 01:00:40,130.6645,131.1847,130.421,130.3579,7750
2024-01-01 01:00:41,130.3579,131.1677,130.2624,130.3561,6960
2024-01-01 01:00:42,130.3561,130.4732,130.3363,130.7385,5671
2024-01-01 01:00:43,130.7385,130.9606,130.3206,130.8405,3251
2024-01-01 01:00:44,130.8405,131.0108,130.6709,131.4579,2559
2024-01-01 01:00:45,131.4579,131.9642,131.3765,131.0768,6215
2024-01-01 01:00:46,131.0768,131.1997,130.9505,131.3194,4793
2024-01-01 01:00:47,131.3194,131.5664,131.2407,132.1919,9868
2024-01-01 01:00:48,132.1919,132.2555,132.0294,132.3659,9946
2024-01-01 01:00:49,132.3659,132.4771,132.0021,131.2279,5874
2024-01-01 01:00:50,131.2279,131.4079,130.9926,131.6384,7884
2024-01-01 01:00:51,131.6384,131.8637,131.4894,131.4563,1852
2024-01-01 01:00:52,131.4563,131.5575,131.431,131.6015,8814
2024-01-01 01:00:53,131.6015,132.1284,131.4573,131.5862,7651
2024-01-01 01:00:54,131.5862,131.6475,131.2622,131.208,5056
2024-01-01 01:00:55,131.208,131.3665,131.1182,130.8612,2701
2024-01-01 01:00:56,130.8612,130.9017,130.7684,130.7985,3774
2024-01-01 01:00:57,130.7985,130.841,130.2426,131.5678,9350
2024-01-01 01:00:58,131.5678,131.8742,131.3122,131.6045,4072
2024-01-01 01:00:59,131.6045,131.8254,131.5943,130.6779,8040
2024-01-01 01:01:00,130.6779,131.1094,130.5479,130.8577,6640
2024-01-01 01:01:01,130.8577,131.3883,130.2466,131.4306,7742
2024-01-01 01:01:02,131.4306,131.562,131.427,131.7793,3042
2024-01-01 01:01:03,131.7793,131.8409,131.5575,132.7639,9153
2024-01-01 01:01:04,132.7639,132.7653,132.3453,133.0106,3100
2024-01-01 01:01:05,133.0106,133.4987,132.7557,132.5633,2965
2024-01-01 01:01:06,132.5633,132.6098,132.5107,132.9335,5095
2024-01-01 01:01:07,132.9335,132.9491,132.4474,132.582,7467
2024-01-01 01:01:08,132.582,132.7381,132.2025,132.8173,4443
2024-01-01 01:01:09,132.8173,132.9327,132.2645,132.6523,1225
2024-01-01 01:01:10,132.6523,132.7943,132.4924,132.2614,3019
2024-01-01 01:01:11,132.2614,132.4421,132.0661,132.3534,7735
2024-01-01 01:01:12,132.3534,132.6039,132.284,131.9158,3390
2024-01-01 01:01:13,131.9158,131.9909,131.646,132.6442,4977
2024-01-01 01:01:14,132.6442,132.6906,132.433,131.4263,8099
2024-01-01 01:01:15,131.4263,131.5303,131.4021,131.5723,1976
2024-01-01 01:01:16,131.5723,131.938,131.5308,131.5659,5705
2024-01-01 01:01:17,131.5659,131.7199,131.3781,131.7977,7982
2024-01-01 01:01:18,131.7977,132.1349,131.789,131.8653,8445
2024-01-01 01:01:19,131.8653,132.1141,131.513,131.6821,8362
2024-01-01 01:01:20,131.6821,132.2529,131.2706,131.9851,5417
2024-01-01 01:01:21,131.9851,132.0981,131.806,130.8965,3187
2024-01-01 01:01:22,130.8965,130.9201,130.6865,131.2598,9350
2024-01-01 01:01:23,131.2598,131.3652,131.1293,131.2909,5385
2024-01-01 01:01:24,131.2909,131.6495,131.2028,131.1817,9462
2024-01-01 01:01:25,131.1817,131.3337,130.7086,130.8115,1332
2024-01-01 01:01:26,130.8115,131.1017,130.3094,131.9696,5130
2024-01-01 01:01:27,131.9696,132.1547,131.4996,132.6367,9682
2024-01-01 01:01:28,132.6367,132.8356,132.6123,133.2563,1320
2024-01-01 01:01:29,133.2563,133.4707,132.8506,133.2505,7876
2024-01-01 01:01:30,133.2505,133.2572,133.2005,133.2259,6019
2024-01-01 01:01:31,133.2259,133.2833,132.9156,133.4505,5455
2024-01-01 01:01:32,133.4505,133.6682,133.0822,132.8473,6847
2024-01-01 01:01:33,132.8473,133.1264,132.6548,131.7334,4215
2024-01-01 01:01:34,131.7334,131.9025,131.5567,132.0752,4951
2024-01-01 01:01:35,132.0752,132.4177,132.0043,131.7091,8058
2024-01-01 01:01:36,131.7091,131.7235,131.3655,131.7969,3244
2024-01-01 01:01:37,131.7969,131.8675,131.1989,132.0944,4358
2024-01-01 01:01:38,132.0944,132.1706,132.0844,131.4888,9987
2024-01-01 01:01:39,131.4888,131.6399,131.4304,131.2567,4514
2024-01-01 01:01:40,131.2567,131.3895,131.2295,131.3011,7703
2024-01-01 01:01:41,131.3011,131.4782,131.1342,132.419,8370
2024-01-01 01:01:42,132.419,132.5017,132.053,132.5924,2532
2024-01-01 01:01:43,132.5924,132.7735,132.0934,132.2746,9796
2024-01-01 01:01:44,132.2746,132.9824,132.2558,132.248,5539
2024-01-01 01:01:45,132.248,132.6725,132.1359,132.8156,1104
2024-01-01 01:01:46,132.8156,132.9712,132.2815,133.3343,6418
2024-01-01 01:01:47,133.3343,133.6215,133.1254,133.291,4757
2024-01-01 01:01:48,133.291,133.4011,133.0417,133.6501,6847
2024-01-01 01:01:49,133.6501,133.6581,133.2677,133.8549,3691
2024-01-01 01:01:50,133.8549,133.8778,133.8114,134.0782,5509
2024-01-01 01:01:51,134.0782,134.2752,133.5565,134.0037,4837
2024-01-01 01:01:52,134.0037,134.4893,133.9351,133.9399,3172
2024-01-01 01:01:53,133.9399,133.9697,133.8375,134.2627,8364
2024-01-01 01:01:54,134.2627,134.4221,133.7743,134.3037,4345
2024-01-01 01:01:55,134.3037,134.6411,133.9289,135.048,5908
2024-01-01 01:01:56,135.048,135.3228,134.8319,135.3179,3606
2024-01-01 01:01:57,135.3179,135.3545,135.3118,134.4421,7136
2024-01-01 01:01:58,134.4421,134.4829,134.2694,134.7448,2389
2024-01-01 01:01:59,134.7448,134.7635,134.5387,134.3091,3518
2024-01-01 01:02:00,134.3091,134.4721,134.2529,133.8494,9523
2024-01-01 01:02:01,133.8494,133.9901,133.243,133.5629,9697
2024-01-01 01:02:02,133.5629,133.778,133.0238,134.6656,6407
2024-01-01 01:02:03,134.6656,134.7983,134.5506,134.0039,9730
2024-01-01 01:02:04,134.0039,134.1808,133.8289,133.8182,8292
2024-01-01 01:02:05,133.8182,133.8607,133.5892,133.9149,4508
2024-01-01 01:02:06,133.9149,134.155,133.8133,134.7152,5842
2024-01-01 01:02:07,134.7152,134.9787,134.4534,134.4314,2491
2024-01-01 01:02:08,134.4314,134.5366,134.2111,134.6061,4764
2024-01-01 01:02:09,134.6061,134.6363,134.2368,133.5958,2854
2024-01-01 01:02:10,133.5958,133.7066,133.3166,133.1301,3215
2024-01-01 01:02:11,133.1301,133.3087,133.0685,132.4925,4797
2024-01-01 01:02:12,132.4925,132.7046,131.9293,132.6048,9907
2024-01-01 01:02:13,132.6048,132.7716,132.4567,132.9147,2369
2024-01-01 01:02:14,132.9147,133.2304,132.8984,132.5849,3231
2024-01-01 01:02:15,132.5849,132.6273,132.5055,133.0333,9036
2024-01-01 01:02:16,133.0333,133.1977,132.9642,133.233,2464
2024-01-01 01:02:17,133.233,133.6504,133.1857,132.8994,2170
2024-01-01 01:02:18,132.8994,133.0993,132.4554,132.2738,8551
2024-01-01 01:02:19,132.2738,132.3971,132.0664,132.6816,6532
2024-01-01 01:02:20,132.6816,132.7772,132.5843,133.5181,1396
2024-01-01 01:02:21,133.5181,133.8312,133.1533,132.6694,2370
2024-01-01 01:02:22,132.6694,133.1229,132.5275,132.2991,2353
2024-01-01 01:02:23,132.2991,132.4296,131.9814,131.6788,2609
2024-01-01 01:02:24,131.6788,131.9167,131.617,130.6958,1423
2024-01-01 01:02:25,130.6958,130.8679,129.8168,130.5585,6125
2024-01-01 01:02:26,130.5585,130.6607,130.1876,130.3792,5786
2024-01-01 01:02:27,130.3792,130.3878,130.253,130.0097,3423
2024-01-01 01:02:28,130.0097,130.2415,129.6647,129.4804,2255
2024-01-01 01:02:29,129.4804,129.8076,129.0265,129.5649,5734
2024-01-01 01:02:30,129.5649,129.5696,129.4326,128.6838,9309
2024-01-01 01:02:31,128.6838,128.7473,128.6562,129.2013,1800
2024-01-01 01:02:32,129.2013,129.2054,129.1937,129.5904,6594
2024-01-01 01:02:33,129.5904,129.9989,129.3359,130.0505,5506
2024-01-01 01:02:34,130.0505,130.1079,129.8475,129.5499,3445
2024-01-01 01:02:35,129.5499,129.6559,129.2067,129.4085,6269
2024-01-01 01:02:36,129.4085,129.478,129.3409,129.3003,7149
2024-01-01 01:02:37,129.3003,129.3489,128.923,129.5842,1645
2024-01-01 01:02:38,129.5842,129.6542,129.5036,129.4675,8537
2024-01-01 01:02:39,129.4675,129.8561,129.1112,129.9634,1278
2024-01-01 01:02:40,129.9634,130.4792,129.3981,130.085,9615
2024-01-01 01:02:41,130.085,130.1287,129.9845,129.7991,5387
2024-01-01 01:02:42,129.7991,130.4511,129.6474,130.1673,9660
2024-01-01 01:02:43,130.1673,130.4388,129.8983,129.8814,9671
2024-01-01 01:02:44,129.8814,130.1144,129.8009,129.8533,3907
2024-01-01 01:02:45,129.8533,130.1782,129.7534,128.5809,5079
2024-01-01 01:02:46,128.5809,128.6096,128.5489,128.0959,2051
2024-01-01 01:02:47,128.0959,128.2764,127.9642,127.4853,2073
2024-01-01 01:02:48,127.4853,127.7208,127.274,127.8038,9547
2024-01-01 01:02:49,127.8038,128.206,127.6101,127.0804,6038
2024-01-01 01:02:50,127.0804,127.1771,127.0661,126.8347,3138
2024-01-01 01:02:51,126.8347,127.1609,126.4796,127.3559,9656
2024-01-01 01:02:52,127.3559,127.4151,127.1343,127.1432,8568
2024-01-01 01:02:53,127.1432,127.5335,126.7452,127.0503,5777
2024-01-01 01:02:54,127.0503,127.1928,126.649,127.7158,7122
2024-01-01 01:02:55,127.7158,127.7447,127.1147,128.7225,1693
2024-01-01 01:02:56,128.7225,129.21,128.6705,129.0645,9904
2024-01-01 01:02:57,129.0645,129.1665,128.836,128.5925,1381
2024-01-01 01:02:58,128.5925,128.8873,128.4038,128.317,5761
2024-01-01 01:02:59,128.317,129.0756,128.255,129.1455,9689
2024-01-01 01:03:00,129.1455,129.1675,129.0784,128.0277,7035
2024-01-01 01:03:01,128.0277,128.0526,127.5645,127.2254,9499
2024-01-01 01:03:02,127.2254,127.9929,126.8311,127.8426,8629
2024-01-01 01:03:03,127.8426,128.1997,127.5468,129.0107,6569
2024-01-01 01:03:04,129.0107,129.1175,128.4612,129.7515,4912
2024-01-01 01:03:05,129.7515,129.8104,129.5506,130.0977,6817
2024-01-01 01:03:06,130.0977,130.4422,129.5665,130.3071,3001
2024-01-01 01:03:07,130.3071,130.4748,130.1766,129.7675,3316
2024-01-01 01:03:08,129.7675,129.8899,129.688,129.8423,8642
2024-01-01 01:03:09,129.8423,129.9371,129.323,129.3078,9919
2024-01-01 01:03:10,129.3078,129.5522,129.3005,130.608,4243
2024-01-01 01:03:11,130.608,130.7692,130.6005,130.8266,6292
2024-01-01 01:03:12,130.8266,130.8269,130.7601,130.968,2258
2024-01-01 01:03:13,130.968,131.6139,130.7857,131.0416,9272
2024-01-01 01:03:14,131.0416,131.0576,130.9075,129.7647,9203
2024-01-01 01:03:15,129.7647,130.0928,129.3597,129.7526,9592
2024-01-01 01:03:16,129.7526,129.7802,129.5313,129.8096,1481
2024-01-01 01:03:17,129.8096,130.0417,129.6702,130.6595,7799
2024-01-01 01:03:18,130.6595,130.7611,130.1011,130.8589,5004
2024-01-01 01:03:19,130.8589,130.961,130.6085,130.2074,9148
2024-01-01 01:03:20,130.2074,130.4515,130.0572,130.1718,7807
2024-01-01 01:03:21,130.1718,130.7092,129.8615,130.1386,4501
2024-01-01 01:03:22,130.1386,130.3974,129.7847,129.6053,2249
2024-01-01 01:03:23,129.6053,129.6485,129.4986,130.464,3018
2024-01-01 01:03:24,130.464,130.7747,130.3357,130.9555,5788
2024-01-01 01:03:25,130.9555,131.0011,130.6572,130.8465,8820
2024-01-01 01:03:26,130.8465,130.9044,130.1924,130.7828,4190
2024-01-01 01:03:27,130.7828,131.0128,130.3607,132.0886,4532
2024-01-01 01:03:28,132.0886,132.3097,131.7943,131.6231,6491
2024-01-01 01:03:29,131.6231,131.6859,131.521,131.8672,5180
2024-01-01 01:03:30,131.8672,132.0542,131.711,132.5724,9514
2024-01-01 01:03:31,132.5724,133.2672,132.412,132.2465,1702
2024-01-01 01:03:32,132.2465,132.618,132.1988,132.5848,9067
2024-01-01 01:03:33,132.5848,132.8766,132.4598,132.1381,1759
2024-01-01 01:03:34,132.1381,132.1544,132.1308,131.9151,1294
2024-01-01 01:03:35,131.9151,132.5826,131.6452,131.388,1907
2024-01-01 01:03:36,131.388,131.4137,130.9062,131.0537,2448
2024-01-01 01:03:37,131.0537,131.2651,130.5908,131.713,7328
2024-01-01 01:03:38,131.713,131.9855,131.5007,132.0258,2637
2024-01-01 01:03:39,132.0258,132.5159,131.876,132.7731,5161
2024-01-01 01:03:40,132.7731,132.942,132.626,133.1481,4004
2024-01-01 01:03:41,133.1481,133.2807,133.092,132.6044,8950
2024-01-01 01:03:42,132.6044,132.7804,132.2625,132.0334,9593
2024-01-01 01:03:43,132.0334,132.155,131.8167,131.6325,1660
2024-01-01 01:03:44,131.6325,131.8024,131.1304,131.9503,8330
2024-01-01 01:03:45,131.9503,132.0022,131.6805,131.6518,4889
2024-01-01 01:03:46,131.6518,131.7162,131.048,130.918,3236
2024-01-01 01:03:47,130.918,131.091,130.8043,130.589,7132
2024-01-01 01:03:48,130.589,130.6908,130.3581,130.3954,1295
2024-01-01 01:03:49,130.3954,130.4691,130.3377,130.6842,7033
2024-01-01 01:03:50,130.6842,130.7011,130.4565,131.343,3978
2024-01-01 01:03:51,131.343,131.779,131.1542,131.5067,8423
2024-01-01 01:03:52,131.5067,131.5269,131.2518,132.1671,7893
2024-01-01 01:03:53,132.1671,132.2079,131.778,132.8918,7158
2024-01-01 01:03:54,132.8918,133.2124,132.684,133.3909,8474
2024-01-01 01:03:55,133.3909,133.6992,133.1962,132.7637,3378
2024-01-01 01:03:56,132.7637,132.8267,132.212,132.2979,5066
2024-01-01 01:03:57,132.2979,132.5315,131.989,133.1178,5823
2024-01-01 01:03:58,133.1178,133.1649,132.9654,133.7016,4185
2024-01-01 01:03:59,133.7016,134.3056,133.519,134.3479,2775
2024-01-01 01:04:00,134.3479,134.8272,134.2421,134.6939,3314
2024-01-01 01:04:01,134.6939,134.7462,134.3802,134.3154,1897
2024-01-01 01:04:02,134.3154,134.5701,133.9765,133.6664,7520
2024-01-01 01:04:03,133.6664,133.8774,133.4106,133.6309,7843
2024-01-01 01:04:04,133.6309,133.6438,133.1647,133.7535,6070
2024-01-01 01:04:05,133.7535,134.6526,133.3866,134.05,4737
2024-01-01 01:04:06,134.05,134.0765,133.854,133.7,6927
2024-01-01 01:04:07,133.7,134.0766,133.1804,133.1046,9523
2024-01-01 01:04:08,133.1046,133.5937,133.0795,133.7918,5664
2024-01-01 01:04:09,133.7918,134.0931,133.2272,132.842,7676
2024-01-01 01:04:10,132.842,132.9397,132.5528,133.0321,8113
2024-01-01 01:04:11,133.0321,133.2377,132.7141,133.6334,3412
2024-01-01 01:04:12,133.6334,133.9163,133.471,132.9279,5358
2024-01-01 01:04:13,132.9279,133.2437,132.7176,132.8502,7198
2024-01-01 01:04:14,132.8502,133.2007,132.6643,132.4547,8895
2024-01-01 01:04:15,132.4547,132.5039,132.3274,132.2931,3387
2024-01-01 01:04:16,132.2931,132.8345,132.1872,132.3869,2969
2024-01-01 01:04:17,132.3869,132.3893,132.191,132.8043,5375
2024-01-01 01:04:18,132.8043,132.9056,132.3639,132.576,9339
2024-01-01 01:04:19,132.576,132.6641,131.9397,132.1255,1482
2024-01-01 01:04:20,132.1255,132.2816,132.1253,132.2739,9419
2024-01-01 01:04:21,132.2739,132.5474,132.154,132.2518,7378
2024-01-01 01:04:22,132.2518,132.2905,131.9961,132.4074,9255
2024-01-01 01:04:23,132.4074,132.444,132.2895,131.6734,4167
2024-01-01 01:04:24,131.6734,131.9225,131.0952,131.8509,1785
2024-01-01 01:04:25,131.8509,132.1249,131.7529,131.6639,1917
2024-01-01 01:04:26,131.6639,131.8211,131.5545,131.3555,6265
2024-01-01 01:04:27,131.3555,131.6449,131.2527,132.0136,3903
2024-01-01 01:04:28,132.0136,132.2901,131.5057,132.4092,7736
2024-01-01 01:04:29,132.4092,132.4765,132.3402,131.5285,7035
2024-01-01 01:04:30,131.5285,131.7674,131.1796,131.6031,8253
2024-01-01 01:04:31,131.6031,131.846,131.4293,131.6648,1953
2024-01-01 01:04:32,131.6648,131.9842,131.4701,131.5434,7744
2024-01-01 01:04:33,131.5434,131.735,131.1876,131.9343,6645
2024-01-01 01:04:34,131.9343,131.9998,131.9252,132.8228,8768
2024-01-01 01:04:35,132.8228,133.424,132.5061,132.241,3637
2024-01-01 01:04:36,132.241,132.5193,131.7659,131.1768,1372
2024-01-01 01:04:37,131.1768,131.4688,130.9569,131.5301,9741
2024-01-01 01:04:38,131.5301,132.3231,131.4251,131.4236,2461
2024-01-01 01:04:39,131.4236,132.1114,131.1374,131.9449,6147
2024-01-01 01:04:40,131.9449,132.4847,131.7491,131.2206,7575
2024-01-01 01:04:41,131.2206,131.5125,130.9831,132.2841,2296
2024-01-01 01:04:42,132.2841,132.3293,131.6295,131.954,2665
2024-01-01 01:04:43,131.954,132.1118,131.8691,131.9273,7223
2024-01-01 01:04:44,131.9273,132.2522,131.9001,132.5603,6206
2024-01-01 01:04:45,132.5603,132.7968,132.3009,133.1586,6651
2024-01-01 01:04:46,133.1586,133.2956,132.5605,132.9274,9932
2024-01-01 01:04:47,132.9274,132.9955,132.7023,133.2687,1805
2024-01-01 01:04:48,133.2687,133.449,133.1861,133.223,7481
2024-01-01 01:04:49,133.223,133.2473,133.1374,133.1487,2548
2024-01-01 01:04:50,133.1487,133.2517,132.8378,132.777,5098
2024-01-01 01:04:51,132.777,132.926,132.5138,132.9559,9752
2024-01-01 01:04:52,132.9559,133.0603,132.4392,133.1708,9411
2024-01-01 01:04:53,133.1708,133.2634,133.0016,133.3735,1229
2024-01-01 01:04:54,133.3735,133.7436,132.9149,133.7328,9785
2024-01-01 01:04:55,133.7328,133.7979,133.6095,132.9985,4168
2024-01-01 01:04:56,132.9985,133.6898,132.6559,132.918,6572
2024-01-01 01:04:57,132.918,132.9518,132.5708,133.2325,8175
2024-01-01 01:04:58,133.2325,133.547,132.9503,133.2858,9836
2024-01-01 01:04:59,133.2858,133.2923,133.1377,132.3816,9442
2024-01-01 01:05:00,132.3816,132.7888,132.3512,132.7156,4750
2024-01-01 01:05:01,132.7156,133.0101,132.5715,132.8262,1375
2024-01-01 01:05:02,132.8262,132.8473,132.416,132.0481,7599
2024-01-01 01:05:03,132.0481,132.4558,131.171,131.8513,8431
2024-01-01 01:05:04,131.8513,131.8658,131.6258,131.6754,7636
2024-01-01 01:05:05,131.6754,132.2165,131.613,131.2262,1253
2024-01-01 01:05:06,131.2262,131.2413,131.1043,131.204,3800
2024-01-01 01:05:07,131.204,131.3828,130.8211,131.151,6372
2024-01-01 01:05:08,131.151,131.2641,130.6729,131.0533,6997
2024-01-01 01:05:09,131.0533,131.3231,131.0281,131.6847,8328
2024-01-01 01:05:10,131.6847,131.8608,131.5431,132.3877,2193
2024-01-01 01:05:11,132.3877,132.8968,132.3141,132.5482,3854
2024-01-01 01:05:12,132.5482,132.7204,132.407,133.1316,8482
2024-01-01 01:05:13,133.1316,133.1549,132.3851,133.5769,9753
2024-01-01 01:05:14,133.5769,133.8118,133.205,133.6328,5731
2024-01-01 01:05:15,133.6328,133.7584,133.0422,133.9247,3594
2024-01-01 01:05:16,133.9247,134.4054,133.6067,134.7072,4765
2024-01-01 01:05:17,134.7072,134.9035,134.3876,133.9862,5108
2024-01-01 01:05:18,133.9862,133.9977,133.5612,133.5712,6533
2024-01-01 01:05:19,133.5712,133.8049,133.2325,134.3254,2081
2024-01-01 01:05:20,134.3254,134.5211,133.9657,134.0798,8501
2024-01-01 01:05:21,134.0798,134.5663,133.9628,134.2669,1586
2024-01-01 01:05:22,134.2669,134.5717,134.1496,134.085,9912
2024-01-01 01:05:23,134.085,134.3283,133.912,134.3308,4211
2024-01-01 01:05:24,134.3308,134.5269,134.0602,133.0335,8405
2024-01-01 01:05:25,133.0335,133.1149,132.5176,134.1082,2040
2024-01-01 01:05:26,134.1082,134.5429,133.7083,133.9672,9068
2024-01-01 01:05:27,133.9672,134.0951,133.8537,134.1321,8151
2024-01-01 01:05:28,134.1321,134.1495,133.8093,133.3365,6244
2024-01-01 01:05:29,133.3365,133.5337,133.3165,134.1167,1625
2024-01-01 01:05:30,134.1167,134.4745,134.1122,134.2719,4051
2024-01-01 01:05:31,134.2719,134.4913,133.7873,134.2555,7040
2024-01-01 01:05:32,134.2555,134.3316,133.6301,134.6307,6904
2024-01-01 01:05:33,134.6307,134.6411,134.3325,134.8288,6437
2024-01-01 01:05:34,134.8288,135.1867,134.6767,134.5734,5580
2024-01-01 01:05:35,134.5734,134.7242,134.4635,134.6228,6613
2024-01-01 01:05:36,134.6228,134.8125,134.4726,134.8601,8547
2024-01-01 01:05:37,134.8601,135.025,134.7501,135.4151,6783
2024-01-01 01:05:38,135.4151,135.7809,135.3263,135.7328,3180
2024-01-01 01:05:39,135.7328,135.9324,135.2831,136.0788,5411
2024-01-01 01:05:40,136.0788,136.6265,135.9549,136.3103,9948
2024-01-01 01:05:41,136.3103,136.9701,136.143,137.4804,2689
2024-01-01 01:05:42,137.4804,137.6321,137.0827,137.3195,6371
2024-01-01 01:05:43,137.3195,137.5165,136.8513,137.6818,8918
2024-01-01 01:05:44,137.6818,138.3315,137.0765,138.2089,3815
2024-01-01 01:05:45,138.2089,138.5379,137.9812,139.0534,4641
2024-01-01 01:05:46,139.0534,139.3954,138.9992,138.6748,9265
2024-01-01 01:05:47,138.6748,139.0459,138.3824,138.4609,7049
2024-01-01 01:05:48,138.4609,139.0123,138.2271,137.6424,7328
2024-01-01 01:05:49,137.6424,138.007,137.5229,137.6678,1256
2024-01-01 01:05:50,137.6678,137.9887,137.6322,137.0203,5287
2024-01-01 01:05:51,137.0203,137.0521,136.8258,136.6131,2965
2024-01-01 01:05:52,136.6131,137.0546,136.5599,137.3748,2854
2024-01-01 01:05:53,137.3748,137.7224,137.1659,137.1991,3700
2024-01-01 01:05:54,137.1991,137.3049,137.0878,137.7801,5409
2024-01-01 01:05:55,137.7801,137.8144,137.6576,137.1463,6967
2024-01-01 01:05:56,137.1463,137.3955,136.9961,137.2524,6353
2024-01-01 01:05:57,137.2524,137.3469,137.0742,137.7419,4548
2024-01-01 01:05:58,137.7419,138.0259,137.3243,137.6789,8796
2024-01-01 01:05:59,137.6789,137.781,136.9502,137.0738,2595
2024-01-01 01:06:00,137.0738,137.3892,137.0191,137.113,5354
2024-01-01 01:06:01,137.113,137.2764,137.063,136.99,2787
2024-01-01 01:06:02,136.99,137.4928,136.5467,136.8111,3905
2024-01-01 01:06:03,136.8111,137.2107,136.6994,137.2616,2999
2024-01-01 01:06:04,137.2616,137.6062,136.8828,137.0592,3156
2024-01-01 01:06:05,137.0592,137.0609,137.0244,136.8024,6914
2024-01-01 01:06:06,136.8024,137.2239,136.2197,137.464,6706
2024-01-01 01:06:07,137.464,137.9792,137.1004,137.299,6421
2024-01-01 01:06:08,137.299,137.5329,137.2487,136.2654,6315
2024-01-01 01:06:09,136.2654,136.5262,135.9659,135.7536,7807
2024-01-01 01:06:10,135.7536,136.07,135.5174,135.8971,3745
2024-01-01 01:06:11,135.8971,136.2004,135.5387,136.0467,9359
2024-01-01 01:06:12,136.0467,136.4674,135.8648,135.6183,6562
2024-01-01 01:06:13,135.6183,135.652,135.306,135.0725,6959
2024-01-01 01:06:14,135.0725,135.3235,134.9764,135.1986,3912
2024-01-01 01:06:15,135.1986,135.4543,135.1953,134.5279,2944
2024-01-01 01:06:16,134.5279,134.6387,134.2853,135.4238,3230
2024-01-01 01:06:17,135.4238,135.4544,135.41,135.62,1645
2024-01-01 01:06:18,135.62,135.7636,135.4692,136.4869,4802
2024-01-01 01:06:19,136.4869,136.6846,136.3897,136.7462,2896
2024-01-01 01:06:20,136.7462,137.3217,136.7174,137.0533,6569
2024-01-01 01:06:21,137.0533,137.415,137.0088,137.0756,7974
2024-01-01 01:06:22,137.0756,137.1407,136.8696,136.7776,9516
2024-01-01 01:06:23,136.7776,137.0689,136.7319,137.0282,9038
2024-01-01 01:06:24,137.0282,137.6344,136.7703,137.8213,7931
2024-01-01 01:06:25,137.8213,138.2268,137.6867,136.7283,8226
2024-01-01 01:06:26,136.7283,136.9733,136.303,136.6487,3125
2024-01-01 01:06:27,136.6487,136.8897,136.3798,137.0783,3747
2024-01-01 01:06:28,137.0783,137.1984,136.97,137.4384,4578
2024-01-01 01:06:29,137.4384,137.5014,137.2646,137.3794,9902
2024-01-01 01:06:30,137.3794,137.5121,136.9985,137.4633,3069
2024-01-01 01:06:31,137.4633,137.5147,137.3046,138.1718,1116
2024-01-01 01:06:32,138.1718,138.4721,137.7139,137.6832,2472
2024-01-01 01:06:33,137.6832,137.9917,137.645,137.9797,9020
2024-01-01 01:06:34,137.9797,138.3827,137.915,138.4051,3704
2024-01-01 01:06:35,138.4051,138.4375,138.1016,138.4305,2426
2024-01-01 01:06:36,138.4305,138.5917,138.313,138.2719,8606
2024-01-01 01:06:37,138.2719,138.486,137.8231,138.6927,6950
2024-01-01 01:06:38,138.6927,138.7823,138.5782,138.3293,1535
2024-01-01 01:06:39,138.3293,138.5194,137.9587,138.5476,9371
2024-01-01 01:06:40,138.5476,139.0861,138.5326,138.9472,4950
2024-01-01 01:06:41,138.9472,138.9856,138.6501,138.457,10000
2024-01-01 01:06:42,138.457,138.8071,138.0383,138.9983,3876
2024-01-01 01:06:43,138.9983,139.4201,138.821,138.8208,4249
2024-01-01 01:06:44,138.8208,138.9882,138.7418,138.0767,4049
2024-01-01 01:06:45,138.0767,138.7362,137.8927,138.7078,6338
2024-01-01 01:06:46,138.7078,138.8663,138.0759,138.8285,4507
2024-01-01 01:06:47,138.8285,138.8635,138.2098,138.5239,2651
2024-01-01 01:06:48,138.5239,139.0585,138.3049,138.4273,5967
2024-01-01 01:06:49,138.4273,138.46,138.0492,137.8735,4874
2024-01-01 01:06:50,137.8735,138.0343,137.3664,138.2267,9850
2024-01-01 01:06:51,138.2267,138.3375,137.8609,139.2014,6047
2024-01-01 01:06:52,139.2014,139.3537,139.1486,139.1745,9078
2024-01-01 01:06:53,139.1745,139.2805,138.6397,138.6239,5748
2024-01-01 01:06:54,138.6239,138.6835,138.3258,138.6257,9161
2024-01-01 01:06:55,138.6257,138.9948,138.3156,139.4952,3956
2024-01-01 01:06:56,139.4952,139.7488,139.2664,140.0281,1044
2024-01-01 01:06:57,140.0281,140.0999,139.8569,139.4887,2144
2024-01-01 01:06:58,139.4887,139.7177,139.2869,139.724,9634
2024-01-01 01:06:59,139.724,140.1285,139.4696,139.141,4510
2024-01-01 01:07:00,139.141,139.1797,138.9576,138.0805,9502
2024-01-01 01:07:01,138.0805,138.088,137.9101,138.6634,2614
2024-01-01 01:07:02,138.6634,138.8773,138.6005,138.9788,1889
2024-01-01 01:07:03,138.9788,139.1555,138.9239,138.181,1728
2024-01-01 01:07:04,138.181,138.5606,137.6235,138.1199,8628
2024-01-01 01:07:05,138.1199,138.4737,138.0783,137.3843,8182
2024-01-01 01:07:06,137.3843,137.5517,137.3548,137.1834,7098
2024-01-01 01:07:07,137.1834,137.3234,136.9385,136.4037,4879
2024-01-01 01:07:08,136.4037,136.6321,135.8728,136.0783,1662
2024-01-01 01:07:09,136.0783,136.1503,135.847,136.4343,5949
2024-01-01 01:07:10,136.4343,136.7304,136.0939,136.4769,6254
2024-01-01 01:07:11,136.4769,136.5628,136.4063,136.7982,3670
2024-01-01 01:07:12,136.7982,136.9712,136.1756,137.7702,2533
2024-01-01 01:07:13,137.7702,137.939,137.7458,137.2778,3743
2024-01-01 01:07:14,137.2778,137.755,137.0406,137.4255,1393
2024-01-01 01:07:15,137.4255,137.5925,137.3159,137.1853,5541
2024-01-01 01:07:16,137.1853,137.5875,137.0402,136.7221,4216
2024-01-01 01:07:17,136.7221,137.0563,136.5148,137.3663,8702
2024-01-01 01:07:18,137.3663,137.5931,136.9553,138.0277,2886
2024-01-01 01:07:19,138.0277,138.0855,137.953,138.0283,3472
2024-01-01 01:07:20,138.0283,138.176,137.6973,138.0,8542
2024-01-01 01:07:21,138.0,138.4236,137.7316,138.8387,3287
2024-01-01 01:07:22,138.8387,138.9737,138.8355,139.4828,2846
2024-01-01 01:07:23,139.4828,139.5871,139.388,139.2667,3960
2024-01-01 01:07:24,139.2667,139.3748,139.1077,139.9361,6618
2024-01-01 01:07:25,139.9361,140.2962,139.3549,139.99,8170
2024-01-01 01:07:26,139.99,140.0721,139.6425,140.2926,1606
2024-01-01 01:07:27,140.2926,140.3457,140.1038,139.7281,7230
2024-01-01 01:07:28,139.7281,140.0454,139.5515,139.4049,5939
2024-01-01 01:07:29,139.4049,139.4283,139.2665,138.9389,5621
2024-01-01 01:07:30,138.9389,139.0555,138.5592,139.0362,7468
2024-01-01 01:07:31,139.0362,139.1527,138.9192,139.1271,6523
2024-01-01 01:07:32,139.1271,139.4303,139.0524,139.5444,5697
2024-01-01 01:07:33,139.5444,139.584,139.5051,139.7827,4172
2024-01-01 01:07:34,139.7827,140.0558,139.3128,139.6368,2081
2024-01-01 01:07:35,139.6368,139.8184,139.1821,139.4755,1020
2024-01-01 01:07:36,139.4755,139.6715,139.2741,139.594,3100
2024-01-01 01:07:37,139.594,139.6665,139.2036,139.0102,1279
2024-01-01 01:07:38,139.0102,139.2235,138.8512,139.0696,4125
2024-01-01 01:07:39,139.0696,139.3208,138.9393,139.1489,6351
2024-01-01 01:07:40,139.1489,139.2221,139.1364,138.6692,1443
2024-01-01 01:07:41,138.6692,138.6762,138.551,138.4058,3558
2024-01-01 01:07:42,138.4058,138.552,138.1212,139.9052,6928
2024-01-01 01:07:43,139.9052,140.1634,139.6798,139.6827,9107
2024-01-01 01:07:44,139.6827,139.8609,139.4453,139.63,2398
2024-01-01 01:07:45,139.63,140.1721,139.38,139.2611,1366
2024-01-01 01:07:46,139.2611,139.344,139.0257,139.0363,2753
2024-01-01 01:07:47,139.0363,139.1643,138.8412,138.5622,3598
2024-01-01 01:07:48,138.5622,138.9645,138.4289,138.9187,5676
2024-01-01 01:07:49,138.9187,139.0209,138.8976,138.643,1276
2024-01-01 01:07:50,138.643,139.0799,138.3517,137.8289,8396
2024-01-01 01:07:51,137.8289,138.2589,137.3626,138.1564,6050
2024-01-01 01:07:52,138.1564,138.3579,137.7169,137.8116,6702
2024-01-01 01:07:53,137.8116,138.0305,137.5842,137.3459,3825
2024-01-01 01:07:54,137.3459,137.4222,137.2573,137.7044,5114
2024-01-01 01:07:55,137.7044,137.726,137.6991,137.4768,1722
2024-01-01 01:07:56,137.4768,137.6506,137.3713,136.6711,1634
2024-01-01 01:07:57,136.6711,136.8154,136.1472,136.0966,7759
2024-01-01 01:07:58,136.0966,136.1424,135.6871,135.8797,2474
2024-01-01 01:07:59,135.8797,136.194,135.8579,136.3846,1698
2024-01-01 01:08:00,136.3846,136.4842,136.214,135.8048,8336
2024-01-01 01:08:01,135.8048,136.1188,135.5536,135.1165,2772
2024-01-01 01:08:02,135.1165,135.1921,134.9238,135.8868,1695
2024-01-01 01:08:03,135.8868,136.0034,135.8113,135.9619,1882
2024-01-01 01:08:04,135.9619,136.0132,135.8795,135.6114,5714
2024-01-01 01:08:05,135.6114,135.8486,135.3287,135.6865,5514
2024-01-01 01:08:06,135.6865,135.6965,135.5666,135.3534,4220
2024-01-01 01:08:07,135.3534,135.7359,135.2933,135.4974,3977
2024-01-01 01:08:08,135.4974,135.9805,135.3517,134.9206,8036
2024-01-01 01:08:09,134.9206,135.2097,134.721,134.4337,4351
2024-01-01 01:08:10,134.4337,134.4553,134.2927,134.4718,4282
2024-01-01 01:08:11,134.4718,134.6088,134.3628,135.1794,8200
2024-01-01 01:08:12,135.1794,135.4491,134.9322,136.0215,3439
2024-01-01 01:08:13,136.0215,136.3715,135.8321,135.679,9595
2024-01-01 01:08:14,135.679,135.8423,135.6434,135.6952,1943
2024-01-01 01:08:15,135.6952,135.9975,135.6567,135.6174,7972
2024-01-01 01:08:16,135.6174,136.0748,135.5703,136.6644,2111
2024-01-01 01:08:17,136.6644,136.6914,136.5716,136.584,8956
2024-01-01 01:08:18,136.584,136.7178,136.5831,136.455,5303
2024-01-01 01:08:19,136.455,136.7779,136.2625,136.5546,2113
2024-01-01 01:08:20,136.5546,136.9033,136.4091,136.8305,5416
2024-01-01 01:08:21,136.8305,137.0637,136.7132,136.085,2077
2024-01-01 01:08:22,136.085,136.2534,136.0707,135.96,1620
2024-01-01 01:08:23,135.96,136.0496,135.7243,136.6447,9141
2024-01-01 01:08:24,136.6447,136.774,135.9315,137.0973,4664
2024-01-01 01:08:25,137.0973,137.2167,136.9372,136.162,8192
2024-01-01 01:08:26,136.162,136.6669,135.8795,135.7988,5794
2024-01-01 01:08:27,135.7988,136.3241,135.4067,136.2288,2631
2024-01-01 01:08:28,136.2288,136.5064,135.8984,136.5719,5360
2024-01-01 01:08:29,136.5719,136.5781,136.0063,136.4027,6280
2024-01-01 01:08:30,136.4027,136.4825,136.2674,136.0852,5736
2024-01-01 01:08:31,136.0852,136.6589,135.7562,135.5272,8308
2024-01-01 01:08:32,135.5272,135.6318,135.4238,135.5925,8058
2024-01-01 01:08:33,135.5925,136.0257,134.9813,135.2409,3286
2024-01-01 01:08:34,135.2409,135.2963,134.6881,135.7944,9856
2024-01-01 01:08:35,135.7944,135.8735,135.6767,135.704,7729
2024-01-01 01:08:36,135.704,135.7636,135.6681,135.9803,5251
2024-01-01 01:08:37,135.9803,136.5537,135.5902,135.8787,9941
2024-01-01 01:08:38,135.8787,136.0649,135.8364,136.7192,9404
2024-01-01 01:08:39,136.7192,137.2342,136.367,137.4752,8349
2024-01-01 01:08:40,137.4752,137.8488,137.1937,138.3418,1367
2024-01-01 01:08:41,138.3418,138.3863,137.9719,138.6134,5747
2024-01-01 01:08:42,138.6134,138.77,138.3797,139.1489,9955
2024-01-01 01:08:43,139.1489,139.7209,138.8712,138.2536,5982
2024-01-01 01:08:44,138.2536,138.2925,137.7246,137.9648,6833
2024-01-01 01:08:45,137.9648,138.4508,137.8974,138.7952,4819
2024-01-01 01:08:46,138.7952,138.9348,138.4736,138.3093,1188
2024-01-01 01:08:47,138.3093,138.4132,138.2833,138.2862,1420
2024-01-01 01:08:48,138.2862,138.3789,137.9509,138.277,2535
2024-01-01 01:08:49,138.277,138.3668,138.1108,138.368,4095
2024-01-01 01:08:50,138.368,138.4545,138.2596,138.214,2376
2024-01-01 01:08:51,138.214,138.5425,138.0697,138.0901,9186
2024-01-01 01:08:52,138.0901,138.4465,137.9855,137.7843,7938
2024-01-01 01:08:53,137.7843,138.1152,137.654,137.1304,8591
2024-01-01 01:08:54,137.1304,137.4264,136.7116,137.0561,8817
2024-01-01 01:08:55,137.0561,137.1052,136.9735,136.7962,1706
2024-01-01 01:08:56,136.7962,136.9109,136.3162,136.4901,2448
2024-01-01 01:08:57,136.4901,136.5686,136.1852,137.2219,6809
2024-01-01 01:08:58,137.2219,137.3767,137.0073,136.6981,8987
2024-01-01 01:08:59,136.6981,136.8332,136.0774,136.5773,4672
2024-01-01 01:09:00,136.5773,136.8302,136.0345,136.334,7523
2024-01-01 01:09:01,136.334,136.5124,135.944,137.0541,7908
2024-01-01 01:09:02,137.0541,137.2878,136.8265,136.933,5073
2024-01-01 01:09:03,136.933,137.0631,136.2426,136.6198,8033
2024-01-01 01:09:04,136.6198,136.6726,136.5779,137.162,1190
2024-01-01 01:09:05,137.162,137.3181,136.9386,137.3311,7323
2024-01-01 01:09:06,137.3311,137.9907,137.019,138.2137,7662
2024-01-01 01:09:07,138.2137,138.2732,137.841,138.8793,1005
2024-01-01 01:09:08,138.8793,138.8855,138.8273,138.2263,9759
2024-01-01 01:09:09,138.2263,138.6014,137.9542,137.8828,4734
2024-01-01 01:09:10,137.8828,138.2889,137.7321,137.106,8856
2024-01-01 01:09:11,137.106,137.6221,136.383,137.4,9637
2024-01-01 01:09:12,137.4,137.5327,137.0266,136.7837,2038
2024-01-01 01:09:13,136.7837,136.8832,136.7212,137.1012,2850
2024-01-01 01:09:14,137.1012,137.362,137.0566,136.3817,3674
2024-01-01 01:09:15,136.3817,136.9913,136.3763,135.9171,7674
2024-01-01 01:09:16,135.9171,136.0475,135.7968,136.1868,6598
2024-01-01 01:09:17,136.1868,136.2748,135.9777,135.1456,5169
2024-01-01 01:09:18,135.1456,135.4691,134.7222,134.8868,1359
2024-01-01 01:09:19,134.8868,135.1262,134.7349,135.3954,5561
2024-01-01 01:09:20,135.3954,135.7464,135.3636,135.3972,8027
2024-01-01 01:09:21,135.3972,135.4286,135.328,136.0872,4166
2024-01-01 01:09:22,136.0872,136.3139,136.0141,135.9565,2035
2024-01-01 01:09:23,135.9565,136.4405,135.8643,135.4521,2070
2024-01-01 01:09:24,135.4521,135.6068,135.4317,135.4886,9955
2024-01-01 01:09:25,135.4886,135.7461,135.2127,136.1092,1046
2024-01-01 01:09:26,136.1092,136.3579,135.9807,136.4806,2304
2024-01-01 01:09:27,136.4806,136.7708,136.3717,136.4093,2713
2024-01-01 01:09:28,136.4093,136.9677,135.9263,136.6314,7169
2024-01-01 01:09:29,136.6314,136.9878,136.5086,135.8508,9821
2024-01-01 01:09:30,135.8508,136.299,135.7257,135.0289,8214
2024-01-01 01:09:31,135.0289,135.1636,134.6986,134.4025,6117
2024-01-01 01:09:32,134.4025,134.9607,134.2159,134.0253,6137
2024-01-01 01:09:33,134.0253,134.0568,133.9353,134.6144,3033
2024-01-01 01:09:34,134.6144,134.9291,134.5697,134.0096,8827
2024-01-01 01:09:35,134.0096,134.2351,134.0021,133.8526,7250
2024-01-01 01:09:36,133.8526,133.9107,133.5951,133.9683,7921
2024-01-01 01:09:37,133.9683,134.0123,133.8705,134.3391,9811
2024-01-01 01:09:38,134.3391,134.7209,134.0913,134.3499,5072
2024-01-01 01:09:39,134.3499,134.7493,134.0992,134.6707,3060
2024-01-01 01:09:40,134.6707,134.9028,134.4804,135.203,7209
2024-01-01 01:09:41,135.203,135.2979,135.1943,135.8005,5933
2024-01-01 01:09:42,135.8005,136.0372,135.5765,135.9481,1769
2024-01-01 01:09:43,135.9481,136.0265,135.6673,135.88,7144
2024-01-01 01:09:44,135.88,136.0987,135.3908,135.7151,8125
2024-01-01 01:09:45,135.7151,135.9952,135.5861,135.1461,6355
2024-01-01 01:09:46,135.1461,135.373,134.6178,135.2411,6091
2024-01-01 01:09:47,135.2411,135.4787,134.6895,135.3207,9028
2024-01-01 01:09:48,135.3207,135.5939,135.0161,135.3386,6054
2024-01-01 01:09:49,135.3386,135.4262,134.5676,134.9316,4150
2024-01-01 01:09:50,134.9316,135.4638,134.7753,135.1081,7054
2024-01-01 01:09:51,135.1081,135.1236,134.8031,135.1559,7246
2024-01-01 01:09:52,135.1559,135.7319,135.0306,135.3596,5738
2024-01-01 01:09:53,135.3596,135.6438,135.2589,135.8367,6472
2024-01-01 01:09:54,135.8367,136.0046,135.8004,135.4696,7971
2024-01-01 01:09:55,135.4696,135.5727,135.3066,135.4389,3865
2024-01-01 01:09:56,135.4389,135.5938,135.414,135.6212,8837
2024-01-01 01:09:57,135.6212,135.7385,135.302,135.0744,7573
2024-01-01 01:09:58,135.0744,135.2698,135.0095,135.3639,2295
2024-01-01 01:09:59,135.3639,135.573,134.9413,135.4126,2637
2024-01-01 01:10:00,135.4126,135.774,135.0835,136.332,5115
2024-01-01 01:10:01,136.332,136.686,136.2566,135.5947,7361
2024-01-01 01:10:02,135.5947,135.5961,135.2876,135.6501,2775
2024-01-01 01:10:03,135.6501,136.0071,135.5926,135.2996,7489
2024-01-01 01:10:04,135.2996,135.3409,135.1149,134.7196,2296
2024-01-01 01:10:05,134.7196,134.9076,134.3624,134.6003,6871
2024-01-01 01:10:06,134.6003,134.7815,134.0624,133.7764,8309
2024-01-01 01:10:07,133.7764,134.0924,133.4184,133.8533,5310
2024-01-01 01:10:08,133.8533,134.1952,133.7024,134.2825,2817
2024-01-01 01:10:09,134.2825,134.3695,134.2343,134.4107,9663
2024-01-01 01:10:10,134.4107,134.8999,134.2053,134.4044,8046
2024-01-01 01:10:11,134.4044,134.6307,134.0747,134.1007,7322
2024-01-01 01:10:12,134.1007,134.376,133.8303,134.5124,3765
2024-01-01 01:10:13,134.5124,134.6718,134.3394,134.6245,9422
2024-01-01 01:10:14,134.6245,134.7643,134.4063,134.7435,4810
2024-01-01 01:10:15,134.7435,135.3595,134.7301,134.0645,6931
2024-01-01 01:10:16,134.0645,134.8672,134.0558,134.4707,8032
2024-01-01 01:10:17,134.4707,134.4829,134.0345,134.5962,5672
2024-01-01 01:10:18,134.5962,134.8191,134.4751,134.3341,2256
2024-01-01 01:10:19,134.3341,134.8858,133.8694,134.5965,3525
2024-01-01 01:10:20,134.5965,134.9428,134.5142,135.9223,9048
2024-01-01 01:10:21,135.9223,136.095,135.5419,136.5277,2390
2024-01-01 01:10:22,136.5277,136.7243,136.3641,135.5031,5808
2024-01-01 01:10:23,135.5031,135.78,135.1459,135.7061,3725
2024-01-01 01:10:24,135.7061,135.7111,135.4489,135.5815,7217
2024-01-01 01:10:25,135.5815,135.8018,135.0718,135.1111,8778
2024-01-01 01:10:26,135.1111,135.1491,134.5913,135.0628,2102
2024-01-01 01:10:27,135.0628,135.2953,134.8783,134.8235,5045
2024-01-01 01:10:28,134.8235,135.0274,134.7802,135.0013,7334
2024-01-01 01:10:29,135.0013,135.4138,134.6649,134.6806,4760
2024-01-01 01:10:30,134.6806,135.0162,134.5671,134.3956,4759
2024-01-01 01:10:31,134.3956,134.5012,134.2064,134.0501,6006
2024-01-01 01:10:32,134.0501,134.0941,133.7052,135.035,2701
2024-01-01 01:10:33,135.035,135.5084,134.9911,134.3681,7493
2024-01-01 01:10:34,134.3681,134.498,134.2568,133.8159,7962
2024-01-01 01:10:35,133.8159,133.9199,133.6636,133.7993,5163
2024-01-01 01:10:36,133.7993,134.2459,133.6509,133.7787,1876
2024-01-01 01:10:37,133.7787,133.8733,133.5955,134.0798,9766
2024-01-01 01:10:38,134.0798,134.3955,133.6678,134.6332,8378
2024-01-01 01:10:39,134.6332,134.7403,134.2682,134.7415,1255
2024-01-01 01:10:40,134.7415,135.08,134.3333,134.2854,6251
2024-01-01 01:10:41,134.2854,134.3084,133.8823,133.8558,3409
2024-01-01 01:10:42,133.8558,134.0297,133.6261,132.619,9828
2024-01-01 01:10:43,132.619,132.6688,132.0798,132.5889,7972
2024-01-01 01:10:44,132.5889,132.6162,132.4859,133.1996,1998
2024-01-01 01:10:45,133.1996,133.5003,132.3817,132.1744,8884
2024-01-01 01:10:46,132.1744,132.2505,131.9362,131.9395,8363
2024-01-01 01:10:47,131.9395,132.0359,131.7312,131.9913,4810
2024-01-01 01:10:48,131.9913,132.0208,131.9377,132.2022,7247
2024-01-01 01:10:49,132.2022,132.2479,132.0218,131.5329,3165
2024-01-01 01:10:50,131.5329,131.8525,131.294,132.3121,3666
2024-01-01 01:10:51,132.3121,132.5314,132.2823,131.7734,2690
2024-01-01 01:10:52,131.7734,131.8926,131.5432,131.916,1492
2024-01-01 01:10:53,131.916,132.3461,131.5687,131.4143,4442
2024-01-01 01:10:54,131.4143,131.452,131.3192,132.0143,4474
2024-01-01 01:10:55,132.0143,132.0896,131.8817,131.9996,2916
2024-01-01 01:10:56,131.9996,132.0199,131.9579,132.3595,9552
2024-01-01 01:10:57,132.3595,132.6008,132.1493,132.3013,2877
2024-01-01 01:10:58,132.3013,132.322,132.0819,132.4193,8878
2024-01-01 01:10:59,132.4193,132.4528,132.2702,131.8532,9974
2024-01-01 01:11:00,131.8532,131.9791,131.48,132.2152,5731
2024-01-01 01:11:01,132.2152,132.6612,132.0331,132.8556,5740
2024-01-01 01:11:02,132.8556,133.0442,132.7757,133.5082,9361
2024-01-01 01:11:03,133.5082,133.5251,132.9815,133.3448,5527
2024-01-01 01:11:04,133.3448,133.5827,133.0788,132.6112,4194
2024-01-01 01:11:05,132.6112,132.7331,132.3289,132.0487,6183
2024-01-01 01:11:06,132.0487,132.5099,131.8539,132.4843,1276
2024-01-01 01:11:07,132.4843,132.9669,132.3508,132.5566,3988
2024-01-01 01:11:08,132.5566,132.5688,132.5081,133.4784,7212
2024-01-01 01:11:09,133.4784,133.5875,133.4332,133.918,1320
2024-01-01 01:11:10,133.918,133.9708,133.3346,134.0439,7388
2024-01-01 01:11:11,134.0439,134.1602,133.9819,134.4804,1213
2024-01-01 01:11:12,134.4804,134.6489,134.0648,134.8936,2479
2024-01-01 01:11:13,134.8936,135.0736,134.2871,135.6222,4683
2024-01-01 01:11:14,135.6222,135.6236,135.3713,135.6503,7534
2024-01-01 01:11:15,135.6503,136.1616,135.2046,135.7949,5405
2024-01-01 01:11:16,135.7949,136.1293,135.7432,135.874,4189
2024-01-01 01:11:17,135.874,136.2161,135.7128,135.8616,5820
2024-01-01 01:11:18,135.8616,135.9588,135.8026,135.4022,7639
2024-01-01 01:11:19,135.4022,135.6234,135.057,134.765,1252
2024-01-01 01:11:20,134.765,134.8303,134.4254,134.1515,2938
2024-01-01 01:11:21,134.1515,135.1136,133.9834,133.9355,8951
2024-01-01 01:11:22,133.9355,134.0497,133.4049,133.9738,8024
2024-01-01 01:11:23,133.9738,134.1131,133.6748,134.1462,2270
2024-01-01 01:11:24,134.1462,134.4161,133.7473,133.1802,3072
2024-01-01 01:11:25,133.1802,133.3069,133.1623,133.2785,8071
2024-01-01 01:11:26,133.2785,133.6247,132.9107,133.9022,9552
2024-01-01 01:11:27,133.9022,134.4025,133.6381,134.6575,4060
2024-01-01 01:11:28,134.6575,134.8317,134.1387,134.3477,7038
2024-01-01 01:11:29,134.3477,135.0014,134.0625,134.8136,8552
2024-01-01 01:11:30,134.8136,135.0882,134.6658,134.4292,8973
2024-01-01 01:11:31,134.4292,134.8816,134.3037,134.3846,3260
2024-01-01 01:11:32,134.3846,134.4064,134.3376,133.8928,9877
2024-01-01 01:11:33,133.8928,134.1577,133.3889,134.0735,3370
2024-01-01 01:11:34,134.0735,134.4769,133.4781,133.9438,8139
2024-01-01 01:11:35,133.9438,133.962,133.7659,133.2944,8823
2024-01-01 01:11:36,133.2944,133.639,132.7742,132.9583,5330
2024-01-01 01:11:37,132.9583,133.0102,132.6764,133.2443,3160
2024-01-01 01:11:38,133.2443,133.4783,133.1226,133.7455,1743
2024-01-01 01:11:39,133.7455,133.9645,133.272,133.3072,3071
2024-01-01 01:11:40,133.3072,133.3143,132.8826,133.9639,9141
2024-01-01 01:11:41,133.9639,134.1927,133.5508,134.6835,1295
2024-01-01 01:11:42,134.6835,134.7199,134.541,134.8314,6606
2024-01-01 01:11:43,134.8314,135.4528,134.4371,134.5716,8526
2024-01-01 01:11:44,134.5716,135.0671,134.465,135.0143,3910
2024-01-01 01:11:45,135.0143,135.6877,135.0012,135.9981,6375
2024-01-01 01:11:46,135.9981,136.4039,135.9786,136.7893,8954
2024-01-01 01:11:47,136.7893,137.5068,136.6979,136.9597,9465
2024-01-01 01:11:48,136.9597,137.3778,136.914,137.2729,3232
2024-01-01 01:11:49,137.2729,137.3892,137.2683,136.91,9884
2024-01-01 01:11:50,136.91,137.1548,136.6697,137.7009,1965
2024-01-01 01:11:51,137.7009,137.8633,137.0015,138.1108,1966
2024-01-01 01:11:52,138.1108,138.3239,137.7041,138.6593,8599
2024-01-01 01:11:53,138.6593,138.7681,138.5645,138.5507,2411
2024-01-01 01:11:54,138.5507,138.8415,138.5493,138.3411,6942
2024-01-01 01:11:55,138.3411,138.4193,137.7938,138.1918,8218
2024-01-01 01:11:56,138.1918,138.3197,138.1677,138.805,2161
2024-01-01 01:11:57,138.805,138.9524,138.4303,138.9278,1240
2024-01-01 01:11:58,138.9278,138.9378,138.4586,139.5026,2419
2024-01-01 01:11:59,139.5026,139.7836,139.2294,138.9787,6116
2024-01-01 01:12:00,138.9787,139.0798,138.8325,138.5666,3307
2024-01-01 01:12:01,138.5666,138.6737,138.2182,139.4457,7769
2024-01-01 01:12:02,139.4457,139.6618,139.2409,138.9018,3154
2024-01-01 01:12:03,138.9018,139.1024,138.7652,138.5156,8736
2024-01-01 01:12:04,138.5156,138.8239,138.4332,138.5674,9432
2024-01-01 01:12:05,138.5674,139.305,138.1956,137.3095,4312
2024-01-01 01:12:06,137.3095,137.825,136.7485,137.6174,2158
2024-01-01 01:12:07,137.6174,137.8803,137.5577,138.1518,3518
2024-01-01 01:12:08,138.1518,138.4609,137.9888,137.7686,4001
2024-01-01 01:12:09,137.7686,138.3439,137.5035,137.5416,4495
2024-01-01 01:12:10,137.5416,137.6373,137.498,138.4019,9585
2024-01-01 01:12:11,138.4019,138.4508,137.845,137.8702,6527
2024-01-01 01:12:12,137.8702,137.9945,137.5696,138.0681,5472
2024-01-01 01:12:13,138.0681,138.3861,138.0259,137.9727,8033
2024-01-01 01:12:14,137.9727,138.1014,137.8804,137.3421,5118
2024-01-01 01:12:15,137.3421,137.8793,136.9033,138.1224,9247
2024-01-01 01:12:16,138.1224,138.3627,137.8836,138.2659,7268
2024-01-01 01:12:17,138.2659,138.7378,138.0109,139.0702,5881
2024-01-01 01:12:18,139.0702,139.1613,138.8116,138.8441,8299
2024-01-01 01:12:19,138.8441,139.1219,138.2164,138.9765,1821
2024-01-01 01:12:20,138.9765,139.1797,138.9137,138.5484,7505
2024-01-01 01:12:21,138.5484,138.7568,138.2225,138.7239,1159
2024-01-01 01:12:22,138.7239,138.9325,138.4684,138.2059,2755
2024-01-01 01:12:23,138.2059,138.6134,138.0944,138.9436,6070
2024-01-01 01:12:24,138.9436,139.3846,138.4344,138.8536,2633
2024-01-01 01:12:25,138.8536,139.8223,138.5459,138.2363,8580
2024-01-01 01:12:26,138.2363,138.9392,137.5088,138.4515,1312
2024-01-01 01:12:27,138.4515,138.7914,138.0282,139.2727,8293
2024-01-01 01:12:28,139.2727,139.3637,139.2194,139.2037,1389
2024-01-01 01:12:29,139.2037,139.551,138.9713,138.9136,4830
2024-01-01 01:12:30,138.9136,139.5321,138.833,138.4666,3902
2024-01-01 01:12:31,138.4666,139.1008,138.4595,139.6468,3215
2024-01-01 01:12:32,139.6468,140.2345,139.5066,140.091,6854
2024-01-01 01:12:33,140.091,140.1639,140.0153,139.0435,3587
2024-01-01 01:12:34,139.0435,139.4339,139.0134,139.5813,6234
2024-01-01 01:12:35,139.5813,139.7411,139.4474,139.4279,3999
2024-01-01 01:12:36,139.4279,139.5814,139.2923,139.8121,5253
2024-01-01 01:12:37,139.8121,140.3991,139.5803,139.085,6567
2024-01-01 01:12:38,139.085,139.1338,138.749,139.4842,8257
2024-01-01 01:12:39,139.4842,139.6485,138.9292,139.3248,8597
2024-01-01 01:12:40,139.3248,139.3785,139.0244,139.193,6999
2024-01-01 01:12:41,139.193,139.6033,138.6714,139.848,2077
2024-01-01 01:12:42,139.848,140.1023,139.7417,141.2063,4542
2024-01-01 01:12:43,141.2063,141.7136,141.109,141.9374,1199
2024-01-01 01:12:44,141.9374,142.55,141.7596,142.2462,3065
2024-01-01 01:12:45,142.2462,142.8153,142.0112,142.5194,8019
2024-01-01 01:12:46,142.5194,142.636,142.2778,143.179,2179
2024-01-01 01:12:47,143.179,143.5851,143.0672,143.1082,2536
2024-01-01 01:12:48,143.1082,143.3613,142.893,144.5743,3855
2024-01-01 01:12:49,144.5743,144.8484,144.5036,145.1652,4991
2024-01-01 01:12:50,145.1652,145.4116,145.1158,145.806,7355
2024-01-01 01:12:51,145.806,145.9007,145.7609,145.9349,8977
2024-01-01 01:12:52,145.9349,146.1012,145.7484,145.3399,8020
2024-01-01 01:12:53,145.3399,145.9547,145.1094,144.9437,9970
2024-01-01 01:12:54,144.9437,145.08,144.8736,145.5303,1722
2024-01-01 01:12:55,145.5303,145.643,144.9028,144.9727,8847
2024-01-01 01:12:56,144.9727,144.9755,144.5281,144.2028,4568
2024-01-01 01:12:57,144.2028,144.4071,143.8707,144.9467,5734
2024-01-01 01:12:58,144.9467,145.3823,144.3519,144.6763,1336
2024-01-01 01:12:59,144.6763,145.0248,144.6702,144.5923,7176
2024-01-01 01:13:00,144.5923,145.1722,144.5731,144.6456,3632
2024-01-01 01:13:01,144.6456,145.0237,144.2281,144.7005,2194
2024-01-01 01:13:02,144.7005,144.7376,144.6394,143.2484,7408
2024-01-01 01:13:03,143.2484,143.3058,143.1187,143.4918,9802
2024-01-01 01:13:04,143.4918,143.8879,143.185,143.472,3448
2024-01-01 01:13:05,143.472,143.5133,143.2639,142.9427,6423
2024-01-01 01:13:06,142.9427,143.0324,142.9366,143.0602,1652
2024-01-01 01:13:07,143.0602,143.4542,142.5643,142.9332,1760
2024-01-01 01:13:08,142.9332,142.9582,142.8996,142.9004,7783
2024-01-01 01:13:09,142.9004,143.1238,142.8857,142.2789,3481
2024-01-01 01:13:10,142.2789,142.3767,142.0364,142.4671,3229
2024-01-01 01:13:11,142.4671,142.4926,142.4442,142.8279,6480
2024-01-01 01:13:12,142.8279,143.0066,142.3439,143.9218,9897
2024-01-01 01:13:13,143.9218,144.486,143.743,144.1477,4048
2024-01-01 01:13:14,144.1477,144.3585,143.8857,144.7192,3744
2024-01-01 01:13:15,144.7192,144.8912,144.5862,144.4281,4936
2024-01-01 01:13:16,144.4281,144.6918,144.4113,143.6395,3317
2024-01-01 01:13:17,143.6395,143.9099,143.5657,143.6984,4056
2024-01-01 01:13:18,143.6984,143.8551,143.6331,144.19,3065
2024-01-01 01:13:19,144.19,144.5155,144.1878,144.2155,2488
2024-01-01 01:13:20,144.2155,144.7622,144.1392,144.5188,1100
2024-01-01 01:13:21,144.5188,144.6528,144.2295,145.3439,3756
2024-01-01 01:13:22,145.3439,145.6552,145.3158,146.0677,6776
2024-01-01 01:13:23,146.0677,146.3727,145.8657,145.7652,3039
2024-01-01 01:13:24,145.7652,145.8569,145.6875,144.679,2547
2024-01-01 01:13:25,144.679,145.1514,144.4701,143.9286,9243
2024-01-01 01:13:26,143.9286,144.0729,143.741,143.358,6127
2024-01-01 01:13:27,143.358,143.662,143.2174,143.9077,8707
2024-01-01 01:13:28,143.9077,144.3069,143.6413,144.2873,1824
2024-01-01 01:13:29,144.2873,144.2886,143.7706,144.6953,4872
2024-01-01 01:13:30,144.6953,144.7633,144.5099,143.8512,2100
2024-01-01 01:13:31,143.8512,144.1294,143.7656,142.9127,3532
2024-01-01 01:13:32,142.9127,142.9339,142.4763,142.2533,5523
2024-01-01 01:13:33,142.2533,142.5579,141.7129,141.7194,1875
2024-01-01 01:13:34,141.7194,142.542,141.4089,140.817,8811
2024-01-01 01:13:35,140.817,140.8692,140.7318,141.4276,4502
2024-01-01 01:13:36,141.4276,141.6738,141.0231,140.9625,4746
2024-01-01 01:13:37,140.9625,141.4402,140.4188,140.286,1969
2024-01-01 01:13:38,140.286,140.5278,140.0442,140.281,4463
2024-01-01 01:13:39,140.281,140.3616,139.6037,140.3133,9599
2024-01-01 01:13:40,140.3133,140.4242,139.572,140.3107,4215
2024-01-01 01:13:41,140.3107,140.4464,139.8831,140.1066,1213
2024-01-01 01:13:42,140.1066,140.4122,139.8671,140.5997,3445
2024-01-01 01:13:43,140.5997,140.6305,140.4436,140.5459,8191
2024-01-01 01:13:44,140.5459,140.5532,140.1186,139.5712,4992
2024-01-01 01:13:45,139.5712,139.7087,139.4301,140.3032,3140
2024-01-01 01:13:46,140.3032,140.3097,140.0714,139.7831,7485
2024-01-01 01:13:47,139.7831,139.9315,139.3538,139.4482,1941
2024-01-01 01:13:48,139.4482,139.8897,139.3805,138.952,8486
2024-01-01 01:13:49,138.952,139.2445,138.8761,139.8836,2572
2024-01-01 01:13:50,139.8836,140.021,139.8325,139.6106,3652
2024-01-01 01:13:51,139.6106,139.7404,139.603,138.8567,2212
2024-01-01 01:13:52,138.8567,138.9121,138.3934,138.3782,3607
2024-01-01 01:13:53,138.3782,139.0301,138.0089,137.7546,4574
2024-01-01 01:13:54,137.7546,138.1131,137.7051,138.3963,9867
2024-01-01 01:13:55,138.3963,138.4446,138.2957,139.3535,7342
2024-01-01 01:13:56,139.3535,139.4613,138.826,139.1311,2941
2024-01-01 01:13:57,139.1311,139.1752,139.1068,139.6228,1915
2024-01-01 01:13:58,139.6228,139.907,139.2326,139.1951,7443
2024-01-01 01:13:59,139.1951,139.6815,139.0718,139.9002,1664
2024-01-01 01:14:00,139.9002,140.2122,139.7865,139.3238,9390
2024-01-01 01:14:01,139.3238,139.4188,139.0557,139.2344,1990
2024-01-01 01:14:02,139.2344,139.4675,139.2155,139.0995,1592
2024-01-01 01:14:03,139.0995,139.3967,138.984,138.7174,4216
2024-01-01 01:14:04,138.7174,139.0923,138.6368,138.4463,7829
2024-01-01 01:14:05,138.4463,138.5878,138.2347,138.7768,7175
2024-01-01 01:14:06,138.7768,138.9457,138.6081,138.9379,8108
2024-01-01 01:14:07,138.9379,139.0486,138.8367,138.5326,5841
2024-01-01 01:14:08,138.5326,138.5777,138.4335,138.9095,6628
2024-01-01 01:14:09,138.9095,139.2651,138.7709,138.1882,6252
2024-01-01 01:14:10,138.1882,138.3591,137.9366,138.1585,1643
2024-01-01 01:14:11,138.1585,138.5003,138.0848,137.2792,2607
2024-01-01 01:14:12,137.2792,137.9702,137.1457,137.2061,6097
2024-01-01 01:14:13,137.2061,137.6012,136.9464,137.5024,7230
2024-01-01 01:14:14,137.5024,137.7026,137.3848,137.4737,3195
2024-01-01 01:14:15,137.4737,137.6169,136.7187,137.7875,5615
2024-01-01 01:14:16,137.7875,138.0515,137.6766,139.0655,1943
2024-01-01 01:14:17,139.0655,139.2107,138.9001,139.5053,5022
2024-01-01 01:14:18,139.5053,139.7065,139.2878,139.4826,4946
2024-01-01 01:14:19,139.4826,139.8976,139.2627,138.6483,6993
2024-01-01 01:14:20,138.6483,138.9484,138.4075,139.0037,5375
2024-01-01 01:14:21,139.0037,139.2337,138.7581,139.274,7396
2024-01-01 01:14:22,139.274,139.4683,139.2427,139.8306,8430
2024-01-01 01:14:23,139.8306,140.216,139.5557,140.2757,5395
2024-01-01 01:14:24,140.2757,140.9819,140.0412,140.0645,4266
2024-01-01 01:14:25,140.0645,140.2067,139.8937,139.8373,7073
2024-01-01 01:14:26,139.8373,140.1999,139.7985,138.4241,9237
2024-01-01 01:14:27,138.4241,138.8261,138.0574,138.9142,8059
2024-01-01 01:14:28,138.9142,139.1494,138.6724,139.0185,7061
2024-01-01 01:14:29,139.0185,139.4781,138.9542,139.2371,1129
2024-01-01 01:14:30,139.2371,139.5384,138.6197,138.2149,6019
2024-01-01 01:14:31,138.2149,138.7651,138.1871,137.7837,4037
2024-01-01 01:14:32,137.7837,138.1867,137.4683,137.8277,7247
2024-01-01 01:14:33,137.8277,138.2894,137.4791,138.8907,3977
2024-01-01 01:14:34,138.8907,139.3326,138.2868,139.7493,5524
2024-01-01 01:14:35,139.7493,139.937,139.5317,139.8352,2944
2024-01-01 01:14:36,139.8352,140.1295,139.6104,139.7867,5338
2024-01-01 01:14:37,139.7867,140.0187,139.4645,139.6193,5060
2024-01-01 01:14:38,139.6193,139.7886,139.4907,139.6968,6189
2024-01-01 01:14:39,139.6968,139.8537,139.5604,139.8228,1914
2024-01-01 01:14:40,139.8228,139.9132,139.641,139.3295,2708
2024-01-01 01:14:41,139.3295,139.7693,139.2197,138.8665,1296
2024-01-01 01:14:42,138.8665,138.9474,138.8244,139.574,9697
2024-01-01 01:14:43,139.574,139.8684,138.9678,138.9932,3327
2024-01-01 01:14:44,138.9932,139.0438,138.9521,139.1783,5601
2024-01-01 01:14:45,139.1783,139.2638,138.9915,138.6387,5577
2024-01-01 01:14:46,138.6387,138.8251,138.3656,138.6174,8547
2024-01-01 01:14:47,138.6174,138.6529,138.0401,138.2368,9160
2024-01-01 01:14:48,138.2368,138.3426,138.125,138.796,1414
2024-01-01 01:14:49,138.796,138.9069,138.508,138.5624,6594
2024-01-01 01:14:50,138.5624,138.9547,138.5066,139.2188,8421
2024-01-01 01:14:51,139.2188,139.4335,138.9841,139.7531,6307
2024-01-01 01:14:52,139.7531,139.8624,139.5107,139.4787,2014
2024-01-01 01:14:53,139.4787,139.5352,139.4052,139.4873,6850
2024-01-01 01:14:54,139.4873,139.9916,139.3888,139.8529,7020
2024-01-01 01:14:55,139.8529,140.0187,139.5299,139.7787,1747
2024-01-01 01:14:56,139.7787,139.9317,139.3267,140.8754,3097
2024-01-01 01:14:57,140.8754,141.0519,140.7981,140.9521,8587
2024-01-01 01:14:58,140.9521,141.569,140.9014,140.3226,5933
2024-01-01 01:14:59,140.3226,140.3797,139.9351,140.4018,3022
2024-01-01 01:15:00,140.4018,140.6104,139.9662,140.444,2422
2024-01-01 01:15:01,140.444,140.6237,140.4376,140.9855,1574
2024-01-01 01:15:02,140.9855,141.1745,140.7851,141.0912,3525
2024-01-01 01:15:03,141.0912,141.3879,141.0573,140.7677,1438
2024-01-01 01:15:04,140.7677,140.8819,140.6799,140.5089,5032
2024-01-01 01:15:05,140.5089,140.7751,140.1117,139.5356,6771
2024-01-01 01:15:06,139.5356,140.0616,139.2664,139.998,3430
2024-01-01 01:15:07,139.998,140.207,139.6236,138.9979,8253
2024-01-01 01:15:08,138.9979,139.4086,138.6777,139.0982,3855
2024-01-01 01:15:09,139.0982,139.3834,139.0956,138.6768,8760
2024-01-01 01:15:10,138.6768,139.202,138.6347,138.3378,6800
2024-01-01 01:15:11,138.3378,138.3708,138.1253,137.9905,7993
2024-01-01 01:15:12,137.9905,138.1354,137.6959,138.3868,1802
2024-01-01 01:15:13,138.3868,138.7023,138.2816,138.4958,9379
2024-01-01 01:15:14,138.4958,138.8746,138.4599,138.7576,9284
2024-01-01 01:15:15,138.7576,138.9552,138.2288,138.5111,4275
2024-01-01 01:15:16,138.5111,138.604,138.3366,138.3439,2634
2024-01-01 01:15:17,138.3439,138.6969,137.8842,138.3596,4641
2024-01-01 01:15:18,138.3596,138.5985,137.6469,138.8595,2468
2024-01-01 01:15:19,138.8595,139.2001,138.7803,138.3873,8122
2024-01-01 01:15:20,138.3873,138.6236,138.1607,139.1374,7595
2024-01-01 01:15:21,139.1374,139.4006,139.1016,139.0551,5303
2024-01-01 01:15:22,139.0551,139.2061,138.8492,139.2884,3502
2024-01-01 01:15:23,139.2884,139.4004,139.1501,139.2226,9328
2024-01-01 01:15:24,139.2226,139.2377,139.0434,139.4581,3522
2024-01-01 01:15:25,139.4581,139.9773,138.7054,139.219,3527
2024-01-01 01:15:26,139.219,139.6534,138.9838,139.0684,3926
2024-01-01 01:15:27,139.0684,139.0961,138.7895,138.1573,1936
2024-01-01 01:15:28,138.1573,138.5458,137.4595,137.4931,4458
2024-01-01 01:15:29,137.4931,137.5591,137.4242,136.429,7383
2024-01-01 01:15:30,136.429,137.068,136.3431,136.4809,5008
2024-01-01 01:15:31,136.4809,136.8768,136.3046,135.9284,9709
2024-01-01 01:15:32,135.9284,136.0313,135.8641,136.401,4871
2024-01-01 01:15:33,136.401,136.8468,136.3833,136.0139,4753
2024-01-01 01:15:34,136.0139,136.5887,135.9533,136.7742,6307
2024-01-01 01:15:35,136.7742,137.1483,136.2694,136.0536,2175
2024-01-01 01:15:36,136.0536,136.3443,135.9697,136.1468,5699
2024-01-01 01:15:37,136.1468,136.2582,135.9612,136.2467,8758
2024-01-01 01:15:38,136.2467,136.4937,136.1524,135.9738,8801
2024-01-01 01:15:39,135.9738,136.226,135.9005,136.3444,2191
2024-01-01 01:15:40,136.3444,137.0159,136.1899,136.7024,8014
2024-01-01 01:15:41,136.7024,136.9368,136.6688,136.2983,2269
2024-01-01 01:15:42,136.2983,136.5697,136.1246,135.2747,1277
2024-01-01 01:15:43,135.2747,135.6797,135.0854,135.7171,7159
2024-01-01 01:15:44,135.7171,135.8306,135.5541,135.4289,6861
2024-01-01 01:15:45,135.4289,135.4646,135.3294,135.9966,1008
2024-01-01 01:15:46,135.9966,136.0498,135.5953,136.0325,1244
2024-01-01 01:15:47,136.0325,136.5758,135.7721,137.2265,9128
2024-01-01 01:15:48,137.2265,137.5017,137.0092,137.8916,4306
2024-01-01 01:15:49,137.8916,138.3427,137.6739,138.1208,8045
2024-01-01 01:15:50,138.1208,138.3534,137.7435,138.6986,8436
2024-01-01 01:15:51,138.6986,139.0207,138.4826,138.8485,9572
2024-01-01 01:15:52,138.8485,138.8672,138.2807,138.6547,4790
2024-01-01 01:15:53,138.6547,139.0116,138.4587,139.1267,4037
2024-01-01 01:15:54,139.1267,139.4479,139.094,139.6178,6556
2024-01-01 01:15:55,139.6178,139.8776,138.8898,139.511,9761
2024-01-01 01:15:56,139.511,139.8113,139.3173,138.9889,4407
2024-01-01 01:15:57,138.9889,139.4136,138.8229,139.1654,6058
2024-01-01 01:15:58,139.1654,139.5553,138.9638,139.363,6058
2024-01-01 01:15:59,139.363,139.6439,138.6741,139.0053,6486
2024-01-01 01:16:00,139.0053,139.1461,138.8591,139.1127,2134
2024-01-01 01:16:01,139.1127,139.1518,139.0602,139.1846,6719
2024-01-01 01:16:02,139.1846,139.2098,138.7989,138.6991,8472
2024-01-01 01:16:03,138.6991,138.7742,138.4656,138.6716,1112
2024-01-01 01:16:04,138.6716,138.6858,138.3331,138.6657,7482
2024-01-01 01:16:05,138.6657,138.7958,138.3125,138.9718,8131
2024-01-01 01:16:06,138.9718,138.9775,138.6612,138.5515,6071
2024-01-01 01:16:07,138.5515,138.6486,138.4657,138.7276,4298
2024-01-01 01:16:08,138.7276,138.9101,138.6989,138.3797,6416
2024-01-01 01:16:09,138.3797,138.6797,138.3165,138.2576,6783
2024-01-01 01:16:10,138.2576,138.4521,138.132,138.1179,7326
2024-01-01 01:16:11,138.1179,138.5003,138.0575,138.7508,4055
2024-01-01 01:16:12,138.7508,138.8256,138.4225,139.2758,6867
2024-01-01 01:16:13,139.2758,139.5768,138.9241,139.728,4649
2024-01-01 01:16:14,139.728,139.8143,139.4965,139.6591,1130
2024-01-01 01:16:15,139.6591,139.7788,139.4078,140.065,3646
2024-01-01 01:16:16,140.065,140.1256,139.9203,139.5169,4846
2024-01-01 01:16:17,139.5169,140.1029,139.4706,139.0479,5751
2024-01-01 01:16:18,139.0479,139.2579,138.6852,139.6498,6495
2024-01-01 01:16:19,139.6498,139.8619,139.4704,139.4122,5615
2024-01-01 01:16:20,139.4122,139.5771,139.3315,138.9544,5288
2024-01-01 01:16:21,138.9544,139.4597,138.447,139.3816,5786
2024-01-01 01:16:22,139.3816,139.6386,139.3762,139.369,6002
2024-01-01 01:16:23,139.369,139.5985,139.1742,139.5635,5007
2024-01-01 01:16:24,139.5635,139.787,139.4007,139.5705,5518
2024-01-01 01:16:25,139.5705,139.7871,139.4544,138.6211,5417
2024-01-01 01:16:26,138.6211,138.7849,138.1766,138.9014,3807
2024-01-01 01:16:27,138.9014,138.9584,138.8269,138.7801,6377
2024-01-01 01:16:28,138.7801,138.7806,138.6987,138.5181,4580
2024-01-01 01:16:29,138.5181,138.963,138.4854,137.7279,9735
2024-01-01 01:16:30,137.7279,138.2124,137.121,137.0814,2634
2024-01-01 01:16:31,137.0814,137.0821,136.9411,136.5033,1130
2024-01-01 01:16:32,136.5033,136.5106,136.4029,137.3482,3839
2024-01-01 01:16:33,137.3482,137.6049,137.1215,137.4078,1710
2024-01-01 01:16:34,137.4078,137.4413,137.2425,136.9881,5703
2024-01-01 01:16:35,136.9881,137.3471,136.6044,136.6169,7070
2024-01-01 01:16:36,136.6169,137.0775,136.2653,136.1519,1610
2024-01-01 01:16:37,136.1519,136.155,136.0631,136.7911,5557
2024-01-01 01:16:38,136.7911,137.0281,136.7108,135.9041,4660
2024-01-01 01:16:39,135.9041,136.4142,135.6773,136.0274,3317
2024-01-01 01:16:40,136.0274,136.3953,135.619,136.8412,4342
2024-01-01 01:16:41,136.8412,136.875,136.5091,137.3805,7446
2024-01-01 01:16:42,137.3805,137.6576,137.2192,137.7841,6527
2024-01-01 01:16:43,137.7841,138.1822,137.3707,137.6016,1037
2024-01-01 01:16:44,137.6016,137.7101,137.367,137.103,4578
2024-01-01 01:16:45,137.103,137.3223,137.0231,136.0413,6906
2024-01-01 01:16:46,136.0413,136.1043,135.9405,135.735,4625
2024-01-01 01:16:47,135.735,135.9186,135.627,135.2614,9880
2024-01-01 01:16:48,135.2614,135.2909,135.0843,135.1124,4121
2024-01-01 01:16:49,135.1124,135.1959,134.9578,136.1212,3223
2024-01-01 01:16:50,136.1212,136.1686,136.0292,136.4909,5343
2024-01-01 01:16:51,136.4909,136.8558,136.2482,136.8778,1306
2024-01-01 01:16:52,136.8778,137.2977,136.8084,136.6443,7492
2024-01-01 01:16:53,136.6443,136.7177,136.2776,136.139,1459
2024-01-01 01:16:54,136.139,136.2473,135.7048,137.0058,3307
2024-01-01 01:16:55,137.0058,137.2267,136.9034,136.9538,1821
2024-01-01 01:16:56,136.9538,137.3984,136.5799,137.4711,8983
2024-01-01 01:16:57,137.4711,137.699,137.3778,137.8648,8631
2024-01-01 01:16:58,137.8648,138.8142,137.6797,137.7303,1957
2024-01-01 01:16:59,137.7303,137.9391,137.4224,138.639,7006
2024-01-01 01:17:00,138.639,138.6973,138.4755,138.9214,5592
2024-01-01 01:17:01,138.9214,139.1621,138.7932,138.2922,8347
2024-01-01 01:17:02,138.2922,138.7775,138.2798,138.3004,4259
2024-01-01 01:17:03,138.3004,138.4105,137.9538,137.4574,3511
2024-01-01 01:17:04,137.4574,137.6108,137.3518,137.1971,7574
2024-01-01 01:17:05,137.1971,137.3253,137.1332,137.4001,4349
2024-01-01 01:17:06,137.4001,137.5506,137.3563,137.66,8675
2024-01-01 01:17:07,137.66,138.1151,137.483,138.0354,3012
2024-01-01 01:17:08,138.0354,138.3135,137.3643,137.7818,1175
2024-01-01 01:17:09,137.7818,138.0743,137.6607,138.0969,8837
2024-01-01 01:17:10,138.0969,138.2731,138.0082,137.7404,1928
2024-01-01 01:17:11,137.7404,137.939,137.3592,137.3919,4450
2024-01-01 01:17:12,137.3919,137.6385,137.2909,138.5104,5232
2024-01-01 01:17:13,138.5104,138.5844,138.3425,138.8311,1475
2024-01-01 01:17:14,138.8311,139.2973,138.6792,138.9956,3081
2024-01-01 01:17:15,138.9956,139.3173,138.9126,138.9147,1268
2024-01-01 01:17:16,138.9147,139.1726,138.4885,139.5838,3169
2024-01-01 01:17:17,139.5838,139.7478,138.9868,139.39,1958
2024-01-01 01:17:18,139.39,139.6192,138.9054,138.4367,9953
2024-01-01 01:17:19,138.4367,138.9415,138.3157,138.9241,2664
2024-01-01 01:17:20,138.9241,139.2213,138.6939,139.2034,5267
2024-01-01 01:17:21,139.2034,139.5623,138.9879,138.7623,3996
2024-01-01 01:17:22,138.7623,138.8056,138.5239,138.9054,9795
2024-01-01 01:17:23,138.9054,139.1303,138.673,139.3872,8686
2024-01-01 01:17:24,139.3872,139.5851,139.3114,139.0732,3548
2024-01-01 01:17:25,139.0732,139.1081,138.9948,138.9423,6623
2024-01-01 01:17:26,138.9423,139.276,138.8967,138.3093,9308
2024-01-01 01:17:27,138.3093,138.3361,138.142,138.6851,5053
2024-01-01 01:17:28,138.6851,138.7235,138.195,137.9856,2250
2024-01-01 01:17:29,137.9856,138.0235,137.8534,138.2433,2385
2024-01-01 01:17:30,138.2433,138.2912,137.4778,138.3766,1687
2024-01-01 01:17:31,138.3766,138.4014,138.1009,138.1256,7814
2024-01-01 01:17:32,138.1256,138.5882,137.4901,138.4161,2211
2024-01-01 01:17:33,138.4161,138.5078,138.3891,138.7602,8941
2024-01-01 01:17:34,138.7602,138.8388,138.6127,138.7254,3474
2024-01-01 01:17:35,138.7254,138.9652,138.4061,138.4659,5125
2024-01-01 01:17:36,138.4659,138.6425,138.2057,138.3588,2792
2024-01-01 01:17:37,138.3588,138.5434,138.3518,139.3057,3328
2024-01-01 01:17:38,139.3057,139.7111,139.3035,140.3041,8444
2024-01-01 01:17:39,140.3041,140.3301,140.2473,139.9251,5739
2024-01-01 01:17:40,139.9251,140.0438,139.7227,140.0694,5270
2024-01-01 01:17:41,140.0694,140.4329,139.8352,140.7436,4151
2024-01-01 01:17:42,140.7436,141.0107,140.37,141.4332,4203
2024-01-01 01:17:43,141.4332,141.5064,141.196,141.4391,5948
2024-01-01 01:17:44,141.4391,141.6679,141.0872,140.4239,9496
2024-01-01 01:17:45,140.4239,140.8296,140.4216,140.4925,6416
2024-01-01 01:17:46,140.4925,140.5172,140.478,141.0499,7130
2024-01-01 01:17:47,141.0499,141.2704,140.8583,140.982,9314
2024-01-01 01:17:48,140.982,141.0878,140.9558,140.9049,8343
2024-01-01 01:17:49,140.9049,141.3244,140.8966,140.4737,3976
2024-01-01 01:17:50,140.4737,140.7298,140.289,139.9069,6186
2024-01-01 01:17:51,139.9069,140.1102,139.7851,141.0816,8411
2024-01-01 01:17:52,141.0816,141.2431,141.0324,141.5806,6876
2024-01-01 01:17:53,141.5806,141.6321,141.5575,141.2969,2319
2024-01-01 01:17:54,141.2969,141.4797,140.8244,141.6462,3192
2024-01-01 01:17:55,141.6462,141.9297,141.5962,142.1034,3583
2024-01-01 01:17:56,142.1034,142.3034,141.4895,142.3427,7725
2024-01-01 01:17:57,142.3427,142.3767,142.174,142.8347,6205
2024-01-01 01:17:58,142.8347,143.2409,142.6445,142.5377,5003
2024-01-01 01:17:59,142.5377,143.0038,142.4282,142.3593,3525
2024-01-01 01:18:00,142.3593,142.5056,142.1785,142.1719,3947
2024-01-01 01:18:01,142.1719,142.4533,142.0945,141.8801,6492
2024-01-01 01:18:02,141.8801,142.2387,141.4405,141.5177,6564
2024-01-01 01:18:03,141.5177,141.6841,141.4014,141.6435,2752
2024-01-01 01:18:04,141.6435,142.0111,141.5902,141.7483,9756
2024-01-01 01:18:05,141.7483,141.8758,141.5766,141.6282,3572
2024-01-01 01:18:06,141.6282,141.7972,141.5518,142.2876,3832
2024-01-01 01:18:07,142.2876,142.3456,142.004,142.5447,5850
2024-01-01 01:18:08,142.5447,142.5918,142.3247,141.4459,3517
2024-01-01 01:18:09,141.4459,141.7026,141.1716,141.7597,9778
2024-01-01 01:18:10,141.7597,141.7606,141.6494,141.2531,2797
2024-01-01 01:18:11,141.2531,141.4826,141.2081,141.1079,9802
2024-01-01 01:18:12,141.1079,141.2006,141.0529,141.5093,1015
2024-01-01 01:18:13,141.5093,141.7961,141.4307,141.7609,9232
2024-01-01 01:18:14,141.7609,141.9391,141.5392,142.2671,6139
2024-01-01 01:18:15,142.2671,142.7816,142.1995,141.8302,7352
2024-01-01 01:18:16,141.8302,142.0161,141.4883,141.5666,2945
2024-01-01 01:18:17,141.5666,141.9635,141.294,140.9614,4566
2024-01-01 01:18:18,140.9614,141.1427,140.5962,140.8712,8145
2024-01-01 01:18:19,140.8712,140.9391,140.6954,140.3643,4167
2024-01-01 01:18:20,140.3643,140.5982,140.1385,140.5388,5144
2024-01-01 01:18:21,140.5388,141.0629,140.4323,140.6988,2847
2024-01-01 01:18:22,140.6988,141.038,140.0826,140.5858,2833
2024-01-01 01:18:23,140.5858,141.0905,140.2653,140.5142,8315
2024-01-01 01:18:24,140.5142,140.9308,140.1716,140.9961,5549
2024-01-01 01:18:25,140.9961,141.3227,140.8287,140.643,3635
2024-01-01 01:18:26,140.643,140.6602,140.6375,140.311,4593
2024-01-01 01:18:27,140.311,140.5335,140.0891,140.2112,1343
2024-01-01 01:18:28,140.2112,140.7057,140.182,140.1463,6698
2024-01-01 01:18:29,140.1463,140.605,139.9521,139.9736,9834
2024-01-01 01:18:30,139.9736,140.2952,139.9227,139.649,6271
2024-01-01 01:18:31,139.649,139.8294,139.4524,139.8575,3940
2024-01-01 01:18:32,139.8575,140.4781,139.5521,139.7258,1031
2024-01-01 01:18:33,139.7258,140.0756,139.5753,139.3517,3651
2024-01-01 01:18:34,139.3517,139.6138,139.0229,140.2079,2023
2024-01-01 01:18:35,140.2079,140.4892,140.0973,139.719,8081
2024-01-01 01:18:36,139.719,140.0035,139.5124,140.0034,4721
2024-01-01 01:18:37,140.0034,140.1719,139.6604,140.1495,4388
2024-01-01 01:18:38,140.1495,140.3886,139.7985,140.5847,4339
2024-01-01 01:18:39,140.5847,140.661,140.2483,140.1188,2364
2024-01-01 01:18:40,140.1188,140.1339,139.5454,139.4094,7594
2024-01-01 01:18:41,139.4094,139.5557,139.1131,138.5483,5060
2024-01-01 01:18:42,138.5483,138.6513,138.5462,138.1581,2218
2024-01-01 01:18:43,138.1581,138.3215,137.7464,138.1381,3569
2024-01-01 01:18:44,138.1381,138.3426,138.0318,138.2462,9856
2024-01-01 01:18:45,138.2462,138.5299,137.8513,138.1019,4666
2024-01-01 01:18:46,138.1019,138.2585,138.0629,137.914,2037
2024-01-01 01:18:47,137.914,138.176,137.8668,137.1094,1324
2024-01-01 01:18:48,137.1094,137.4644,136.9755,136.2262,1711
2024-01-01 01:18:49,136.2262,136.5996,136.0285,136.236,7065
2024-01-01 01:18:50,136.236,136.3973,135.7724,136.3741,9563
2024-01-01 01:18:51,136.3741,136.7271,136.1161,135.4998,5364
2024-01-01 01:18:52,135.4998,135.6183,135.2145,135.5031,7713
2024-01-01 01:18:53,135.5031,136.0017,135.0535,135.9934,2813
2024-01-01 01:18:54,135.9934,136.3155,135.6684,135.5912,5046
2024-01-01 01:18:55,135.5912,135.8357,135.5268,135.2954,9150
2024-01-01 01:18:56,135.2954,135.7005,134.7391,135.6225,3468
2024-01-01 01:18:57,135.6225,135.7101,135.3442,135.5681,7541
2024-01-01 01:18:58,135.5681,135.6757,135.3539,134.7379,2543
2024-01-01 01:18:59,134.7379,134.949,134.488,134.4363,6047
2024-01-01 01:19:00,134.4363,134.7057,134.2978,133.9382,6343
2024-01-01 01:19:01,133.9382,133.9779,133.702,133.75,8129
2024-01-01 01:19:02,133.75,133.7792,133.513,133.7034,3236
2024-01-01 01:19:03,133.7034,134.0639,133.5072,133.8475,8291
2024-01-01 01:19:04,133.8475,134.186,133.8187,133.783,5989
2024-01-01 01:19:05,133.783,134.0802,133.659,133.27,7493
2024-01-01 01:19:06,133.27,133.3077,132.8889,132.6302,6029
2024-01-01 01:19:07,132.6302,132.768,132.3061,132.4094,6766
2024-01-01 01:19:08,132.4094,132.9471,132.358,132.0255,9340
2024-01-01 01:19:09,132.0255,132.1682,131.6404,132.4179,9258
2024-01-01 01:19:10,132.4179,132.5381,132.1771,132.5577,8509
2024-01-01 01:19:11,132.5577,132.9777,132.5074,132.6553,4379
2024-01-01 01:19:12,132.6553,132.8907,132.6041,132.1246,7239
2024-01-01 01:19:13,132.1246,132.2306,131.7415,131.9028,1458
2024-01-01 01:19:14,131.9028,132.1631,131.8552,131.8612,9433
2024-01-01 01:19:15,131.8612,132.0731,131.2862,131.5699,6352
2024-01-01 01:19:16,131.5699,131.6029,131.5122,131.8147,7528
2024-01-01 01:19:17,131.8147,132.0273,131.5592,131.7328,7499
2024-01-01 01:19:18,131.7328,131.9561,131.6861,131.2191,9918
2024-01-01 01:19:19,131.2191,131.3789,130.8842,131.1638,5139
2024-01-01 01:19:20,131.1638,131.2731,131.0955,131.0158,9841
2024-01-01 01:19:21,131.0158,131.1903,130.9294,131.643,1674
2024-01-01 01:19:22,131.643,131.8674,131.4926,131.4378,8761
2024-01-01 01:19:23,131.4378,131.4819,130.8503,130.8567,2736
2024-01-01 01:19:24,130.8567,130.959,130.8226,130.367,8324
2024-01-01 01:19:25,130.367,130.5258,129.7198,130.3029,1774
2024-01-01 01:19:26,130.3029,130.3033,130.1353,130.4562,7607
2024-01-01 01:19:27,130.4562,130.9604,130.081,130.8678,6830
2024-01-01 01:19:28,130.8678,130.9121,130.5912,130.8106,5796
2024-01-01 01:19:29,130.8106,131.0019,130.6769,130.7174,4138
2024-01-01 01:19:30,130.7174,131.4581,130.3915,131.351,5820
2024-01-01 01:19:31,131.351,131.7055,131.1896,130.4331,9235
2024-01-01 01:19:32,130.4331,131.096,130.061,130.5108,9696
2024-01-01 01:19:33,130.5108,130.8164,130.4567,130.1295,1572
2024-01-01 01:19:34,130.1295,130.2121,130.047,130.822,3013
2024-01-01 01:19:35,130.822,131.0501,130.7517,131.2846,5843
2024-01-01 01:19:36,131.2846,132.0316,131.0112,130.8538,1708
2024-01-01 01:19:37,130.8538,131.0421,130.7047,131.3485,6618
2024-01-01 01:19:38,131.3485,131.4563,130.8483,131.9622,7131
2024-01-01 01:19:39,131.9622,132.3251,131.3501,131.5643,7190
2024-01-01 01:19:40,131.5643,131.9691,131.0753,132.1099,8146
2024-01-01 01:19:41,132.1099,132.223,131.9928,132.8452,7970
2024-01-01 01:19:42,132.8452,133.0354,132.7501,132.8814,1129
2024-01-01 01:19:43,132.8814,132.9841,132.6994,132.6774,5831
2024-01-01 01:19:44,132.6774,132.7046,132.3341,132.5639,7370
2024-01-01 01:19:45,132.5639,132.6457,132.3302,132.5678,6335
2024-01-01 01:19:46,132.5678,132.7209,132.3984,132.3209,4797
2024-01-01 01:19:47,132.3209,132.5746,132.2652,132.4387,9013
2024-01-01 01:19:48,132.4387,133.132,132.3257,133.0781,4574
2024-01-01 01:19:49,133.0781,133.4527,132.8001,133.8634,1923
2024-01-01 01:19:50,133.8634,133.8681,133.7301,134.2418,2497
2024-01-01 01:19:51,134.2418,134.3438,134.1942,134.4717,8738
2024-01-01 01:19:52,134.4717,134.991,133.9779,134.5435,9104
2024-01-01 01:19:53,134.5435,134.8281,134.1129,135.58,9782
2024-01-01 01:19:54,135.58,135.9598,135.2973,135.0732,6263
2024-01-01 01:19:55,135.0732,135.2464,135.0119,134.6446,6001
2024-01-01 01:19:56,134.6446,135.1499,134.2658,135.1054,2661
2024-01-01 01:19:57,135.1054,135.792,134.6455,135.868,6368
2024-01-01 01:19:58,135.868,135.896,135.7725,135.1788,1855
2024-01-01 01:19:59,135.1788,135.5986,135.1012,135.232,6951
2024-01-01 01:20:00,135.232,135.3555,134.9884,135.1527,8726
2024-01-01 01:20:01,135.1527,135.188,134.8684,135.2896,4519
2024-01-01 01:20:02,135.2896,135.4193,134.9488,135.1183,5846
2024-01-01 01:20:03,135.1183,135.5218,134.7753,135.35,8557
2024-01-01 01:20:04,135.35,135.6191,135.1024,135.8331,8527
2024-01-01 01:20:05,135.8331,135.9106,135.5975,134.4969,4328
2024-01-01 01:20:06,134.4969,134.5466,134.4227,134.8501,4198
2024-01-01 01:20:07,134.8501,134.999,134.7016,134.8419,2362
2024-01-01 01:20:08,134.8419,134.9225,134.6722,134.9743,9538
2024-01-01 01:20:09,134.9743,135.7076,134.5618,135.8647,7997
2024-01-01 01:20:10,135.8647,136.0048,135.2353,136.4171,2119
2024-01-01 01:20:11,136.4171,136.5286,136.2688,136.3774,9901
2024-01-01 01:20:12,136.3774,136.3839,136.228,136.3086,6176
2024-01-01 01:20:13,136.3086,136.413,136.0703,135.8361,3002
2024-01-01 01:20:14,135.8361,135.9227,135.6316,135.4341,6364
2024-01-01 01:20:15,135.4341,135.4795,135.0927,136.0857,9386
2024-01-01 01:20:16,136.0857,136.1967,135.9015,136.6552,8837
2024-01-01 01:20:17,136.6552,136.7474,136.4306,136.3002,7250
2024-01-01 01:20:18,136.3002,136.3108,136.0262,135.4853,3663
2024-01-01 01:20:19,135.4853,135.7377,135.3195,135.6572,2069
2024-01-01 01:20:20,135.6572,135.6747,135.5939,136.0125,5209
2024-01-01 01:20:21,136.0125,136.3358,135.7404,135.7629,8045
2024-01-01 01:20:22,135.7629,136.4135,135.3853,135.681,1475
2024-01-01 01:20:23,135.681,135.7353,135.5451,135.8972,9720
2024-01-01 01:20:24,135.8972,136.0518,135.8895,135.5209,4833
2024-01-01 01:20:25,135.5209,135.7468,135.1257,135.6125,6576
2024-01-01 01:20:26,135.6125,136.0137,135.3143,136.0152,9553
2024-01-01 01:20:27,136.0152,136.0774,135.7761,135.8866,5830
2024-01-01 01:20:28,135.8866,136.1991,135.5263,135.2582,8500
2024-01-01 01:20:29,135.2582,135.5376,135.098,135.203,7077
2024-01-01 01:20:30,135.203,135.7664,134.9793,135.6732,6710
2024-01-01 01:20:31,135.6732,135.6773,135.5173,136.3659,9492
2024-01-01 01:20:32,136.3659,136.942,136.2076,136.317,8227
2024-01-01 01:20:33,136.317,136.3271,135.9827,136.4052,9827
2024-01-01 01:20:34,136.4052,136.8106,136.081,135.58,3255
2024-01-01 01:20:35,135.58,135.6939,135.2237,134.7927,8403
2024-01-01 01:20:36,134.7927,134.9913,134.3455,135.2405,9669
2024-01-01 01:20:37,135.2405,135.4776,134.499,134.8679,6385
2024-01-01 01:20:38,134.8679,135.3595,134.8113,135.1976,9132
2024-01-01 01:20:39,135.1976,135.2093,135.0209,134.8713,7409
2024-01-01 01:20:40,134.8713,134.8872,134.7845,135.1051,1486
2024-01-01 01:20:41,135.1051,135.1935,134.7616,135.4241,8117
2024-01-01 01:20:42,135.4241,135.5441,135.228,135.5674,9055
2024-01-01 01:20:43,135.5674,135.6292,135.4618,135.7523,6514
2024-01-01 01:20:44,135.7523,136.042,135.2237,134.8253,3734
2024-01-01 01:20:45,134.8253,134.9883,134.5433,134.9516,1769
2024-01-01 01:20:46,134.9516,135.075,134.512,134.7575,4403
2024-01-01 01:20:47,134.7575,134.8534,134.2368,133.8881,2465
2024-01-01 01:20:48,133.8881,134.2042,133.8752,133.3807,1338
2024-01-01 01:20:49,133.3807,133.3903,133.0455,132.7593,1194
2024-01-01 01:20:50,132.7593,133.2023,132.6077,132.8469,1327
2024-01-01 01:20:51,132.8469,132.8506,132.6942,133.5509,4950
2024-01-01 01:20:52,133.5509,133.6699,133.5458,133.5982,3058
2024-01-01 01:20:53,133.5982,134.1207,132.9053,134.5854,6036
2024-01-01 01:20:54,134.5854,135.0352,134.4542,135.2513,7989
2024-01-01 01:20:55,135.2513,135.3523,135.2238,135.554,9701
2024-01-01 01:20:56,135.554,135.8815,135.2687,135.2624,3015
2024-01-01 01:20:57,135.2624,135.5202,135.1915,135.6128,3222
2024-01-01 01:20:58,135.6128,136.0653,135.5821,135.3713,6623
2024-01-01 01:20:59,135.3713,135.8584,135.152,135.5543,9698
2024-01-01 01:21:00,135.5543,135.5613,135.0104,135.0663,2292
2024-01-01 01:21:01,135.0663,135.1234,134.7944,135.7072,7569
2024-01-01 01:21:02,135.7072,135.7927,135.6863,135.3959,1116
2024-01-01 01:21:03,135.3959,135.6592,135.1271,136.0893,8048
2024-01-01 01:21:04,136.0893,136.3176,135.9737,136.6861,2408
2024-01-01 01:21:05,136.6861,137.0343,136.2027,137.4007,7153
2024-01-01 01:21:06,137.4007,137.7467,137.2923,137.4391,2895
2024-01-01 01:21:07,137.4391,137.6389,137.2915,137.8636,7437
2024-01-01 01:21:08,137.8636,137.9752,137.5568,138.5274,4931
2024-01-01 01:21:09,138.5274,138.7144,138.4936,137.7214,1461
2024-01-01 01:21:10,137.7214,138.0184,137.2707,138.1066,7196
2024-01-01 01:21:11,138.1066,138.3387,137.959,138.5084,5085
2024-01-01 01:21:12,138.5084,138.8581,138.3429,138.3391,2125
2024-01-01 01:21:13,138.3391,138.5249,137.9241,138.6057,2254
2024-01-01 01:21:14,138.6057,138.6365,138.2718,138.8354,6297
2024-01-01 01:21:15,138.8354,138.9701,138.6834,138.8325,9772
2024-01-01 01:21:16,138.8325,139.1389,138.6598,139.3254,1702
2024-01-01 01:21:17,139.3254,140.0875,139.2062,140.2187,1613
2024-01-01 01:21:18,140.2187,140.5753,139.8704,140.4587,4506
2024-01-01 01:21:19,140.4587,140.625,140.4501,140.4632,7876
2024-01-01 01:21:20,140.4632,140.6189,140.0835,140.5324,5313
2024-01-01 01:21:21,140.5324,140.8331,140.1967,139.7395,8426
2024-01-01 01:21:22,139.7395,140.0747,139.7065,140.3648,4463
2024-01-01 01:21:23,140.3648,140.7164,140.19,140.7979,1735
2024-01-01 01:21:24,140.7979,140.9472,140.5968,140.356,1058
2024-01-01 01:21:25,140.356,140.5235,140.2776,139.4218,9791
2024-01-01 01:21:26,139.4218,139.6632,139.1723,139.4561,5417
2024-01-01 01:21:27,139.4561,139.8029,139.0922,139.0956,6744
2024-01-01 01:21:28,139.0956,139.3995,138.8457,139.6932,9808
2024-01-01 01:21:29,139.6932,139.6961,139.3633,138.9484,9043
2024-01-01 01:21:30,138.9484,139.1134,138.8067,139.2294,7960
2024-01-01 01:21:31,139.2294,139.4918,138.5153,139.9058,2963
2024-01-01 01:21:32,139.9058,140.3959,139.6103,140.1092,1575
2024-01-01 01:21:33,140.1092,140.3205,139.4132,139.3238,9255
2024-01-01 01:21:34,139.3238,139.9679,139.1205,139.3914,8698
2024-01-01 01:21:35,139.3914,139.8577,139.2175,139.3759,9388
2024-01-01 01:21:36,139.3759,139.5917,138.9566,139.4388,8364
2024-01-01 01:21:37,139.4388,139.666,139.4189,139.9156,4810
2024-01-01 01:21:38,139.9156,140.316,139.8104,139.7772,6719
2024-01-01 01:21:39,139.7772,139.9738,139.2518,139.6068,7867
2024-01-01 01:21:40,139.6068,139.6437,139.4953,139.9219,5333
2024-01-01 01:21:41,139.9219,140.1074,139.1498,140.1142,5292
2024-01-01 01:21:42,140.1142,140.3546,139.9726,140.997,2392
2024-01-01 01:21:43,140.997,141.3656,140.6873,140.7201,6834
2024-01-01 01:21:44,140.7201,140.7696,140.6919,140.465,1322
2024-01-01 01:21:45,140.465,140.8955,140.3051,140.8671,5458
2024-01-01 01:21:46,140.8671,140.9895,140.7307,141.149,4935
2024-01-01 01:21:47,141.149,141.3802,140.7856,142.8854,1974
2024-01-01 01:21:48,142.8854,143.2136,142.6125,142.313,3366
2024-01-01 01:21:49,142.313,142.4621,142.1228,143.471,8628
2024-01-01 01:21:50,143.471,143.5565,143.3106,144.2677,7386
2024-01-01 01:21:51,144.2677,144.8652,144.2035,144.1657,7666
2024-01-01 01:21:52,144.1657,144.3457,143.856,144.2535,5891
2024-01-01 01:21:53,144.2535,144.3053,144.0684,144.5294,1229
2024-01-01 01:21:54,144.5294,145.157,144.4025,144.4304,7868
2024-01-01 01:21:55,144.4304,144.7306,144.2132,144.1553,1845
2024-01-01 01:21:56,144.1553,144.2119,144.02,144.5717,7250
2024-01-01 01:21:57,144.5717,144.6457,144.2393,144.5348,3446
2024-01-01 01:21:58,144.5348,144.6284,144.4763,144.012,3481
2024-01-01 01:21:59,144.012,144.0258,143.937,143.8728,6492
2024-01-01 01:22:00,143.8728,144.0894,143.6298,143.9403,3220
2024-01-01 01:22:01,143.9403,144.1969,143.8194,143.619,7705
2024-01-01 01:22:02,143.619,143.7215,143.2842,144.2582,6128
2024-01-01 01:22:03,144.2582,144.3904,144.233,144.2932,4987
2024-01-01 01:22:04,144.2932,144.8591,144.2496,145.1084,8559
2024-01-01 01:22:05,145.1084,145.1788,144.7821,145.078,4104
2024-01-01 01:22:06,145.078,145.1576,144.9089,145.0802,2788
2024-01-01 01:22:07,145.0802,145.2361,144.5534,145.1689,1675
2024-01-01 01:22:08,145.1689,145.508,144.9037,145.1449,3335
2024-01-01 01:22:09,145.1449,145.1714,145.0829,145.3721,5159
2024-01-01 01:22:10,145.3721,145.992,145.2994,144.9156,2832
2024-01-01 01:22:11,144.9156,145.0611,144.9145,144.0998,3739
2024-01-01 01:22:12,144.0998,144.375,143.5828,142.5974,8451
2024-01-01 01:22:13,142.5974,142.6071,142.3728,142.9924,1881
2024-01-01 01:22:14,142.9924,143.01,142.9536,143.2704,3158
2024-01-01 01:22:15,143.2704,143.3382,143.1173,143.689,7509
2024-01-01 01:22:16,143.689,143.7155,143.6011,144.1446,2348
2024-01-01 01:22:17,144.1446,144.4506,143.7655,144.7939,1278
2024-01-01 01:22:18,144.7939,144.9219,144.5555,144.4245,8773
2024-01-01 01:22:19,144.4245,144.6409,144.2296,143.6236,1370
2024-01-01 01:22:20,143.6236,143.8076,143.4472,143.706,2546
2024-01-01 01:22:21,143.706,143.7312,143.5493,143.3435,7700
2024-01-01 01:22:22,143.3435,143.5033,143.1442,143.8359,1394
2024-01-01 01:22:23,143.8359,144.2793,143.7528,143.1103,5429
2024-01-01 01:22:24,143.1103,143.2906,142.8736,143.9976,2834
2024-01-01 01:22:25,143.9976,144.1152,143.8903,144.48,2741
2024-01-01 01:22:26,144.48,144.5459,144.1224,144.2644,2489
2024-01-01 01:22:27,144.2644,144.4163,143.985,144.0916,7629
2024-01-01 01:22:28,144.0916,144.1111,144.0323,144.8702,7776
2024-01-01 01:22:29,144.8702,144.8829,144.4881,143.9753,9416
2024-01-01 01:22:30,143.9753,144.1143,142.8786,143.8563,1158
2024-01-01 01:22:31,143.8563,144.0939,143.856,144.2817,8474
2024-01-01 01:22:32,144.2817,144.6401,144.2145,144.2486,2451
2024-01-01 01:22:33,144.2486,144.3916,144.2275,145.1691,1532
2024-01-01 01:22:34,145.1691,145.1935,145.0532,144.475,5927
2024-01-01 01:22:35,144.475,144.7687,144.3925,144.3882,9668
2024-01-01 01:22:36,144.3882,144.5971,144.1999,145.1695,3094
2024-01-01 01:22:37,145.1695,145.4335,144.7141,145.0507,4775
2024-01-01 01:22:38,145.0507,145.2844,144.7484,144.9799,1640
2024-01-01 01:22:39,144.9799,145.1297,144.976,145.1903,9647
2024-01-01 01:22:40,145.1903,145.3187,145.0085,144.8519,1159
2024-01-01 01:22:41,144.8519,145.3694,143.9356,145.5832,4265
2024-01-01 01:22:42,145.5832,145.9319,145.4256,145.5594,1238
2024-01-01 01:22:43,145.5594,145.7292,145.3522,145.4531,4410
2024-01-01 01:22:44,145.4531,145.4719,145.0779,145.4553,7175
2024-01-01 01:22:45,145.4553,145.4574,145.2062,145.5368,7607
2024-01-01 01:22:46,145.5368,145.6529,145.5181,144.8942,9537
2024-01-01 01:22:47,144.8942,145.3628,144.6674,144.8676,2474
2024-01-01 01:22:48,144.8676,144.9719,144.8482,145.0497,2512
2024-01-01 01:22:49,145.0497,145.4249,144.7167,144.9464,3494
2024-01-01 01:22:50,144.9464,145.0947,144.2477,145.0634,9715
2024-01-01 01:22:51,145.0634,145.4338,144.9302,145.1039,8533
2024-01-01 01:22:52,145.1039,145.5192,144.8178,145.0604,6518
2024-01-01 01:22:53,145.0604,145.3399,144.2039,145.464,2346
2024-01-01 01:22:54,145.464,145.6758,145.1361,146.4035,5227
2024-01-01 01:22:55,146.4035,146.4696,146.3478,146.235,1377
2024-01-01 01:22:56,146.235,146.4968,145.8795,147.0449,4590
2024-01-01 01:22:57,147.0449,147.0458,146.8941,146.9413,2585
2024-01-01 01:22:58,146.9413,147.1626,146.2901,146.8781,9575
2024-01-01 01:22:59,146.8781,147.0722,146.7012,147.2637,7051
2024-01-01 01:23:00,147.2637,147.5158,147.017,147.1104,6063
2024-01-01 01:23:01,147.1104,147.1441,147.0639,147.6172,5256
2024-01-01 01:23:02,147.6172,148.0346,147.4333,147.8672,4918
2024-01-01 01:23:03,147.8672,147.9207,147.5631,148.0077,8315
2024-01-01 01:23:04,148.0077,148.6551,147.8297,147.4862,5478
2024-01-01 01:23:05,147.4862,147.6945,147.2445,147.2494,3429
2024-01-01 01:23:06,147.2494,147.3808,147.0248,147.2021,1262
2024-01-01 01:23:07,147.2021,147.3753,146.7656,147.0791,9832
2024-01-01 01:23:08,147.0791,147.3241,146.9849,147.7247,4645
2024-01-01 01:23:09,147.7247,148.1274,147.6909,147.9472,5734
2024-01-01 01:23:10,147.9472,147.9811,147.8194,148.2259,9697
2024-01-01 01:23:11,148.2259,148.5836,147.7112,148.0513,9140
2024-01-01 01:23:12,148.0513,148.3164,147.9097,148.0177,6873
2024-01-01 01:23:13,148.0177,148.1455,147.8687,148.2885,6104
2024-01-01 01:23:14,148.2885,148.873,148.1038,148.9087,1137
2024-01-01 01:23:15,148.9087,148.9577,148.7388,149.365,2551
2024-01-01 01:23:16,149.365,149.3831,149.0666,150.005,2756
2024-01-01 01:23:17,150.005,150.4406,149.8666,150.6022,2137
2024-01-01 01:23:18,150.6022,150.9826,150.3293,149.9943,1293
2024-01-01 01:23:19,149.9943,150.1324,149.4086,149.9209,7513
2024-01-01 01:23:20,149.9209,149.9711,149.7406,150.0164,1907
2024-01-01 01:23:21,150.0164,150.0444,149.7103,150.0843,1881
2024-01-01 01:23:22,150.0843,150.2809,149.7554,150.6364,1485
2024-01-01 01:23:23,150.6364,151.1575,150.3069,150.5588,3879
2024-01-01 01:23:24,150.5588,151.1772,149.7278,150.8901,7999
2024-01-01 01:23:25,150.8901,151.0082,150.8358,150.2617,1481
2024-01-01 01:23:26,150.2617,150.4561,149.9772,150.0411,9155
2024-01-01 01:23:27,150.0411,150.0704,149.7218,149.9434,6326
2024-01-01 01:23:28,149.9434,150.4873,149.4288,150.0906,5236
2024-01-01 01:23:29,150.0906,150.2739,149.6445,149.392,6004
2024-01-01 01:23:30,149.392,149.9177,149.0822,148.7973,4584
2024-01-01 01:23:31,148.7973,148.9489,148.5944,148.727,1412
2024-01-01 01:23:32,148.727,148.8073,148.7029,148.895,4358
2024-01-01 01:23:33,148.895,149.1464,148.8372,149.3706,3439
2024-01-01 01:23:34,149.3706,149.6484,149.2494,149.343,7714
2024-01-01 01:23:35,149.343,149.5178,149.3042,149.2926,6207
2024-01-01 01:23:36,149.2926,149.7913,149.0593,149.3285,4002
2024-01-01 01:23:37,149.3285,150.0237,148.7839,149.7233,9345
2024-01-01 01:23:38,149.7233,149.9193,149.4682,149.3182,7556
2024-01-01 01:23:39,149.3182,149.8829,149.1453,148.2294,5522
2024-01-01 01:23:40,148.2294,148.3068,147.9952,149.4742,7697
2024-01-01 01:23:41,149.4742,149.6684,149.2148,149.1011,5416
2024-01-01 01:23:42,149.1011,149.3433,148.9808,149.205,3615
2024-01-01 01:23:43,149.205,149.5827,149.003,149.2471,6924
2024-01-01 01:23:44,149.2471,149.2763,148.7515,149.7607,5969
2024-01-01 01:23:45,149.7607,150.1055,149.7594,149.3887,5937
2024-01-01 01:23:46,149.3887,149.4144,149.2963,149.6441,4432
2024-01-01 01:23:47,149.6441,149.7351,149.4037,150.0114,7869
2024-01-01 01:23:48,150.0114,150.3583,149.3156,150.6171,3470
2024-01-01 01:23:49,150.6171,151.0705,150.3417,150.2589,8091
2024-01-01 01:23:50,150.2589,150.5991,150.2575,150.6363,5207
2024-01-01 01:23:51,150.6363,150.8007,150.5528,150.3374,7548
2024-01-01 01:23:52,150.3374,150.5411,150.2231,150.1217,3027
2024-01-01 01:23:53,150.1217,150.5018,149.8416,151.0254,9078
2024-01-01 01:23:54,151.0254,151.3985,150.8774,151.1203,5080
2024-01-01 01:23:55,151.1203,151.5662,151.1132,151.2565,4825
2024-01-01 01:23:56,151.2565,151.5116,151.0453,151.0982,9236
2024-01-01 01:23:57,151.0982,151.2649,150.6466,150.8847,9654
2024-01-01 01:23:58,150.8847,150.9268,150.8278,150.2237,7638
2024-01-01 01:23:59,150.2237,150.7217,149.886,150.276,1299
2024-01-01 01:24:00,150.276,150.3878,150.2037,150.1454,2492
2024-01-01 01:24:01,150.1454,150.472,149.6236,150.2339,6095
2024-01-01 01:24:02,150.2339,150.7049,149.8141,150.5105,5049
2024-01-01 01:24:03,150.5105,150.6088,150.3964,150.9082,7577
2024-01-01 01:24:04,150.9082,151.038,150.6079,151.5606,4927
2024-01-01 01:24:05,151.5606,151.6986,151.5577,151.4017,9277
2024-01-01 01:24:06,151.4017,151.9886,151.3701,150.2915,4303
2024-01-01 01:24:07,150.2915,150.5494,150.0914,150.4632,1810
2024-01-01 01:24:08,150.4632,150.7261,150.4153,151.2582,5879
2024-01-01 01:24:09,151.2582,151.5555,151.0923,151.2747,2913
2024-01-01 01:24:10,151.2747,151.7735,151.1378,151.3233,8645
2024-01-01 01:24:11,151.3233,151.3519,150.9427,151.3285,1746
2024-01-01 01:24:12,151.3285,151.4672,151.1255,151.3736,3549
2024-01-01 01:24:13,151.3736,151.4208,150.6637,151.0117,1834
2024-01-01 01:24:14,151.0117,151.24,150.7978,150.9435,8645
2024-01-01 01:24:15,150.9435,151.0598,150.7022,150.7421,6974
2024-01-01 01:24:16,150.7421,150.9426,150.073,151.3615,6582
2024-01-01 01:24:17,151.3615,151.4227,150.9979,151.9479,2955
2024-01-01 01:24:18,151.9479,152.0441,151.5272,153.0676,8268
2024-01-01 01:24:19,153.0676,153.0923,153.0641,152.7996,3254
2024-01-01 01:24:20,152.7996,153.1981,152.5978,152.9237,2834
2024-01-01 01:24:21,152.9237,153.0573,152.8761,153.0478,1450
2024-01-01 01:24:22,153.0478,153.1643,152.9861,152.4812,3533
2024-01-01 01:24:23,152.4812,152.6197,152.3342,151.9273,7294
2024-01-01 01:24:24,151.9273,152.2756,151.7826,151.9225,6551
2024-01-01 01:24:25,151.9225,151.9675,151.8491,152.1508,7868
2024-01-01 01:24:26,152.1508,152.2028,151.9949,151.9305,5698
2024-01-01 01:24:27,151.9305,152.36,151.7997,151.7489,9995
2024-01-01 01:24:28,151.7489,151.9569,151.5116,151.438,1241
2024-01-01 01:24:29,151.438,151.5497,151.2356,151.0013,5803
2024-01-01 01:24:30,151.0013,151.4829,150.9325,151.2951,4051
2024-01-01 01:24:31,151.2951,151.5881,150.8185,151.7833,7401
2024-01-01 01:24:32,151.7833,152.0531,151.4497,151.0239,7265
2024-01-01 01:24:33,151.0239,151.575,150.8391,151.5174,5252
2024-01-01 01:24:34,151.5174,151.7195,151.2689,151.0635,6841
2024-01-01 01:24:35,151.0635,151.445,150.8947,151.4108,2939
2024-01-01 01:24:36,151.4108,151.9947,151.1654,151.4358,3327
2024-01-01 01:24:37,151.4358,151.5211,151.3821,151.1918,2891
2024-01-01 01:24:38,151.1918,151.7319,151.0593,151.753,1072
2024-01-01 01:24:39,151.753,151.7945,151.7479,151.3091,4237
2024-01-01 01:24:40,151.3091,151.939,150.8924,150.3954,5227
2024-01-01 01:24:41,150.3954,150.5322,150.2862,150.1936,4471
2024-01-01 01:24:42,150.1936,150.6357,149.7554,149.9685,3243
2024-01-01 01:24:43,149.9685,150.11,149.3959,149.2826,9247
2024-01-01 01:24:44,149.2826,149.309,149.2372,149.3826,7964
2024-01-01 01:24:45,149.3826,149.8232,149.0596,149.6083,1253
2024-01-01 01:24:46,149.6083,149.8059,149.4355,149.4623,2167
2024-01-01 01:24:47,149.4623,149.805,149.1284,149.8453,7359
2024-01-01 01:24:48,149.8453,150.1347,149.7857,149.6828,6406
2024-01-01 01:24:49,149.6828,149.724,149.306,149.3342,2531
2024-01-01 01:24:50,149.3342,149.3353,148.9609,149.427,9170
2024-01-01 01:24:51,149.427,149.8778,149.1814,150.0003,3547
2024-01-01 01:24:52,150.0003,150.0332,149.7291,149.0756,3003
2024-01-01 01:24:53,149.0756,149.1718,148.8713,148.8075,6520
2024-01-01 01:24:54,148.8075,149.2681,148.7005,148.4406,2251
2024-01-01 01:24:55,148.4406,148.9841,148.0754,148.2363,6398
2024-01-01 01:24:56,148.2363,148.3869,147.8091,148.3306,9155
2024-01-01 01:24:57,148.3306,148.6045,148.3191,147.8644,5253
2024-01-01 01:24:58,147.8644,148.3507,147.5389,148.417,8567
2024-01-01 01:24:59,148.417,148.6767,148.0033,147.7655,1309
2024-01-01 01:25:00,147.7655,148.1989,147.3146,148.2664,7058
2024-01-01 01:25:01,148.2664,148.3092,147.9548,148.5909,8578
2024-01-01 01:25:02,148.5909,148.607,148.4632,148.4569,8547
2024-01-01 01:25:03,148.4569,148.6185,147.9188,148.5484,8599
2024-01-01 01:25:04,148.5484,148.754,148.5113,148.902,9709
2024-01-01 01:25:05,148.902,149.4032,148.886,149.6262,8883
2024-01-01 01:25:06,149.6262,149.7178,149.4116,149.5353,4739
2024-01-01 01:25:07,149.5353,150.0452,149.4378,149.7873,8246
2024-01-01 01:25:08,149.7873,149.8991,149.6018,149.7313,8520
2024-01-01 01:25:09,149.7313,149.8706,149.4713,150.6489,3654
2024-01-01 01:25:10,150.6489,150.7523,150.6102,150.2338,9652
2024-01-01 01:25:11,150.2338,150.3727,150.1366,149.7372,8387
2024-01-01 01:25:12,149.7372,150.0698,149.7087,149.9732,7825
2024-01-01 01:25:13,149.9732,150.1194,149.9028,150.1186,8296
2024-01-01 01:25:14,150.1186,150.3577,150.027,149.8393,2107
2024-01-01 01:25:15,149.8393,150.1379,149.4768,150.3888,6542
2024-01-01 01:25:16,150.3888,150.7542,150.0891,150.5523,3266
2024-01-01 01:25:17,150.5523,150.6499,150.4315,150.2811,9667
2024-01-01 01:25:18,150.2811,150.4298,150.1841,149.7434,1494
2024-01-01 01:25:19,149.7434,149.8495,149.3974,149.7688,9574
2024-01-01 01:25:20,149.7688,149.7848,149.7583,150.4372,6482
2024-01-01 01:25:21,150.4372,150.5352,149.9265,150.6084,5255
2024-01-01 01:25:22,150.6084,150.6284,150.3323,151.4887,3372
2024-01-01 01:25:23,151.4887,151.8775,151.4253,150.3816,2373
2024-01-01 01:25:24,150.3816,150.4529,150.1889,150.8107,5216
2024-01-01 01:25:25,150.8107,150.8539,150.5537,150.3899,6270
2024-01-01 01:25:26,150.3899,150.4445,149.9918,150.2434,8591
2024-01-01 01:25:27,150.2434,150.5164,150.2431,150.3541,5172
2024-01-01 01:25:28,150.3541,150.8456,149.8428,150.8827,4952
2024-01-01 01:25:29,150.8827,151.0619,150.5623,150.3664,3411
2024-01-01 01:25:30,150.3664,150.6488,150.0474,150.6866,3133
2024-01-01 01:25:31,150.6866,150.8826,150.6303,150.0465,1977
2024-01-01 01:25:32,150.0465,150.2258,149.8329,149.962,2743
2024-01-01 01:25:33,149.962,150.0035,149.3931,149.5122,7078
2024-01-01 01:25:34,149.5122,149.7955,148.8936,149.1748,2746
2024-01-01 01:25:35,149.1748,149.2659,149.1269,148.3568,5825
2024-01-01 01:25:36,148.3568,148.8765,148.185,148.9249,7621
2024-01-01 01:25:37,148.9249,149.1181,148.8232,149.2224,7140
2024-01-01 01:25:38,149.2224,149.3477,148.8712,149.3276,4396
2024-01-01 01:25:39,149.3276,149.7964,149.0523,149.6266,4066
2024-01-01 01:25:40,149.6266,149.6616,148.9731,149.9363,1227
2024-01-01 01:25:41,149.9363,150.6253,149.4639,150.5971,5360
2024-01-01 01:25:42,150.5971,150.8738,150.4767,150.7988,7919
2024-01-01 01:25:43,150.7988,151.3775,150.6253,150.8045,8382
2024-01-01 01:25:44,150.8045,150.9429,150.5967,149.786,2317
2024-01-01 01:25:45,149.786,149.9455,149.6702,149.8283,1644
2024-01-01 01:25:46,149.8283,150.1231,149.5961,150.4085,4248
2024-01-01 01:25:47,150.4085,150.488,150.1091,150.2591,8517
2024-01-01 01:25:48,150.2591,150.8707,150.1064,150.7113,2853
2024-01-01 01:25:49,150.7113,150.9221,150.4661,150.9603,5565
2024-01-01 01:25:50,150.9603,151.2733,150.9403,151.0684,9846
2024-01-01 01:25:51,151.0684,151.1352,150.6883,151.704,7515
2024-01-01 01:25:52,151.704,151.9698,151.1297,151.7214,6325
2024-01-01 01:25:53,151.7214,152.0379,151.4638,152.1064,4684
2024-01-01 01:25:54,152.1064,152.4405,151.7571,152.6479,9862
2024-01-01 01:25:55,152.6479,152.7619,152.5122,152.6161,2931
2024-01-01 01:25:56,152.6161,152.8072,152.4705,152.7715,8032
2024-01-01 01:25:57,152.7715,153.2976,152.5651,152.4275,7877
2024-01-01 01:25:58,152.4275,152.5544,152.2795,151.7388,3723
2024-01-01 01:25:59,151.7388,151.9801,151.6554,151.2475,4365
2024-01-01 01:26:00,151.2475,151.3712,151.2448,150.9139,1383
2024-01-01 01:26:01,150.9139,150.9236,150.9109,150.2495,9947
2024-01-01 01:26:02,150.2495,150.4692,149.9435,149.4054,6953
2024-01-01 01:26:03,149.4054,149.4183,148.8248,149.6912,1355
2024-01-01 01:26:04,149.6912,150.021,149.3463,149.995,3814
2024-01-01 01:26:05,149.995,150.1444,149.8934,149.0216,2273
2024-01-01 01:26:06,149.0216,149.3159,148.4386,149.7349,4902
2024-01-01 01:26:07,149.7349,149.9123,149.569,149.3816,9883
2024-01-01 01:26:08,149.3816,149.4166,149.2818,149.2624,6709
2024-01-01 01:26:09,149.2624,149.4804,149.2022,150.3195,3839
2024-01-01 01:26:10,150.3195,150.327,150.2654,150.6223,7131
2024-01-01 01:26:11,150.6223,151.0729,150.3197,150.7348,6636
2024-01-01 01:26:12,150.7348,150.8183,150.3775,150.8407,6531
2024-01-01 01:26:13,150.8407,150.9531,150.3175,150.294,1547
2024-01-01 01:26:14,150.294,150.5962,149.9127,150.3704,5666
2024-01-01 01:26:15,150.3704,150.4397,150.1775,150.3533,4172
2024-01-01 01:26:16,150.3533,150.5784,150.1759,150.3652,5035
2024-01-01 01:26:17,150.3652,150.5061,150.2546,150.0701,7991
2024-01-01 01:26:18,150.0701,150.4751,149.6888,150.6862,9820
2024-01-01 01:26:19,150.6862,150.9034,150.686,150.7936,3069
2024-01-01 01:26:20,150.7936,151.2544,150.7914,151.2263,1942
2024-01-01 01:26:21,151.2263,151.4801,151.1337,151.0086,7435
2024-01-01 01:26:22,151.0086,151.5725,150.8791,150.6154,1924
2024-01-01 01:26:23,150.6154,150.7805,150.4644,150.4563,9133
2024-01-01 01:26:24,150.4563,150.5252,150.0695,150.2952,5552
2024-01-01 01:26:25,150.2952,150.6449,149.7437,150.4617,7290
2024-01-01 01:26:26,150.4617,150.9335,150.4466,150.8182,4328
2024-01-01 01:26:27,150.8182,151.0419,150.6593,151.0376,2602
2024-01-01 01:26:28,151.0376,151.135,150.5965,150.7668,2636
2024-01-01 01:26:29,150.7668,150.9834,150.7417,151.0245,7566
2024-01-01 01:26:30,151.0245,151.2515,150.7008,151.3883,3476
2024-01-01 01:26:31,151.3883,151.565,151.0773,151.216,7531
2024-01-01 01:26:32,151.216,151.3558,150.8292,151.2133,7975
2024-01-01 01:26:33,151.2133,151.6099,150.8387,150.7793,4744
2024-01-01 01:26:34,150.7793,150.8439,150.5104,151.4209,9733
2024-01-01 01:26:35,151.4209,151.6345,151.2706,152.111,3251
2024-01-01 01:26:36,152.111,152.3047,152.081,152.0692,4772
2024-01-01 01:26:37,152.0692,152.2482,151.8529,151.8962,6206
2024-01-01 01:26:38,151.8962,152.011,151.8773,152.1812,2721
2024-01-01 01:26:39,152.1812,152.3172,151.7581,151.9534,1808
2024-01-01 01:26:40,151.9534,151.9888,151.6639,151.4169,3288
2024-01-01 01:26:41,151.4169,151.445,151.0087,151.1409,3078
2024-01-01 01:26:42,151.1409,151.4911,151.0306,150.5619,2530
2024-01-01 01:26:43,150.5619,150.7822,150.5595,150.3396,5167
2024-01-01 01:26:44,150.3396,150.6643,150.225,149.8203,2793
2024-01-01 01:26:45,149.8203,150.2325,149.5561,149.2274,1121
2024-01-01 01:26:46,149.2274,149.5825,148.9089,149.0248,7262
2024-01-01 01:26:47,149.0248,149.1203,148.8497,149.0494,4423
2024-01-01 01:26:48,149.0494,149.3937,148.305,149.6653,8045
2024-01-01 01:26:49,149.6653,149.8374,149.4414,148.8898,1936
2024-01-01 01:26:50,148.8898,149.1806,148.6506,149.1726,8099
2024-01-01 01:26:51,149.1726,149.2697,148.5582,149.0624,6464
2024-01-01 01:26:52,149.0624,149.4607,148.8296,148.4885,4147
2024-01-01 01:26:53,148.4885,148.668,148.1597,148.9619,6253
2024-01-01 01:26:54,148.9619,149.4107,148.6594,148.7161,3816
2024-01-01 01:26:55,148.7161,149.0711,148.6758,148.7868,7519
2024-01-01 01:26:56,148.7868,148.8357,148.7354,148.0584,4550
2024-01-01 01:26:57,148.0584,148.3355,147.7329,147.5918,6224
2024-01-01 01:26:58,147.5918,147.714,147.4351,147.5753,3605
2024-01-01 01:26:59,147.5753,147.8583,147.04,147.4196,1141
2024-01-01 01:27:00,147.4196,147.7898,147.0981,147.4389,7647
2024-01-01 01:27:01,147.4389,147.7451,146.8982,148.1511,5913
2024-01-01 01:27:02,148.1511,148.275,147.9606,147.5516,3953
2024-01-01 01:27:03,147.5516,147.631,147.4477,148.335,3777
2024-01-01 01:27:04,148.335,148.5521,148.2986,148.435,3867
2024-01-01 01:27:05,148.435,148.8739,148.1407,148.8422,7840
2024-01-01 01:27:06,148.8422,149.1908,148.6911,148.0987,7529
2024-01-01 01:27:07,148.0987,148.7706,148.0977,148.1923,6614
2024-01-01 01:27:08,148.1923,148.2793,147.9141,148.2697,4032
2024-01-01 01:27:09,148.2697,148.7907,148.0374,148.0121,1644
2024-01-01 01:27:10,148.0121,148.0377,147.5748,148.3725,2382
2024-01-01 01:27:11,148.3725,148.5732,148.2703,148.7431,4289
2024-01-01 01:27:12,148.7431,148.7883,148.4382,148.4396,2534
2024-01-01 01:27:13,148.4396,148.7829,148.2312,149.2439,7263
2024-01-01 01:27:14,149.2439,149.6141,149.1894,149.7052,9665
2024-01-01 01:27:15,149.7052,149.9197,149.4337,149.7552,1610
2024-01-01 01:27:16,149.7552,149.9754,149.4055,149.5814,7848
2024-01-01 01:27:17,149.5814,149.6305,149.4934,150.0692,8142
2024-01-01 01:27:18,150.0692,150.2866,149.9969,150.4107,6799
2024-01-01 01:27:19,150.4107,150.801,150.3854,151.0094,4739
2024-01-01 01:27:20,151.0094,151.0555,150.7207,150.6845,7973
2024-01-01 01:27:21,150.6845,151.0048,150.1865,150.9348,2823
2024-01-01 01:27:22,150.9348,151.5145,150.8363,151.2116,1203
2024-01-01 01:27:23,151.2116,151.5432,150.7955,151.6986,5243
2024-01-01 01:27:24,151.6986,151.8284,151.5489,151.6529,4277
2024-01-01 01:27:25,151.6529,151.7171,151.3621,151.7604,5522
2024-01-01 01:27:26,151.7604,151.9057,151.5893,152.0935,3927
2024-01-01 01:27:27,152.0935,152.522,151.9947,151.9258,7362
2024-01-01 01:27:28,151.9258,151.9757,151.3365,151.363,1518
2024-01-01 01:27:29,151.363,151.7695,151.1461,151.9011,5112
2024-01-01 01:27:30,151.9011,152.0164,151.3536,151.6514,8021
2024-01-01 01:27:31,151.6514,151.7742,151.3346,151.505,6573
2024-01-01 01:27:32,151.505,151.7282,151.3783,152.0163,9100
2024-01-01 01:27:33,152.0163,152.2988,151.7519,152.0427,3825
2024-01-01 01:27:34,152.0427,152.224,151.8605,151.945,4591
2024-01-01 01:27:35,151.945,152.1674,151.8654,151.6676,5379
2024-01-01 01:27:36,151.6676,151.8325,151.6142,152.1846,6492
2024-01-01 01:27:37,152.1846,152.2857,151.8456,152.6362,7368
2024-01-01 01:27:38,152.6362,152.7804,152.6332,152.1464,6880
2024-01-01 01:27:39,152.1464,152.5096,151.7793,152.073,7057
2024-01-01 01:27:40,152.073,152.3655,152.0513,152.0588,1679
2024-01-01 01:27:41,152.0588,152.1237,151.7283,151.5398,4241
2024-01-01 01:27:42,151.5398,151.5879,151.4954,150.7301,1052
2024-01-01 01:27:43,150.7301,150.9077,150.6084,151.4536,6524
2024-01-01 01:27:44,151.4536,151.6383,151.4416,151.1489,2497
2024-01-01 01:27:45,151.1489,151.3365,150.9953,150.7545,6263
2024-01-01 01:27:46,150.7545,151.1552,150.7151,150.8829,4610
2024-01-01 01:27:47,150.8829,151.0023,150.8655,150.7724,8001
2024-01-01 01:27:48,150.7724,150.8796,150.5873,151.3233,2537
2024-01-01 01:27:49,151.3233,151.4128,151.0048,150.9121,9561
2024-01-01 01:27:50,150.9121,151.1188,150.453,150.8862,2349
2024-01-01 01:27:51,150.8862,151.2034,150.8,151.1414,6757
2024-01-01 01:27:52,151.1414,151.3011,150.8525,151.4194,7352
2024-01-01 01:27:53,151.4194,151.429,151.1143,151.7078,2100
2024-01-01 01:27:54,151.7078,151.8938,151.5826,151.4249,9479
2024-01-01 01:27:55,151.4249,151.4334,151.0346,150.8566,1979
2024-01-01 01:27:56,150.8566,151.1312,150.7251,151.1929,2802
2024-01-01 01:27:57,151.1929,151.554,151.1677,150.5748,6480
2024-01-01 01:27:58,150.5748,150.659,150.3657,151.107,1334
2024-01-01 01:27:59,151.107,151.1618,150.8937,150.5672,7748
2024-01-01 01:28:00,150.5672,150.8844,150.5245,150.5768,5062
2024-01-01 01:28:01,150.5768,151.2022,150.3481,150.6931,9342
2024-01-01 01:28:02,150.6931,150.7633,150.3719,150.6963,4456
2024-01-01 01:28:03,150.6963,150.9988,150.6537,150.7535,2970
2024-01-01 01:28:04,150.7535,150.8016,150.7238,150.4957,8788
2024-01-01 01:28:05,150.4957,150.8607,150.268,149.9756,2331
2024-01-01 01:28:06,149.9756,150.3146,149.5621,149.3291,8059
2024-01-01 01:28:07,149.3291,149.4981,149.0175,149.5429,6398
2024-01-01 01:28:08,149.5429,150.0307,149.2189,149.1367,4362
2024-01-01 01:28:09,149.1367,149.3188,149.0473,149.2998,3771
2024-01-01 01:28:10,149.2998,149.7353,149.0592,149.0456,8890
2024-01-01 01:28:11,149.0456,149.1116,149.0404,148.6102,6159
2024-01-01 01:28:12,148.6102,149.0177,148.2758,148.8253,5959
2024-01-01 01:28:13,148.8253,148.9734,148.7545,148.0393,2932
2024-01-01 01:28:14,148.0393,148.1373,147.809,147.9799,2273
2024-01-01 01:28:15,147.9799,148.2718,147.895,147.4658,8254
2024-01-01 01:28:16,147.4658,147.5213,147.4246,147.9549,2142
2024-01-01 01:28:17,147.9549,148.1011,147.8518,148.1188,1242
2024-01-01 01:28:18,148.1188,148.2332,147.9547,146.9354,9338
2024-01-01 01:28:19,146.9354,147.0006,146.8316,146.7845,9790
2024-01-01 01:28:20,146.7845,146.9319,146.4953,147.3107,6289
2024-01-01 01:28:21,147.3107,147.8128,147.201,147.1134,4823
2024-01-01 01:28:22,147.1134,147.1885,147.085,146.5747,7928
2024-01-01 01:28:23,146.5747,146.6877,146.3434,146.5464,5299
2024-01-01 01:28:24,146.5464,146.8981,146.4347,146.8609,9774
2024-01-01 01:28:25,146.8609,147.032,146.4516,147.1452,2427
2024-01-01 01:28:26,147.1452,147.3417,146.9329,146.9772,1315
2024-01-01 01:28:27,146.9772,147.1917,146.7929,147.6523,7857
2024-01-01 01:28:28,147.6523,147.9503,147.5639,146.1352,6570
2024-01-01 01:28:29,146.1352,146.2717,145.8428,146.0298,1032
2024-01-01 01:28:30,146.0298,146.7696,145.2866,144.9026,5449
2024-01-01 01:28:31,144.9026,144.9773,144.2447,144.6623,5553
2024-01-01 01:28:32,144.6623,144.8514,144.5031,144.4587,2234
2024-01-01 01:28:33,144.4587,144.8234,144.3794,144.5529,7787
2024-01-01 01:28:34,144.5529,144.659,144.1278,143.5772,5441
2024-01-01 01:28:35,143.5772,143.8111,143.191,143.6021,6631
2024-01-01 01:28:36,143.6021,143.8485,143.2707,144.0564,1848
2024-01-01 01:28:37,144.0564,144.4035,143.7942,143.4195,5138
2024-01-01 01:28:38,143.4195,143.6858,143.3912,143.9072,9372
2024-01-01 01:28:39,143.9072,143.9208,143.8982,143.6346,8352
2024-01-01 01:28:40,143.6346,143.7807,143.2525,143.6727,3557
2024-01-01 01:28:41,143.6727,143.8878,143.5404,143.8993,8311
2024-01-01 01:28:42,143.8993,144.038,143.527,144.145,9480
2024-01-01 01:28:43,144.145,144.5267,143.6799,144.0935,2074
2024-01-01 01:28:44,144.0935,144.1797,143.6936,143.6072,7793
2024-01-01 01:28:45,143.6072,144.0211,143.4719,143.4857,5849
2024-01-01 01:28:46,143.4857,143.9859,143.151,143.9642,1315
2024-01-01 01:28:47,143.9642,144.3131,143.8691,145.038,6552
2024-01-01 01:28:48,145.038,145.0955,144.7821,145.342,2455
2024-01-01 01:28:49,145.342,145.6748,145.1718,144.7789,7930
2024-01-01 01:28:50,144.7789,144.9547,144.6591,145.4806,7305
2024-01-01 01:28:51,145.4806,145.5966,145.3378,144.461,8737
2024-01-01 01:28:52,144.461,144.5499,144.1159,144.2395,1274
2024-01-01 01:28:53,144.2395,144.2489,144.0881,144.0223,1930
2024-01-01 01:28:54,144.0223,144.4302,143.7087,143.4275,5334
2024-01-01 01:28:55,143.4275,143.4678,143.2208,143.4087,7250
2024-01-01 01:28:56,143.4087,143.5483,143.3879,143.1908,8938
2024-01-01 01:28:57,143.1908,143.2907,143.1182,144.9778,1179
2024-01-01 01:28:58,144.9778,145.2278,144.7469,144.9405,5886
2024-01-01 01:28:59,144.9405,145.262,144.4173,144.3176,4521
2024-01-01 01:29:00,144.3176,144.3494,143.7396,144.2366,4650
2024-01-01 01:29:01,144.2366,144.4558,144.1782,144.8482,3992
2024-01-01 01:29:02,144.8482,144.923,144.3159,144.475,1963
2024-01-01 01:29:03,144.475,144.4751,144.1833,144.755,8354
2024-01-01 01:29:04,144.755,144.7582,144.6762,145.874,3178
2024-01-01 01:29:05,145.874,146.2275,145.35,146.341,6051
2024-01-01 01:29:06,146.341,146.4143,146.2405,146.7929,9212
2024-01-01 01:29:07,146.7929,146.8043,146.3276,146.2944,8202
2024-01-01 01:29:08,146.2944,146.7994,146.2848,146.5092,4982
2024-01-01 01:29:09,146.5092,146.9034,146.1086,146.5983,5456
2024-01-01 01:29:10,146.5983,147.1397,146.4539,147.1741,8401
2024-01-01 01:29:11,147.1741,147.401,147.1714,147.1012,7052
2024-01-01 01:29:12,147.1012,147.5682,146.1511,146.9707,3083
2024-01-01 01:29:13,146.9707,146.9808,146.8873,147.9601,7606
2024-01-01 01:29:14,147.9601,148.3429,147.6997,148.198,5648
2024-01-01 01:29:15,148.198,148.3338,148.1174,147.7644,6085
2024-01-01 01:29:16,147.7644,147.9054,147.2321,147.2389,3853
2024-01-01 01:29:17,147.2389,147.3028,147.1665,146.6865,5203
2024-01-01 01:29:18,146.6865,147.0231,146.3806,146.9251,3110
2024-01-01 01:29:19,146.9251,147.236,146.9034,148.0936,2190
2024-01-01 01:29:20,148.0936,148.2463,147.8149,149.285,4098
2024-01-01 01:29:21,149.285,149.5128,149.1026,149.0693,3528
2024-01-01 01:29:22,149.0693,149.3269,148.9445,148.3736,5062
2024-01-01 01:29:23,148.3736,148.4818,147.8848,147.5869,8822
2024-01-01 01:29:24,147.5869,147.8141,147.1168,147.9214,8388
2024-01-01 01:29:25,147.9214,148.1434,147.7356,147.8485,8107
2024-01-01 01:29:26,147.8485,147.8603,147.8429,148.1021,9573
2024-01-01 01:29:27,148.1021,148.6173,147.9258,148.4098,5047
2024-01-01 01:29:28,148.4098,148.5232,148.2183,148.6854,2386
2024-01-01 01:29:29,148.6854,148.7731,148.5567,148.6289,1161
2024-01-01 01:29:30,148.6289,148.7461,148.6053,149.6765,8641
2024-01-01 01:29:31,149.6765,149.8294,149.6045,149.8312,2103
2024-01-01 01:29:32,149.8312,149.9001,149.707,150.2419,1553
2024-01-01 01:29:33,150.2419,150.5763,149.889,149.949,2158
2024-01-01 01:29:34,149.949,150.0964,149.7932,149.9995,9121
2024-01-01 01:29:35,149.9995,150.2794,149.418,150.8753,9905
2024-01-01 01:29:36,150.8753,150.8899,150.6321,150.7477,6361
2024-01-01 01:29:37,150.7477,150.8945,150.4916,150.3998,3617
2024-01-01 01:29:38,150.3998,150.8442,150.3179,150.3639,1186
2024-01-01 01:29:39,150.3639,150.7438,149.6678,149.9671,3479
2024-01-01 01:29:40,149.9671,150.0323,149.854,150.2655,8937
2024-01-01 01:29:41,150.2655,150.5824,150.2522,150.5761,2676
2024-01-01 01:29:42,150.5761,150.7384,150.3242,150.2966,9932
2024-01-01 01:29:43,150.2966,151.0304,149.9005,150.0142,1556
2024-01-01 01:29:44,150.0142,150.491,149.8839,149.4294,1070
2024-01-01 01:29:45,149.4294,149.8079,149.205,149.5825,5030
2024-01-01 01:29:46,149.5825,149.5986,149.3526,149.5566,9621
2024-01-01 01:29:47,149.5566,149.8014,149.4425,149.2158,8869
2024-01-01 01:29:48,149.2158,149.634,148.8452,149.7028,5757
2024-01-01 01:29:49,149.7028,149.7232,149.6745,149.3394,5061
2024-01-01 01:29:50,149.3394,149.5861,149.3168,149.46,6209
2024-01-01 01:29:51,149.46,149.4778,149.3449,150.2467,4181
2024-01-01 01:29:52,150.2467,150.2933,150.1668,149.5568,1849
2024-01-01 01:29:53,149.5568,149.9078,149.5484,149.3745,3778
2024-01-01 01:29:54,149.3745,149.7816,149.2488,150.7427,2411
2024-01-01 01:29:55,150.7427,150.7669,150.2351,151.0326,3938
2024-01-01 01:29:56,151.0326,151.0684,150.8229,151.3078,2162
2024-01-01 01:29:57,151.3078,151.6118,151.1127,151.9114,4168
2024-01-01 01:29:58,151.9114,151.9948,151.8543,151.9471,5815
2024-01-01 01:29:59,151.9471,152.1015,151.7395,152.2513,8349
2024-01-01 01:30:00,152.2513,152.6516,152.1863,152.0951,1420
2024-01-01 01:30:01,152.0951,152.8062,151.8337,151.5221,7815
2024-01-01 01:30:02,151.5221,151.9083,151.478,152.0968,1084
2024-01-01 01:30:03,152.0968,152.2177,151.7809,152.2659,6265
2024-01-01 01:30:04,152.2659,152.4984,151.9607,153.0124,1558
2024-01-01 01:30:05,153.0124,153.4657,152.9478,153.2569,6853
2024-01-01 01:30:06,153.2569,153.5042,153.0813,153.908,9818
2024-01-01 01:30:07,153.908,154.0091,153.841,153.8348,6761
2024-01-01 01:30:08,153.8348,154.3698,153.2994,152.842,6800
2024-01-01 01:30:09,152.842,153.1172,152.8266,153.0535,9922
2024-01-01 01:30:10,153.0535,153.5376,152.9598,153.0128,8403
2024-01-01 01:30:11,153.0128,153.0445,152.5363,152.6015,7429
2024-01-01 01:30:12,152.6015,152.7998,152.2619,152.4173,1768
2024-01-01 01:30:13,152.4173,152.754,151.974,151.4406,1044
2024-01-01 01:30:14,151.4406,151.4547,151.4258,151.5122,1206
2024-01-01 01:30:15,151.5122,151.5666,151.255,152.4514,6107
2024-01-01 01:30:16,152.4514,152.6135,151.9471,152.7493,9944
2024-01-01 01:30:17,152.7493,152.8222,152.6494,152.8468,9841
2024-01-01 01:30:18,152.8468,152.8778,152.4667,153.1853,1653
2024-01-01 01:30:19,153.1853,153.2061,152.8968,153.7609,9912
2024-01-01 01:30:20,153.7609,153.9144,153.6169,153.0458,1344
2024-01-01 01:30:21,153.0458,153.2444,152.7326,154.3619,1203
2024-01-01 01:30:22,154.3619,154.5772,154.1499,154.6174,7260
2024-01-01 01:30:23,154.6174,154.6826,154.3023,154.3322,4385
2024-01-01 01:30:24,154.3322,154.6885,154.1609,154.8689,4278
2024-01-01 01:30:25,154.8689,155.0519,154.8024,155.3033,8674
2024-01-01 01:30:26,155.3033,155.8591,154.9465,155.0024,1875
2024-01-01 01:30:27,155.0024,155.046,154.4293,154.9907,8985
2024-01-01 01:30:28,154.9907,155.1172,154.7186,155.7599,1697
2024-01-01 01:30:29,155.7599,155.8312,155.7104,155.4076,2924
2024-01-01 01:30:30,155.4076,155.6502,154.9427,154.8473,5622
2024-01-01 01:30:31,154.8473,154.9281,154.7564,154.6439,4271
2024-01-01 01:30:32,154.6439,155.2416,154.5349,154.1809,2576
2024-01-01 01:30:33,154.1809,154.3039,153.9737,153.7283,6546
2024-01-01 01:30:34,153.7283,153.8309,153.659,153.3032,2954
2024-01-01 01:30:35,153.3032,153.6384,153.0207,152.9503,1529
2024-01-01 01:30:36,152.9503,153.2675,152.5902,152.7958,3404
2024-01-01 01:30:37,152.7958,153.0091,152.7715,151.4384,8706
2024-01-01 01:30:38,151.4384,151.7453,151.1662,151.1903,5563
2024-01-01 01:30:39,151.1903,151.3287,150.7276,151.0491,1929
2024-01-01 01:30:40,151.0491,151.391,150.9786,151.5423,4222
2024-01-01 01:30:41,151.5423,151.9806,151.3016,151.2969,5739
2024-01-01 01:30:42,151.2969,151.3714,151.0951,151.1461,4995
2024-01-01 01:30:43,151.1461,151.4242,151.0009,150.8397,8961
2024-01-01 01:30:44,150.8397,151.8297,150.6328,151.4209,5066
2024-01-01 01:30:45,151.4209,151.6555,150.9725,151.7987,7159
2024-01-01 01:30:46,151.7987,151.9315,151.6371,152.2191,7297
2024-01-01 01:30:47,152.2191,152.5511,152.0534,152.1786,1269
2024-01-01 01:30:48,152.1786,152.4306,151.8711,152.5743,4540
2024-01-01 01:30:49,152.5743,152.876,152.3744,152.3879,1793
2024-01-01 01:30:50,152.3879,152.8679,152.3194,151.9438,7484
2024-01-01 01:30:51,151.9438,151.9838,151.3812,152.0342,7077
2024-01-01 01:30:52,152.0342,152.1669,151.9367,152.8136,8027
2024-01-01 01:30:53,152.8136,152.8174,152.7757,152.674,9929
2024-01-01 01:30:54,152.674,152.6973,152.6552,152.6108,2937
2024-01-01 01:30:55,152.6108,152.7149,152.6032,152.7571,4887
2024-01-01 01:30:56,152.7571,152.885,152.486,152.5787,6553
2024-01-01 01:30:57,152.5787,152.6881,152.4108,153.0929,8537
2024-01-01 01:30:58,153.0929,153.4814,152.9977,153.1213,2836
2024-01-01 01:30:59,153.1213,153.6207,152.8689,152.6705,7429
2024-01-01 01:31:00,152.6705,152.779,152.5835,153.3454,8593
2024-01-01 01:31:01,153.3454,153.6659,152.8973,153.3145,9077
2024-01-01 01:31:02,153.3145,153.4913,153.3028,153.989,3245
2024-01-01 01:31:03,153.989,154.2259,153.922,154.3881,5612
2024-01-01 01:31:04,154.3881,155.0295,154.3678,153.9917,1266
2024-01-01 01:31:05,153.9917,154.0955,153.8803,154.2069,9978
2024-01-01 01:31:06,154.2069,154.3632,154.085,153.8249,5636
2024-01-01 01:31:07,153.8249,153.8478,153.5235,154.1032,7654
2024-01-01 01:31:08,154.1032,154.2548,154.024,154.2706,3020
2024-01-01 01:31:09,154.2706,154.621,154.2559,153.8076,6159
2024-01-01 01:31:10,153.8076,154.0862,153.7551,153.6548,2680
2024-01-01 01:31:11,153.6548,153.8692,153.1216,154.5642,6072
2024-01-01 01:31:12,154.5642,154.5836,154.2374,154.444,3527
2024-01-01 01:31:13,154.444,154.4755,153.7984,154.4799,7653
2024-01-01 01:31:14,154.4799,154.4999,154.4466,154.8092,9257
2024-01-01 01:31:15,154.8092,154.8854,154.7229,154.6377,4261
2024-01-01 01:31:16,154.6377,154.7397,154.5784,154.5588,2477
2024-01-01 01:31:17,154.5588,155.0423,154.3054,155.3571,6177
2024-01-01 01:31:18,155.3571,155.4855,155.2574,154.9482,3112
2024-01-01 01:31:19,154.9482,155.0577,154.7184,155.0139,4427
2024-01-01 01:31:20,155.0139,155.2805,154.7936,155.027,7150
2024-01-01 01:31:21,155.027,155.5044,154.9317,155.1662,6986
2024-01-01 01:31:22,155.1662,155.6074,154.8646,155.3364,8660
2024-01-01 01:31:23,155.3364,155.5641,155.2046,156.4067,8540
2024-01-01 01:31:24,156.4067,156.8948,156.0293,157.2398,9596
2024-01-01 01:31:25,157.2398,157.4802,156.9593,157.5853,8122
2024-01-01 01:31:26,157.5853,157.7416,157.4095,158.7309,4519
2024-01-01 01:31:27,158.7309,158.9998,158.6037,158.3145,3016
2024-01-01 01:31:28,158.3145,158.3799,158.1346,158.0039,5322
2024-01-01 01:31:29,158.0039,158.2718,157.7285,158.6182,7487
2024-01-01 01:31:30,158.6182,158.6285,158.5813,158.5618,4043
2024-01-01 01:31:31,158.5618,159.5023,158.3859,158.4154,8835
2024-01-01 01:31:32,158.4154,158.8565,158.2155,158.9326,1097
2024-01-01 01:31:33,158.9326,158.9799,158.8031,159.1403,4041
2024-01-01 01:31:34,159.1403,159.4901,158.9368,159.4904,4107
2024-01-01 01:31:35,159.4904,159.5889,159.3554,159.6436,8848
2024-01-01 01:31:36,159.6436,160.0857,159.3794,159.8195,7633
2024-01-01 01:31:37,159.8195,159.8403,159.7364,161.5493,3185
2024-01-01 01:31:38,161.5493,162.007,161.269,161.1776,8539
2024-01-01 01:31:39,161.1776,161.6006,160.7602,160.1068,4061
2024-01-01 01:31:40,160.1068,160.4291,159.7421,160.0788,3612
2024-01-01 01:31:41,160.0788,160.1396,159.7126,159.7369,6540
2024-01-01 01:31:42,159.7369,159.8126,159.7229,159.6473,2538
2024-01-01 01:31:43,159.6473,159.6552,158.7201,159.9637,2069
2024-01-01 01:31:44,159.9637,160.0537,159.9507,159.677,5569
2024-01-01 01:31:45,159.677,159.7328,159.4773,159.3674,5864
2024-01-01 01:31:46,159.3674,159.3713,159.2239,159.1762,1148
2024-01-01 01:31:47,159.1762,159.2821,158.8481,159.0223,6260
2024-01-01 01:31:48,159.0223,159.2263,158.9901,159.3109,7373
2024-01-01 01:31:49,159.3109,159.9511,159.0686,159.7653,6301
2024-01-01 01:31:50,159.7653,159.9438,159.6205,159.0606,4623
2024-01-01 01:31:51,159.0606,159.0791,159.0422,158.8273,7444
2024-01-01 01:31:52,158.8273,159.6692,158.7877,159.1745,8086
2024-01-01 01:31:53,159.1745,159.6559,159.153,159.4568,3466
2024-01-01 01:31:54,159.4568,159.6374,159.2506,159.9556,2235
2024-01-01 01:31:55,159.9556,160.3698,159.7077,160.0269,1553
2024-01-01 01:31:56,160.0269,160.1119,159.9238,160.5136,8257
2024-01-01 01:31:57,160.5136,160.8971,160.5053,161.0573,1857
2024-01-01 01:31:58,161.0573,161.592,160.9248,161.1244,9248
2024-01-01 01:31:59,161.1244,161.1706,160.9694,161.4974,5713
2024-01-01 01:32:00,161.4974,161.7815,161.1598,162.3003,5874
2024-01-01 01:32:01,162.3003,162.3224,162.142,161.6174,9127
2024-01-01 01:32:02,161.6174,162.0638,161.3872,161.5222,7010
2024-01-01 01:32:03,161.5222,161.8391,161.5096,161.106,7885
2024-01-01 01:32:04,161.106,161.4024,160.4216,161.5267,3619
2024-01-01 01:32:05,161.5267,161.6121,161.5193,161.544,7632
2024-01-01 01:32:06,161.544,161.8771,161.1212,161.7602,7611
2024-01-01 01:32:07,161.7602,162.1567,161.4018,161.6807,7744
2024-01-01 01:32:08,161.6807,161.9231,161.4336,161.6269,8957
2024-01-01 01:32:09,161.6269,161.7521,161.4641,161.767,9564
2024-01-01 01:32:10,161.767,162.1488,161.6441,163.022,8936
2024-01-01 01:32:11,163.022,163.0272,162.449,162.4049,5551
2024-01-01 01:32:12,162.4049,162.744,162.0465,162.7742,9291
2024-01-01 01:32:13,162.7742,163.1333,162.5976,163.09,6160
2024-01-01 01:32:14,163.09,163.1367,162.9965,163.123,4400
2024-01-01 01:32:15,163.123,163.3172,162.8793,163.8855,8151
2024-01-01 01:32:16,163.8855,164.0356,163.8614,163.8101,5214
2024-01-01 01:32:17,163.8101,163.9188,163.7238,162.4499,2652
2024-01-01 01:32:18,162.4499,162.7652,162.2732,162.7977,2222
2024-01-01 01:32:19,162.7977,163.1488,162.2404,161.81,6399
2024-01-01 01:32:20,161.81,162.0667,161.6883,161.3303,1066
2024-01-01 01:32:21,161.3303,161.3894,161.1493,161.6523,8379
2024-01-01 01:32:22,161.6523,161.8317,161.4957,160.9375,4163
2024-01-01 01:32:23,160.9375,161.2639,160.2039,160.7923,5983
2024-01-01 01:32:24,160.7923,160.887,160.4723,161.1841,3647
2024-01-01 01:32:25,161.1841,161.4414,160.7843,160.1647,9257
2024-01-01 01:32:26,160.1647,160.2678,159.8121,160.1042,3315
2024-01-01 01:32:27,160.1042,160.2367,160.019,160.0546,8376
2024-01-01 01:32:28,160.0546,160.1156,159.7877,159.4345,9956
2024-01-01 01:32:29,159.4345,159.6792,159.3918,159.482,7355
2024-01-01 01:32:30,159.482,159.523,159.0515,158.9942,5184
2024-01-01 01:32:31,158.9942,159.2507,158.8624,159.3714,6012
2024-01-01 01:32:32,159.3714,159.5409,158.7192,158.0058,5440
2024-01-01 01:32:33,158.0058,158.3952,157.6894,157.2217,6317
2024-01-01 01:32:34,157.2217,157.2656,156.9446,156.4635,7337
2024-01-01 01:32:35,156.4635,156.6224,156.0406,156.0101,4955
2024-01-01 01:32:36,156.0101,156.1169,155.8057,156.9788,4298
2024-01-01 01:32:37,156.9788,157.0983,156.8861,156.5567,9896
2024-01-01 01:32:38,156.5567,156.7818,156.3004,157.5157,3169
2024-01-01 01:32:39,157.5157,157.8278,157.5012,157.7605,6838
2024-01-01 01:32:40,157.7605,158.0447,157.6377,158.42,5551
2024-01-01 01:32:41,158.42,158.6352,158.0317,157.9522,9564
2024-01-01 01:32:42,157.9522,158.0387,157.9493,158.3692,9086
2024-01-01 01:32:43,158.3692,158.9214,157.6296,157.8981,3820
2024-01-01 01:32:44,157.8981,158.2165,157.7998,157.8822,9581
2024-01-01 01:32:45,157.8822,158.2258,157.7619,157.8881,7798
2024-01-01 01:32:46,157.8881,158.4393,157.8617,158.2409,2168
2024-01-01 01:32:47,158.2409,158.4816,158.098,158.4072,6326
2024-01-01 01:32:48,158.4072,158.5227,158.3965,158.6505,2125
2024-01-01 01:32:49,158.6505,158.7002,158.2537,159.0746,8738
2024-01-01 01:32:50,159.0746,159.0868,158.8935,159.12,4302
2024-01-01 01:32:51,159.12,159.7705,158.9989,158.2232,7976
2024-01-01 01:32:52,158.2232,158.2784,157.9356,159.0826,1686
2024-01-01 01:32:53,159.0826,159.1235,158.7558,158.2893,5016
2024-01-01 01:32:54,158.2893,158.3393,157.896,158.1613,5387
2024-01-01 01:32:55,158.1613,158.279,157.9908,157.5285,7737
2024-01-01 01:32:56,157.5285,157.5625,157.36,157.6697,9856
2024-01-01 01:32:57,157.6697,157.9534,157.4305,156.9093,1498
2024-01-01 01:32:58,156.9093,156.9643,156.8894,157.7704,5409
2024-01-01 01:32:59,157.7704,157.7935,157.7296,157.9568,8098
2024-01-01 01:33:00,157.9568,158.3829,157.6153,157.3539,8978
2024-01-01 01:33:01,157.3539,157.5123,157.1744,157.4417,3504
2024-01-01 01:33:02,157.4417,157.4908,157.1744,157.2152,9628
2024-01-01 01:33:03,157.2152,157.4767,157.1935,157.7363,1692
2024-01-01 01:33:04,157.7363,157.7991,157.6733,157.2808,9063
2024-01-01 01:33:05,157.2808,157.3896,156.9397,156.4527,1232
2024-01-01 01:33:06,156.4527,156.6088,156.3161,155.9262,5115
2024-01-01 01:33:07,155.9262,156.2049,155.3633,155.6539,9986
2024-01-01 01:33:08,155.6539,155.7769,155.4879,156.3569,5111
2024-01-01 01:33:09,156.3569,156.4122,155.9253,156.4825,1725
2024-01-01 01:33:10,156.4825,157.2339,156.2587,156.9019,3292
2024-01-01 01:33:11,156.9019,157.022,156.6902,157.3906,1287
2024-01-01 01:33:12,157.3906,157.5039,157.2679,156.4448,8209
2024-01-01 01:33:13,156.4448,156.6172,156.1533,156.74,9725
2024-01-01 01:33:14,156.74,156.8501,156.2556,156.3024,6058
2024-01-01 01:33:15,156.3024,156.8897,156.0408,157.2147,5379
2024-01-01 01:33:16,157.2147,157.2336,157.179,157.9759,9206
2024-01-01 01:33:17,157.9759,158.4526,157.9096,157.6458,6242
2024-01-01 01:33:18,157.6458,157.9997,157.3589,157.7843,5529
2024-01-01 01:33:19,157.7843,158.0306,157.5907,158.1483,5009
2024-01-01 01:33:20,158.1483,158.3167,157.8358,157.9354,6907
2024-01-01 01:33:21,157.9354,157.9854,157.648,157.8397,5586
2024-01-01 01:33:22,157.8397,158.11,157.1565,158.1032,4437
2024-01-01 01:33:23,158.1032,158.7963,157.6085,158.2429,4153
2024-01-01 01:33:24,158.2429,158.5236,158.0763,158.0902,2416
2024-01-01 01:33:25,158.0902,158.6771,157.4771,158.6978,9677
2024-01-01 01:33:26,158.6978,158.9465,158.3822,159.4906,3450
2024-01-01 01:33:27,159.4906,159.5376,159.3283,159.826,7250
2024-01-01 01:33:28,159.826,160.325,159.5398,160.2388,9990
2024-01-01 01:33:29,160.2388,160.2931,160.2025,160.039,7887
2024-01-01 01:33:30,160.039,160.1353,159.8767,160.3685,8762
2024-01-01 01:33:31,160.3685,160.6764,160.0828,160.4377,1441
2024-01-01 01:33:32,160.4377,160.513,160.3754,161.4677,1927
2024-01-01 01:33:33,161.4677,162.0028,161.3449,162.2146,8019
2024-01-01 01:33:34,162.2146,162.4335,162.0999,162.053,8340
2024-01-01 01:33:35,162.053,162.6435,161.8378,161.4579,5596
2024-01-01 01:33:36,161.4579,162.2629,161.0494,161.9883,2156
2024-01-01 01:33:37,161.9883,162.2155,161.755,161.6089,9133
2024-01-01 01:33:38,161.6089,161.7946,160.7203,161.4773,9923
2024-01-01 01:33:39,161.4773,161.9187,161.3616,161.2444,8412
2024-01-01 01:33:40,161.2444,161.5788,160.8815,161.2407,6249
2024-01-01 01:33:41,161.2407,161.3444,161.2369,161.5084,5956
2024-01-01 01:33:42,161.5084,162.1578,161.4764,160.4973,3746
2024-01-01 01:33:43,160.4973,160.8108,160.2842,159.7969,9282
2024-01-01 01:33:44,159.7969,160.1548,159.4865,159.7459,3548
2024-01-01 01:33:45,159.7459,160.1874,159.631,160.0695,7530
2024-01-01 01:33:46,160.0695,160.1751,159.9535,160.3932,2876
2024-01-01 01:33:47,160.3932,160.8778,160.1859,160.5353,1456
2024-01-01 01:33:48,160.5353,160.7347,160.0116,160.2311,9959
2024-01-01 01:33:49,160.2311,160.789,159.827,160.7714,9847
2024-01-01 01:33:50,160.7714,160.8141,160.4873,160.2819,9368
2024-01-01 01:33:51,160.2819,160.3408,159.7335,159.5788,1435
2024-01-01 01:33:52,159.5788,159.8583,159.3225,159.2352,1600
2024-01-01 01:33:53,159.2352,159.3003,159.1685,158.9841,3161
2024-01-01 01:33:54,158.9841,159.4961,158.8426,159.1499,4784
2024-01-01 01:33:55,159.1499,159.2562,158.5073,159.0013,9378
2024-01-01 01:33:56,159.0013,159.4996,158.7844,158.4942,8440
2024-01-01 01:33:57,158.4942,158.6911,158.3881,157.9138,6180
2024-01-01 01:33:58,157.9138,158.0094,157.5126,158.4724,9496
2024-01-01 01:33:59,158.4724,158.5958,157.8848,158.643,4129
2024-01-01 01:34:00,158.643,159.0335,158.2977,158.2395,4868
2024-01-01 01:34:01,158.2395,158.2725,157.7293,158.2876,4572
2024-01-01 01:34:02,158.2876,158.4454,157.9815,158.6489,6214
2024-01-01 01:34:03,158.6489,159.2542,158.4092,158.0908,6856
2024-01-01 01:34:04,158.0908,158.186,157.6865,158.2456,4647
2024-01-01 01:34:05,158.2456,158.7157,158.1965,158.3374,5590
2024-01-01 01:34:06,158.3374,158.5955,157.9673,158.3011,2714
2024-01-01 01:34:07,158.3011,158.5562,158.2555,158.2305,6055
2024-01-01 01:34:08,158.2305,158.708,157.9596,159.1655,3496
2024-01-01 01:34:09,159.1655,159.9277,158.8425,158.5324,6287
2024-01-01 01:34:10,158.5324,158.6932,158.2155,158.7293,6313
2024-01-01 01:34:11,158.7293,158.9377,158.5135,158.6086,9746
2024-01-01 01:34:12,158.6086,158.9039,158.3292,157.9465,8378
2024-01-01 01:34:13,157.9465,158.2215,157.695,157.6798,3328
2024-01-01 01:34:14,157.6798,158.4832,157.5387,157.8309,6851
2024-01-01 01:34:15,157.8309,158.054,157.7196,157.1687,7750
2024-01-01 01:34:16,157.1687,157.2268,156.9891,157.8151,4799
2024-01-01 01:34:17,157.8151,157.948,157.5298,158.8841,8000
2024-01-01 01:34:18,158.8841,159.0418,158.6918,159.7633,3207
2024-01-01 01:34:19,159.7633,160.0232,159.5395,159.9053,9169
2024-01-01 01:34:20,159.9053,159.9131,159.6147,159.5638,9162
2024-01-01 01:34:21,159.5638,159.8767,159.2135,160.0131,3624
2024-01-01 01:34:22,160.0131,160.2913,159.8191,159.3866,2711
2024-01-01 01:34:23,159.3866,160.1518,159.3431,159.8162,4414
2024-01-01 01:34:24,159.8162,159.9739,159.6867,159.7499,7034
2024-01-01 01:34:25,159.7499,160.1394,159.5414,159.3565,3681
2024-01-01 01:34:26,159.3565,159.362,159.2972,159.715,7108
2024-01-01 01:34:27,159.715,159.9663,159.5987,159.909,5166
2024-01-01 01:34:28,159.909,160.0017,159.8897,159.2659,8644
2024-01-01 01:34:29,159.2659,159.4801,159.1307,159.1606,7296
2024-01-01 01:34:30,159.1606,159.5479,158.7904,159.6085,6658
2024-01-01 01:34:31,159.6085,159.6257,159.2179,160.1269,9925
2024-01-01 01:34:32,160.1269,160.2485,159.9617,160.0837,2882
2024-01-01 01:34:33,160.0837,160.3721,159.936,159.8009,6516
2024-01-01 01:34:34,159.8009,159.8156,159.6187,160.0967,2540
2024-01-01 01:34:35,160.0967,160.4104,159.8821,160.6145,5696
2024-01-01 01:34:36,160.6145,160.7009,160.555,160.7914,5480
2024-01-01 01:34:37,160.7914,160.9381,160.5336,160.381,1959
2024-01-01 01:34:38,160.381,160.6022,159.9544,160.2745,8368
2024-01-01 01:34:39,160.2745,160.3897,159.7987,159.9802,3104
2024-01-01 01:34:40,159.9802,160.2401,159.7645,159.3116,4954
2024-01-01 01:34:41,159.3116,159.818,159.2186,159.6728,1469
2024-01-01 01:34:42,159.6728,159.9647,159.5059,159.8722,1484
2024-01-01 01:34:43,159.8722,160.2572,159.6756,159.5029,7299
2024-01-01 01:34:44,159.5029,159.6891,159.3216,159.4171,7178
2024-01-01 01:34:45,159.4171,159.5641,159.3718,159.3022,7185
2024-01-01 01:34:46,159.3022,159.3218,159.2865,159.818,6135
2024-01-01 01:34:47,159.818,159.8322,159.1516,159.81,5552
2024-01-01 01:34:48,159.81,160.4622,159.288,160.3734,3097
2024-01-01 01:34:49,160.3734,160.6838,160.0274,160.5511,4607
2024-01-01 01:34:50,160.5511,160.9481,159.9276,160.4731,4420
2024-01-01 01:34:51,160.4731,160.5976,159.6808,160.7372,4616
2024-01-01 01:34:52,160.7372,160.9567,160.6971,161.1857,8771
2024-01-01 01:34:53,161.1857,161.4581,160.8738,161.1251,6364
2024-01-01 01:34:54,161.1251,161.3316,161.0654,161.3761,5813
2024-01-01 01:34:55,161.3761,161.5532,161.3459,161.1433,5019
2024-01-01 01:34:56,161.1433,161.418,160.5778,161.2213,6906
2024-01-01 01:34:57,161.2213,161.4567,161.1182,161.4765,7175
2024-01-01 01:34:58,161.4765,161.61,161.2173,161.5704,3101
2024-01-01 01:34:59,161.5704,161.6513,161.494,161.9574,6844
2024-01-01 01:35:00,161.9574,162.386,161.6237,161.8902,6832
2024-01-01 01:35:01,161.8902,162.0429,161.8029,161.4511,3993
2024-01-01 01:35:02,161.4511,161.4795,161.3125,160.9159,2518
2024-01-01 01:35:03,160.9159,160.9433,160.8291,160.6013,4544
2024-01-01 01:35:04,160.6013,160.9497,160.2711,161.7827,1040
2024-01-01 01:35:05,161.7827,162.27,161.6986,161.4767,6480
2024-01-01 01:35:06,161.4767,161.8804,160.9153,161.0301,5441
2024-01-01 01:35:07,161.0301,161.156,160.3583,160.9045,5191
2024-01-01 01:35:08,160.9045,161.1187,160.6696,161.2615,9780
2024-01-01 01:35:09,161.2615,161.2631,161.2497,161.7389,8681
2024-01-01 01:35:10,161.7389,162.4903,161.1139,161.7785,5521
2024-01-01 01:35:11,161.7785,162.1326,161.4374,162.2379,2371
2024-01-01 01:35:12,162.2379,162.4831,162.0634,161.8354,6858
2024-01-01 01:35:13,161.8354,162.0301,161.707,161.6749,8503
2024-01-01 01:35:14,161.6749,161.7296,161.5818,161.1218,3195
2024-01-01 01:35:15,161.1218,161.1488,161.0948,160.8118,1228
2024-01-01 01:35:16,160.8118,160.9345,160.4065,160.4566,7961
2024-01-01 01:35:17,160.4566,160.6199,160.346,160.7201,9656
2024-01-01 01:35:18,160.7201,161.0539,160.2729,160.918,9780
2024-01-01 01:35:19,160.918,161.1403,160.8905,161.2119,6112
2024-01-01 01:35:20,161.2119,161.3331,161.1199,161.269,4749
2024-01-01 01:35:21,161.269,161.6079,161.1176,161.3692,3798
2024-01-01 01:35:22,161.3692,161.9004,160.8346,160.5513,2271
2024-01-01 01:35:23,160.5513,160.6807,160.5103,160.6343,7641
2024-01-01 01:35:24,160.6343,160.8274,160.5493,160.3354,8440
2024-01-01 01:35:25,160.3354,160.4979,160.0756,160.7605,9977
2024-01-01 01:35:26,160.7605,160.7771,160.3953,160.7409,4242
2024-01-01 01:35:27,160.7409,160.7601,160.1957,160.0392,2181
2024-01-01 01:35:28,160.0392,160.2078,159.986,159.7676,7623
2024-01-01 01:35:29,159.7676,159.9551,159.7279,159.4493,1888
2024-01-01 01:35:30,159.4493,159.7745,158.8699,159.6838,6490
2024-01-01 01:35:31,159.6838,159.7332,159.6524,158.7094,6348
2024-01-01 01:35:32,158.7094,158.7922,158.6773,158.9445,5739
2024-01-01 01:35:33,158.9445,158.9613,158.8759,159.1622,7698
2024-01-01 01:35:34,159.1622,159.1794,158.9278,158.9307,3321
2024-01-01 01:35:35,158.9307,159.7816,158.8281,159.1309,7583
2024-01-01 01:35:36,159.1309,159.2349,158.9197,158.7937,3109
2024-01-01 01:35:37,158.7937,158.9007,158.6713,158.3014,1612
2024-01-01 01:35:38,158.3014,158.3532,158.03,158.7316,4017
2024-01-01 01:35:39,158.7316,158.7792,158.6514,158.2441,7189
2024-01-01 01:35:40,158.2441,158.2987,157.7671,158.3195,1759
2024-01-01 01:35:41,158.3195,158.4065,158.2003,158.12,4403
2024-01-01 01:35:42,158.12,158.3766,158.0972,158.1038,4732
2024-01-01 01:35:43,158.1038,158.2832,157.8821,158.3314,9470
2024-01-01 01:35:44,158.3314,158.8873,158.2806,157.3593,5164
2024-01-01 01:35:45,157.3593,157.6638,156.8483,157.0782,5641
2024-01-01 01:35:46,157.0782,157.2598,156.959,156.9037,5881
2024-01-01 01:35:47,156.9037,157.1488,156.7024,157.3682,1081
2024-01-01 01:35:48,157.3682,157.7201,157.1902,157.6751,3848
2024-01-01 01:35:49,157.6751,157.6891,157.19,157.8146,6842
2024-01-01 01:35:50,157.8146,158.3143,157.5925,157.8276,4973
2024-01-01 01:35:51,157.8276,157.893,157.4418,157.3989,6906
2024-01-01 01:35:52,157.3989,157.7032,157.3645,157.648,2509
2024-01-01 01:35:53,157.648,157.7431,157.4863,158.1541,7285
2024-01-01 01:35:54,158.1541,158.1889,158.0029,158.6597,2086
2024-01-01 01:35:55,158.6597,158.7157,158.1529,158.068,7391
2024-01-01 01:35:56,158.068,158.1389,158.058,158.5337,1992
2024-01-01 01:35:57,158.5337,158.7613,158.3211,159.2478,5917
2024-01-01 01:35:58,159.2478,159.4562,159.037,159.6943,7624
2024-01-01 01:35:59,159.6943,159.9648,159.317,159.678,3609
2024-01-01 01:36:00,159.678,159.9924,159.4398,159.5486,7452
2024-01-01 01:36:01,159.5486,159.7889,159.4433,159.5297,4822
2024-01-01 01:36:02,159.5297,159.8573,159.3824,159.1924,7680
2024-01-01 01:36:03,159.1924,159.4887,158.8874,158.4567,6555
2024-01-01 01:36:04,158.4567,158.6302,158.263,158.453,7361
2024-01-01 01:36:05,158.453,158.8546,158.4375,159.5037,5879
2024-01-01 01:36:06,159.5037,159.7094,159.32,159.9559,7854
2024-01-01 01:36:07,159.9559,160.4284,159.8053,160.4166,9962
2024-01-01 01:36:08,160.4166,160.5278,160.3138,160.8184,7730
2024-01-01 01:36:09,160.8184,161.1554,160.7123,161.5319,8031
2024-01-01 01:36:10,161.5319,161.9257,161.4135,161.547,9821
2024-01-01 01:36:11,161.547,161.7803,161.2378,161.6672,4872
2024-01-01 01:36:12,161.6672,162.0007,161.6376,161.044,2264
2024-01-01 01:36:13,161.044,161.2859,160.9015,160.1656,4679
2024-01-01 01:36:14,160.1656,160.4792,159.6518,159.8944,9442
2024-01-01 01:36:15,159.8944,160.1523,159.5109,160.5291,2448
2024-01-01 01:36:16,160.5291,160.5409,160.4111,160.6354,7218
2024-01-01 01:36:17,160.6354,161.0641,160.469,160.1039,1066
2024-01-01 01:36:18,160.1039,160.1881,159.6875,160.4785,1312
2024-01-01 01:36:19,160.4785,160.6332,160.4218,159.8779,5507
2024-01-01 01:36:20,159.8779,159.9451,159.0509,159.654,7524
2024-01-01 01:36:21,159.654,159.7386,159.2612,159.4729,5879
2024-01-01 01:36:22,159.4729,159.79,159.2994,159.5841,3361
2024-01-01 01:36:23,159.5841,159.5919,158.6578,160.2403,3694
2024-01-01 01:36:24,160.2403,160.5412,160.0692,159.6448,4133
2024-01-01 01:36:25,159.6448,159.9169,159.4527,160.0675,5924
2024-01-01 01:36:26,160.0675,160.0889,159.7479,160.5678,2309
2024-01-01 01:36:27,160.5678,160.7124,160.5619,160.3062,7776
2024-01-01 01:36:28,160.3062,160.5881,160.219,160.1617,7717
2024-01-01 01:36:29,160.1617,160.5891,160.0273,160.6976,7745
2024-01-01 01:36:30,160.6976,161.0429,160.6559,160.4353,2817
2024-01-01 01:36:31,160.4353,161.169,160.2816,160.7815,2760
2024-01-01 01:36:32,160.7815,161.2423,160.6487,161.2049,5045
2024-01-01 01:36:33,161.2049,161.4227,161.1063,161.0987,1555
2024-01-01 01:36:34,161.0987,161.2219,161.0634,161.1135,5454
2024-01-01 01:36:35,161.1135,161.2579,160.4589,161.5077,7869
2024-01-01 01:36:36,161.5077,161.8878,161.3807,161.8729,9740
2024-01-01 01:36:37,161.8729,161.9403,161.6385,162.6035,9937
2024-01-01 01:36:38,162.6035,162.8288,162.5023,162.7181,8113
2024-01-01 01:36:39,162.7181,162.9275,162.7097,161.4843,2210
2024-01-01 01:36:40,161.4843,161.5091,161.2293,162.5775,5635
2024-01-01 01:36:41,162.5775,162.9937,162.3543,162.8516,2360
2024-01-01 01:36:42,162.8516,162.9444,162.6093,162.8728,3646
2024-01-01 01:36:43,162.8728,162.9389,162.8206,163.8643,9677
2024-01-01 01:36:44,163.8643,164.0991,163.451,162.9082,7622
2024-01-01 01:36:45,162.9082,163.8915,162.3348,161.9993,2185
2024-01-01 01:36:46,161.9993,162.2852,161.9956,162.4829,4286
2024-01-01 01:36:47,162.4829,162.5142,161.8463,162.7621,6392
2024-01-01 01:36:48,162.7621,162.983,162.7033,162.6364,6230
2024-01-01 01:36:49,162.6364,162.7387,162.3376,162.7823,8832
2024-01-01 01:36:50,162.7823,162.9613,162.0752,162.0987,2633
2024-01-01 01:36:51,162.0987,162.2026,161.7376,162.2051,1962
2024-01-01 01:36:52,162.2051,162.4589,161.8256,162.9763,2415
2024-01-01 01:36:53,162.9763,163.014,162.8322,163.4291,3215
2024-01-01 01:36:54,163.4291,163.5623,163.1447,163.4754,1265
2024-01-01 01:36:55,163.4754,163.7305,163.4696,162.4368,8601
2024-01-01 01:36:56,162.4368,162.4611,162.0791,162.4142,2446
2024-01-01 01:36:57,162.4142,162.4512,162.2676,162.303,9742
2024-01-01 01:36:58,162.303,162.4101,162.0344,161.6189,2230
2024-01-01 01:36:59,161.6189,161.677,161.2127,162.6169,8145
2024-01-01 01:37:00,162.6169,162.6698,162.3667,162.0261,8023
2024-01-01 01:37:01,162.0261,162.0704,161.9191,162.0501,2305
2024-01-01 01:37:02,162.0501,162.1498,161.7959,162.7424,7208
2024-01-01 01:37:03,162.7424,163.0259,162.469,164.0011,5690
2024-01-01 01:37:04,164.0011,164.3767,163.8213,164.3488,1784
2024-01-01 01:37:05,164.3488,164.5449,164.2471,164.6266,6497
2024-01-01 01:37:06,164.6266,164.7221,164.3642,164.6592,4039
2024-01-01 01:37:07,164.6592,164.8935,164.4617,164.3547,5149
2024-01-01 01:37:08,164.3547,164.605,164.1683,164.5325,9140
2024-01-01 01:37:09,164.5325,164.574,163.899,164.5293,1033
2024-01-01 01:37:10,164.5293,164.7477,163.9856,164.8346,8643
2024-01-01 01:37:11,164.8346,165.1844,164.6314,164.9113,5520
2024-01-01 01:37:12,164.9113,164.9972,164.7226,163.8106,5625
2024-01-01 01:37:13,163.8106,164.6601,163.7749,164.1961,4619
2024-01-01 01:37:14,164.1961,164.2049,163.4769,164.3199,6582
2024-01-01 01:37:15,164.3199,164.5729,164.206,165.2614,7584
2024-01-01 01:37:16,165.2614,165.5371,164.6358,165.3849,4018
2024-01-01 01:37:17,165.3849,165.8413,165.231,165.353,8465
2024-01-01 01:37:18,165.353,165.6067,165.3344,165.6362,7012
2024-01-01 01:37:19,165.6362,165.927,165.5885,165.1635,1130
2024-01-01 01:37:20,165.1635,165.2289,164.6486,164.4338,5496
2024-01-01 01:37:21,164.4338,164.5967,164.2969,164.9269,7194
2024-01-01 01:37:22,164.9269,164.9704,164.7607,163.6806,1663
2024-01-01 01:37:23,163.6806,163.7644,163.3312,163.8307,2681
2024-01-01 01:37:24,163.8307,163.8481,163.4758,163.8604,7703
2024-01-01 01:37:25,163.8604,163.9615,163.8334,163.162,5455
2024-01-01 01:37:26,163.162,163.2019,163.0312,164.0625,3305
2024-01-01 01:37:27,164.0625,164.3692,164.0476,164.2215,4148
2024-01-01 01:37:28,164.2215,164.2229,163.9055,163.9786,3643
2024-01-01 01:37:29,163.9786,164.0848,163.8503,164.6924,3426
2024-01-01 01:37:30,164.6924,165.0393,164.6138,164.9602,8717
2024-01-01 01:37:31,164.9602,165.0411,164.8056,165.5659,4155
2024-01-01 01:37:32,165.5659,165.8848,165.5028,165.1378,5471
2024-01-01 01:37:33,165.1378,165.5418,164.8732,165.0659,5390
2024-01-01 01:37:34,165.0659,165.2252,164.9797,164.2053,2667
2024-01-01 01:37:35,164.2053,164.4035,163.5304,165.2458,6685
2024-01-01 01:37:36,165.2458,165.7323,165.0002,164.78,6221
2024-01-01 01:37:37,164.78,165.4843,164.6327,164.6346,3385
2024-01-01 01:37:38,164.6346,165.0049,164.065,165.001,1125
2024-01-01 01:37:39,165.001,165.084,164.6905,164.3812,2927
2024-01-01 01:37:40,164.3812,164.922,164.1605,163.6314,1670
2024-01-01 01:37:41,163.6314,163.9041,163.4364,164.0795,4936
2024-01-01 01:37:42,164.0795,164.2046,163.9635,165.2032,5916
2024-01-01 01:37:43,165.2032,165.401,165.055,165.2242,6397
2024-01-01 01:37:44,165.2242,165.3443,164.9723,165.2335,9364
2024-01-01 01:37:45,165.2335,165.2427,165.0993,165.9651,5303
2024-01-01 01:37:46,165.9651,166.3364,165.8889,165.8148,3111
2024-01-01 01:37:47,165.8148,165.9917,165.7566,165.4229,9354
2024-01-01 01:37:48,165.4229,166.0317,165.3734,164.8989,6641
2024-01-01 01:37:49,164.8989,165.5614,164.8894,165.3854,1408
2024-01-01 01:37:50,165.3854,165.5766,164.903,165.2197,3390
2024-01-01 01:37:51,165.2197,165.6775,164.8986,164.9112,8284
2024-01-01 01:37:52,164.9112,165.5817,164.8798,164.9071,1225
2024-01-01 01:37:53,164.9071,165.0202,164.6625,165.7037,6294
2024-01-01 01:37:54,165.7037,165.8782,165.6179,166.7751,6014
2024-01-01 01:37:55,166.7751,166.7949,166.7168,166.1207,5558
2024-01-01 01:37:56,166.1207,166.7075,165.808,166.5325,8043
2024-01-01 01:37:57,166.5325,166.6193,166.494,166.5347,5883
2024-01-01 01:37:58,166.5347,166.6685,166.242,166.3519,1242
2024-01-01 01:37:59,166.3519,166.699,166.0145,165.9598,7365
2024-01-01 01:38:00,165.9598,166.2499,165.9077,165.6878,7082
2024-01-01 01:38:01,165.6878,165.7715,165.6571,166.5233,7538
2024-01-01 01:38:02,166.5233,166.8189,166.3459,166.2977,2132
2024-01-01 01:38:03,166.2977,166.4917,165.6854,166.4939,1959
2024-01-01 01:38:04,166.4939,166.6568,166.2526,166.7185,8846
2024-01-01 01:38:05,166.7185,166.7889,166.3095,166.7706,3633
2024-01-01 01:38:06,166.7706,167.2203,166.6986,166.1517,9173
2024-01-01 01:38:07,166.1517,166.272,166.0057,166.5577,1149
2024-01-01 01:38:08,166.5577,166.6462,166.5477,165.8224,5104
2024-01-01 01:38:09,165.8224,165.939,165.5966,166.0974,1078
2024-01-01 01:38:10,166.0974,166.3361,165.948,166.1395,2812
2024-01-01 01:38:11,166.1395,166.1907,165.8698,166.2129,7526
2024-01-01 01:38:12,166.2129,166.3705,166.0383,165.8531,1471
2024-01-01 01:38:13,165.8531,166.2777,165.4748,166.3243,7206
2024-01-01 01:38:14,166.3243,166.347,166.2517,166.7257,4488
2024-01-01 01:38:15,166.7257,166.7554,166.5608,166.8563,6536
2024-01-01 01:38:16,166.8563,167.0785,166.7673,166.6695,2352
2024-01-01 01:38:17,166.6695,166.8328,166.3344,166.9915,3282
2024-01-01 01:38:18,166.9915,167.0256,166.8696,166.6378,3290
2024-01-01 01:38:19,166.6378,166.8743,166.4541,167.7204,2485
2024-01-01 01:38:20,167.7204,167.7688,167.671,167.5065,3274
2024-01-01 01:38:21,167.5065,167.5397,167.4455,167.7868,2425
2024-01-01 01:38:22,167.7868,167.993,167.7088,167.2653,6884
2024-01-01 01:38:23,167.2653,167.4256,166.898,166.1878,7653
2024-01-01 01:38:24,166.1878,166.3264,165.8296,165.934,7491
2024-01-01 01:38:25,165.934,165.962,165.7807,165.1977,6815
2024-01-01 01:38:26,165.1977,165.9967,165.0404,165.2105,3570
2024-01-01 01:38:27,165.2105,165.4649,165.2103,165.4602,6870
2024-01-01 01:38:28,165.4602,165.4684,165.0707,165.7462,1798
2024-01-01 01:38:29,165.7462,165.9205,165.6088,166.1138,4989
2024-01-01 01:38:30,166.1138,166.5185,165.7678,166.2796,2012
2024-01-01 01:38:31,166.2796,166.712,166.274,166.318,4011
2024-01-01 01:38:32,166.318,166.737,166.0538,166.1327,4018
2024-01-01 01:38:33,166.1327,166.2916,165.8881,166.3389,5600
2024-01-01 01:38:34,166.3389,166.4427,166.3212,166.2827,6064
2024-01-01 01:38:35,166.2827,166.6105,166.2776,165.8163,3336
2024-01-01 01:38:36,165.8163,166.0598,165.7268,165.8756,4558
2024-01-01 01:38:37,165.8756,166.0188,165.7096,165.0839,7308
2024-01-01 01:38:38,165.0839,165.358,164.7633,164.7559,2236
2024-01-01 01:38:39,164.7559,164.8193,164.4711,164.4447,8226
2024-01-01 01:38:40,164.4447,165.014,163.9529,164.3485,2937
2024-01-01 01:38:41,164.3485,164.8906,163.8709,164.6498,6779
2024-01-01 01:38:42,164.6498,165.0401,164.075,164.8803,8395
2024-01-01 01:38:43,164.8803,165.1931,164.8288,164.2928,7893
2024-01-01 01:38:44,164.2928,164.5583,164.0464,164.1836,7849
2024-01-01 01:38:45,164.1836,164.2471,164.1552,164.7911,3623
2024-01-01 01:38:46,164.7911,164.9757,164.5869,163.9156,1900
2024-01-01 01:38:47,163.9156,164.0138,163.8505,163.4594,1980
2024-01-01 01:38:48,163.4594,163.6465,163.3241,163.6688,9963
2024-01-01 01:38:49,163.6688,163.8072,163.3759,163.225,7330
2024-01-01 01:38:50,163.225,163.4731,162.9815,162.8327,3219
2024-01-01 01:38:51,162.8327,163.0976,162.4624,163.0313,3016
2024-01-01 01:38:52,163.0313,163.1283,162.884,162.3875,9467
2024-01-01 01:38:53,162.3875,162.4674,161.9619,162.506,7023
2024-01-01 01:38:54,162.506,162.8457,162.2931,161.5612,3494
2024-01-01 01:38:55,161.5612,161.7153,161.4397,161.7674,1656
2024-01-01 01:38:56,161.7674,161.8572,161.5071,162.5821,5024
2024-01-01 01:38:57,162.5821,162.9196,162.4238,162.7124,3433
2024-01-01 01:38:58,162.7124,163.0457,162.5629,163.2588,8165
2024-01-01 01:38:59,163.2588,163.5051,162.8943,163.3821,9228
2024-01-01 01:39:00,163.3821,163.6178,163.1773,163.6731,9771
2024-01-01 01:39:01,163.6731,163.7049,163.5367,164.9584,4304
2024-01-01 01:39:02,164.9584,165.2918,164.8949,165.1446,6584
2024-01-01 01:39:03,165.1446,165.6779,164.7337,165.3057,3284
2024-01-01 01:39:04,165.3057,165.3407,165.2115,165.5256,7354
2024-01-01 01:39:05,165.5256,165.5851,165.3564,166.5249,8011
2024-01-01 01:39:06,166.5249,166.6441,166.0238,166.2755,4609
2024-01-01 01:39:07,166.2755,166.4745,166.0676,166.5755,3367
2024-01-01 01:39:08,166.5755,166.648,166.4643,164.9952,5078
2024-01-01 01:39:09,164.9952,165.5628,164.9559,165.4166,7426
2024-01-01 01:39:10,165.4166,165.8772,164.7922,165.09,5262
2024-01-01 01:39:11,165.09,165.4431,165.0251,164.1887,7977
2024-01-01 01:39:12,164.1887,164.3932,164.1091,164.4058,7022
2024-01-01 01:39:13,164.4058,164.4362,164.3508,164.0156,7664
2024-01-01 01:39:14,164.0156,164.2006,163.6345,163.709,7861
2024-01-01 01:39:15,163.709,163.8814,163.3809,163.5398,6469
2024-01-01 01:39:16,163.5398,163.669,163.257,163.7152,3070
2024-01-01 01:39:17,163.7152,163.7179,163.1024,162.8296,9064
2024-01-01 01:39:18,162.8296,163.4814,162.7994,163.3464,8222
2024-01-01 01:39:19,163.3464,163.5268,163.2408,162.5698,5412
2024-01-01 01:39:20,162.5698,162.6567,162.3439,162.6998,7082
2024-01-01 01:39:21,162.6998,162.8563,162.5877,162.5064,4209
2024-01-01 01:39:22,162.5064,162.8438,161.9438,162.3518,1102
2024-01-01 01:39:23,162.3518,162.4152,162.0833,162.0464,9073
2024-01-01 01:39:24,162.0464,162.3765,161.8384,161.9523,9515
2024-01-01 01:39:25,161.9523,162.0647,161.529,161.6151,8519
2024-01-01 01:39:26,161.6151,161.648,161.4918,161.9726,5794
2024-01-01 01:39:27,161.9726,162.4061,161.8401,161.8004,3359
2024-01-01 01:39:28,161.8004,161.9946,161.4215,161.8499,1919
2024-01-01 01:39:29,161.8499,162.2659,161.6427,161.0346,5419
2024-01-01 01:39:30,161.0346,161.4705,160.7953,160.7112,8295
2024-01-01 01:39:31,160.7112,160.9095,160.6965,161.0218,4599
2024-01-01 01:39:32,161.0218,161.5343,160.9068,160.5585,7985
2024-01-01 01:39:33,160.5585,160.6035,160.4188,159.6706,3266
2024-01-01 01:39:34,159.6706,160.0458,158.9489,160.3646,1802
2024-01-01 01:39:35,160.3646,160.736,160.0626,160.5712,9486
2024-01-01 01:39:36,160.5712,161.2189,160.1839,160.2782,9898
2024-01-01 01:39:37,160.2782,160.5496,159.375,160.936,4481
2024-01-01 01:39:38,160.936,161.0892,160.8786,160.4512,9347
2024-01-01 01:39:39,160.4512,160.8652,159.737,160.4015,9851
2024-01-01 01:39:40,160.4015,160.618,160.3936,159.9377,4388
2024-01-01 01:39:41,159.9377,160.368,159.5396,159.7263,5148
2024-01-01 01:39:42,159.7263,159.8792,159.1137,159.4045,3180
2024-01-01 01:39:43,159.4045,160.2666,159.2734,159.8473,7869
2024-01-01 01:39:44,159.8473,160.3144,159.2765,159.6991,3385
2024-01-01 01:39:45,159.6991,159.72,159.4117,160.0215,2533
2024-01-01 01:39:46,160.0215,160.3997,159.6275,160.989,1014
2024-01-01 01:39:47,160.989,161.5567,160.6886,161.6523,5780
2024-01-01 01:39:48,161.6523,161.867,161.5671,161.2114,1983
2024-01-01 01:39:49,161.2114,161.3032,161.1873,160.6131,9583
2024-01-01 01:39:50,160.6131,161.0046,160.5906,160.5462,5683
2024-01-01 01:39:51,160.5462,160.5499,160.4336,159.7319,5617
2024-01-01 01:39:52,159.7319,159.816,159.5602,160.0767,9338
2024-01-01 01:39:53,160.0767,160.3216,159.6905,160.4781,6409
2024-01-01 01:39:54,160.4781,160.8747,160.1902,160.7353,4559
2024-01-01 01:39:55,160.7353,161.064,160.6881,161.0981,6771
2024-01-01 01:39:56,161.0981,161.1052,161.065,160.767,7607
2024-01-01 01:39:57,160.767,161.028,160.7401,160.7122,5617
2024-01-01 01:39:58,160.7122,160.8247,160.5605,160.1657,1591
2024-01-01 01:39:59,160.1657,160.7426,159.7934,159.5877,1609
2024-01-01 01:40:00,159.5877,159.8639,159.4689,159.9016,9636
2024-01-01 01:40:01,159.9016,160.0508,159.4959,159.7792,4345
2024-01-01 01:40:02,159.7792,159.7935,159.5408,159.5475,7377
2024-01-01 01:40:03,159.5475,160.0251,159.3015,159.8118,7920
2024-01-01 01:40:04,159.8118,160.0651,159.2555,160.3041,8185
2024-01-01 01:40:05,160.3041,160.6071,159.9197,160.4808,9541
2024-01-01 01:40:06,160.4808,160.6717,160.1883,160.5799,1682
2024-01-01 01:40:07,160.5799,160.6945,159.9908,160.8731,6453
2024-01-01 01:40:08,160.8731,160.9436,160.7102,161.4818,9832
2024-01-01 01:40:09,161.4818,161.735,161.3685,161.7536,6360
2024-01-01 01:40:10,161.7536,161.8168,161.5585,161.4888,4922
2024-01-01 01:40:11,161.4888,161.8819,161.4576,161.8368,9342
2024-01-01 01:40:12,161.8368,161.9878,161.7024,161.9897,8669
2024-01-01 01:40:13,161.9897,162.3756,161.7289,162.1521,6491
2024-01-01 01:40:14,162.1521,162.1928,161.8861,161.9794,7968
2024-01-01 01:40:15,161.9794,162.29,161.8279,162.7828,4408
2024-01-01 01:40:16,162.7828,162.7993,162.7321,163.802,9444
2024-01-01 01:40:17,163.802,163.897,163.6542,164.076,8569
2024-01-01 01:40:18,164.076,164.5289,163.7281,164.4384,4636
2024-01-01 01:40:19,164.4384,164.442,164.3245,164.7113,7078
2024-01-01 01:40:20,164.7113,165.1492,164.6318,165.0056,9484
2024-01-01 01:40:21,165.0056,165.1797,164.8216,165.2284,2744
2024-01-01 01:40:22,165.2284,165.234,164.6958,165.2745,1125
2024-01-01 01:40:23,165.2745,165.6518,165.1897,165.0204,8731
2024-01-01 01:40:24,165.0204,165.36,164.6894,165.5859,4666
2024-01-01 01:40:25,165.5859,166.0326,165.4233,165.6136,3734
2024-01-01 01:40:26,165.6136,165.7778,164.9522,166.4583,2899
2024-01-01 01:40:27,166.4583,166.8258,166.1094,166.6747,5792
2024-01-01 01:40:28,166.6747,166.796,166.6268,166.8414,7388
2024-01-01 01:40:29,166.8414,167.0077,166.3463,166.1188,2007
2024-01-01 01:40:30,166.1188,166.1542,166.0618,167.2079,3319
2024-01-01 01:40:31,167.2079,167.2588,166.9708,167.3327,4169
2024-01-01 01:40:32,167.3327,167.5712,167.2387,167.2167,1849
2024-01-01 01:40:33,167.2167,167.4725,166.8589,167.9527,8324
2024-01-01 01:40:34,167.9527,167.9649,167.4483,168.1739,7999
2024-01-01 01:40:35,168.1739,168.5879,167.9937,167.3939,8778
2024-01-01 01:40:36,167.3939,167.5738,167.1793,167.7641,7533
2024-01-01 01:40:37,167.7641,168.0348,167.5742,167.4685,5849
2024-01-01 01:40:38,167.4685,167.5725,167.3155,168.1318,4842
2024-01-01 01:40:39,168.1318,168.3091,167.6416,167.5785,1263
2024-01-01 01:40:40,167.5785,167.6304,167.1733,168.3642,5612
2024-01-01 01:40:41,168.3642,169.1918,168.0661,169.3231,7223
2024-01-01 01:40:42,169.3231,169.5832,169.2436,169.1262,3986
2024-01-01 01:40:43,169.1262,169.2161,169.0338,168.4394,2244
2024-01-01 01:40:44,168.4394,168.6633,168.4044,168.4634,1348
2024-01-01 01:40:45,168.4634,168.6221,168.2761,168.406,4985
2024-01-01 01:40:46,168.406,168.6472,168.138,167.6599,2872
2024-01-01 01:40:47,167.6599,168.2866,167.3018,168.4198,1608
2024-01-01 01:40:48,168.4198,168.5547,167.9924,168.413,3480
2024-01-01 01:40:49,168.413,168.4785,168.3765,168.744,1535
2024-01-01 01:40:50,168.744,168.9519,168.5592,169.0512,5286
2024-01-01 01:40:51,169.0512,169.42,168.5063,168.9019,8466
2024-01-01 01:40:52,168.9019,169.4099,168.8259,169.6345,9316
2024-01-01 01:40:53,169.6345,169.8388,169.634,170.0538,9060
2024-01-01 01:40:54,170.0538,170.3039,169.7499,170.5872,8733
2024-01-01 01:40:55,170.5872,171.0882,170.3509,170.9946,7298
2024-01-01 01:40:56,170.9946,171.6325,170.685,171.045,7346
2024-01-01 01:40:57,171.045,171.3177,170.6844,171.0276,4933
2024-01-01 01:40:58,171.0276,171.0873,170.8392,171.0687,9107
2024-01-01 01:40:59,171.0687,171.2637,170.5511,172.2214,7679
2024-01-01 01:41:00,172.2214,172.2996,171.9645,171.9723,9826
2024-01-01 01:41:01,171.9723,172.268,171.4582,171.9224,3727
2024-01-01 01:41:02,171.9224,171.9478,171.9074,172.5079,1563
2024-01-01 01:41:03,172.5079,172.6901,172.0544,172.534,3314
2024-01-01 01:41:04,172.534,172.5729,172.2908,173.0278,7176
2024-01-01 01:41:05,173.0278,173.0931,172.7727,173.1584,1394
2024-01-01 01:41:06,173.1584,173.2579,173.1154,172.7357,2876
2024-01-01 01:41:07,172.7357,173.0892,172.481,173.0043,1934
2024-01-01 01:41:08,173.0043,173.3231,172.9341,173.5639,7894
2024-01-01 01:41:09,173.5639,173.9336,173.02,173.9102,7248
2024-01-01 01:41:10,173.9102,174.2048,173.4732,173.2188,2464
2024-01-01 01:41:11,173.2188,173.3044,173.1622,172.6667,1617
2024-01-01 01:41:12,172.6667,172.8619,172.4853,172.1492,8264
2024-01-01 01:41:13,172.1492,172.6285,172.0855,171.9432,6074
2024-01-01 01:41:14,171.9432,172.2372,171.5907,172.3164,4778
2024-01-01 01:41:15,172.3164,172.6962,171.6826,172.4865,2056
2024-01-01 01:41:16,172.4865,173.0189,172.3338,171.961,1828
2024-01-01 01:41:17,171.961,172.1176,171.8109,171.7758,5300
2024-01-01 01:41:18,171.7758,172.1848,171.6637,171.5837,7840
2024-01-01 01:41:19,171.5837,171.875,171.3545,171.6908,1405
2024-01-01 01:41:20,171.6908,171.7315,171.5872,170.781,8030
2024-01-01 01:41:21,170.781,171.0567,170.7463,170.9906,5965
2024-01-01 01:41:22,170.9906,171.6152,170.4805,171.1879,1061
2024-01-01 01:41:23,171.1879,171.6455,170.7117,171.088,4609
2024-01-01 01:41:24,171.088,171.3394,171.0064,171.9278,6715
2024-01-01 01:41:25,171.9278,172.2336,171.2684,171.926,5006
2024-01-01 01:41:26,171.926,171.9477,171.724,172.6139,8337
2024-01-01 01:41:27,172.6139,172.7963,172.4453,172.6198,3285
2024-01-01 01:41:28,172.6198,172.8426,172.4374,173.1687,7917
2024-01-01 01:41:29,173.1687,173.4357,172.9578,173.4719,7687
2024-01-01 01:41:30,173.4719,173.7518,172.9954,173.4232,7644
2024-01-01 01:41:31,173.4232,173.544,173.1305,173.5684,2610
2024-01-01 01:41:32,173.5684,173.5879,173.4623,172.9986,9696
2024-01-01 01:41:33,172.9986,173.7275,172.7982,172.8097,7703
2024-01-01 01:41:34,172.8097,172.9514,172.372,173.2866,6857
2024-01-01 01:41:35,173.2866,173.7654,173.2121,173.1665,7496
2024-01-01 01:41:36,173.1665,173.5273,172.8066,173.7996,3816
2024-01-01 01:41:37,173.7996,173.9598,173.6949,174.7644,8082
2024-01-01 01:41:38,174.7644,174.9077,174.7481,174.2126,4190
2024-01-01 01:41:39,174.2126,174.4981,174.1149,174.1427,7474
2024-01-01 01:41:40,174.1427,174.1602,173.8858,174.5849,9810
2024-01-01 01:41:41,174.5849,174.5957,174.5827,175.6143,5774
2024-01-01 01:41:42,175.6143,175.7228,175.4604,175.2891,3221
2024-01-01 01:41:43,175.2891,175.4756,174.9142,175.8526,8868
2024-01-01 01:41:44,175.8526,175.9227,175.2895,175.3322,7228
2024-01-01 01:41:45,175.3322,175.441,174.9696,175.1807,4079
2024-01-01 01:41:46,175.1807,175.3318,175.1774,175.5895,1480
2024-01-01 01:41:47,175.5895,176.1866,175.2818,175.478,5766
2024-01-01 01:41:48,175.478,175.7064,175.0713,175.8597,6401
2024-01-01 01:41:49,175.8597,176.254,175.817,175.3127,2146
2024-01-01 01:41:50,175.3127,175.3601,174.736,175.5747,7495
2024-01-01 01:41:51,175.5747,175.6531,175.468,175.3102,9730
2024-01-01 01:41:52,175.3102,175.4663,175.1701,174.6358,8021
2024-01-01 01:41:53,174.6358,175.2267,174.4865,174.2755,6915
2024-01-01 01:41:54,174.2755,174.3032,174.0894,174.2825,3964
2024-01-01 01:41:55,174.2825,174.6058,174.2358,174.0467,9049
2024-01-01 01:41:56,174.0467,174.3179,173.8388,173.7201,1272
2024-01-01 01:41:57,173.7201,173.7801,173.3242,173.8322,1295
2024-01-01 01:41:58,173.8322,174.1727,173.5822,174.4106,2045
2024-01-01 01:41:59,174.4106,174.5957,174.1758,174.9836,1591
2024-01-01 01:42:00,174.9836,174.9912,174.9819,174.6777,6646
2024-01-01 01:42:01,174.6777,174.7899,174.5248,174.57,4720
2024-01-01 01:42:02,174.57,174.8174,174.5332,174.8735,1256
2024-01-01 01:42:03,174.8735,175.3414,174.458,175.1177,1223
2024-01-01 01:42:04,175.1177,175.4628,174.8787,175.2367,5287
2024-01-01 01:42:05,175.2367,175.3806,174.6023,176.3554,7938
2024-01-01 01:42:06,176.3554,176.7129,176.1007,176.8553,8693
2024-01-01 01:42:07,176.8553,177.3154,176.6903,176.6416,5723
2024-01-01 01:42:08,176.6416,176.6587,176.3532,177.414,2507
2024-01-01 01:42:09,177.414,177.5916,176.9372,178.3341,5998
2024-01-01 01:42:10,178.3341,178.6141,177.806,177.7626,9127
2024-01-01 01:42:11,177.7626,177.7798,177.284,177.1435,9892
2024-01-01 01:42:12,177.1435,177.4458,176.9784,177.8674,7105
2024-01-01 01:42:13,177.8674,177.9196,177.6039,178.1921,2074
2024-01-01 01:42:14,178.1921,178.6218,177.5435,178.0523,7862
2024-01-01 01:42:15,178.0523,178.4233,177.5673,177.228,4254
2024-01-01 01:42:16,177.228,177.7546,176.7012,176.7183,4746
2024-01-01 01:42:17,176.7183,177.081,176.1359,176.6814,9962
2024-01-01 01:42:18,176.6814,176.8254,176.3349,177.3443,4536
2024-01-01 01:42:19,177.3443,177.6182,177.2241,176.5967,5910
2024-01-01 01:42:20,176.5967,176.6212,176.1617,176.2282,8548
2024-01-01 01:42:21,176.2282,176.5887,176.1659,176.3632,1074
2024-01-01 01:42:22,176.3632,176.6587,176.3185,177.3194,7693
2024-01-01 01:42:23,177.3194,177.3747,176.9114,177.6041,4578
2024-01-01 01:42:24,177.6041,177.9659,177.4136,177.2046,8055
2024-01-01 01:42:25,177.2046,177.664,177.1954,178.166,9774
2024-01-01 01:42:26,178.166,178.179,178.1244,178.2735,1976
2024-01-01 01:42:27,178.2735,178.5817,177.9066,177.8521,3865
2024-01-01 01:42:28,177.8521,177.9128,177.5686,177.3562,1837
2024-01-01 01:42:29,177.3562,177.5911,177.2926,178.1573,4213
2024-01-01 01:42:30,178.1573,178.3471,177.5285,177.4524,9028
2024-01-01 01:42:31,177.4524,177.9352,177.133,177.8161,6156
2024-01-01 01:42:32,177.8161,178.3409,177.5779,177.7076,1078
2024-01-01 01:42:33,177.7076,177.7433,177.025,178.289,2039
2024-01-01 01:42:34,178.289,178.417,178.1444,177.8908,1629
2024-01-01 01:42:35,177.8908,178.0949,177.4801,177.8799,1079
2024-01-01 01:42:36,177.8799,178.1417,177.4647,177.7384,2543
2024-01-01 01:42:37,177.7384,177.8424,177.4836,176.6785,2060
2024-01-01 01:42:38,176.6785,176.9357,176.6362,177.0364,4809
2024-01-01 01:42:39,177.0364,177.2616,176.59,177.7918,6416
2024-01-01 01:42:40,177.7918,178.2879,177.7701,178.1307,3330
2024-01-01 01:42:41,178.1307,178.15,177.8516,177.9033,1478
2024-01-01 01:42:42,177.9033,178.5008,177.7474,177.747,8548
2024-01-01 01:42:43,177.747,177.8167,177.5915,177.933,8112
2024-01-01 01:42:44,177.933,178.1803,177.7514,178.1964,2818
2024-01-01 01:42:45,178.1964,178.3268,177.8552,178.8743,9124
2024-01-01 01:42:46,178.8743,179.0677,178.8134,178.9286,5793
2024-01-01 01:42:47,178.9286,178.9958,178.8259,178.4757,8067
2024-01-01 01:42:48,178.4757,178.5537,178.2876,179.3608,4803
2024-01-01 01:42:49,179.3608,179.4153,179.2525,178.7338,5987
2024-01-01 01:42:50,178.7338,178.9682,178.7261,178.4719,8434
2024-01-01 01:42:51,178.4719,178.6882,177.8264,178.1197,7846
2024-01-01 01:42:52,178.1197,178.2648,177.9446,178.3311,4273
2024-01-01 01:42:53,178.3311,178.3347,178.1035,177.9027,2564
2024-01-01 01:42:54,177.9027,177.9051,177.6786,178.1777,8792
2024-01-01 01:42:55,178.1777,178.3996,177.9545,178.4046,3732
2024-01-01 01:42:56,178.4046,178.6355,178.0014,178.4314,1470
2024-01-01 01:42:57,178.4314,178.7965,178.3999,178.9294,9374
2024-01-01 01:42:58,178.9294,178.9959,178.89,179.6504,1970
2024-01-01 01:42:59,179.6504,179.8449,179.5496,179.7032,8069
2024-01-01 01:43:00,179.7032,180.2324,179.6637,179.7559,6505
2024-01-01 01:43:01,179.7559,180.0611,179.6564,180.4469,9094
2024-01-01 01:43:02,180.4469,180.5406,180.184,180.849,9844
2024-01-01 01:43:03,180.849,181.1959,180.414,180.9397,7861
2024-01-01 01:43:04,180.9397,181.1038,180.79,180.2398,4527
2024-01-01 01:43:05,180.2398,180.2809,180.0273,180.421,9700
2024-01-01 01:43:06,180.421,180.5992,180.077,180.9594,2481
2024-01-01 01:43:07,180.9594,181.198,180.5959,181.1008,1936
2024-01-01 01:43:08,181.1008,181.4255,181.0886,181.5192,1756
2024-01-01 01:43:09,181.5192,181.6253,181.3893,181.9391,3878
2024-01-01 01:43:10,181.9391,182.1546,181.9354,182.0204,6927
2024-01-01 01:43:11,182.0204,182.0551,181.6984,182.2869,8644
2024-01-01 01:43:12,182.2869,182.6643,182.0798,182.56,1397
2024-01-01 01:43:13,182.56,182.564,182.1377,182.8463,4179
2024-01-01 01:43:14,182.8463,183.069,182.7314,183.3266,5075
2024-01-01 01:43:15,183.3266,183.7079,183.1641,182.631,4686
2024-01-01 01:43:16,182.631,182.695,182.2069,182.8121,3568
2024-01-01 01:43:17,182.8121,183.0158,182.4702,182.9848,8924
2024-01-01 01:43:18,182.9848,183.2768,182.8528,183.5116,2879
2024-01-01 01:43:19,183.5116,184.1791,183.2888,183.9739,3072
2024-01-01 01:43:20,183.9739,184.3082,183.9155,183.3018,8404
2024-01-01 01:43:21,183.3018,183.3422,183.1282,183.4558,2827
2024-01-01 01:43:22,183.4558,183.5945,183.0832,183.6064,9248
2024-01-01 01:43:23,183.6064,184.1608,183.5686,183.0632,3549
2024-01-01 01:43:24,183.0632,183.3987,183.0539,183.4343,2237
2024-01-01 01:43:25,183.4343,183.5087,183.1186,184.0812,8544
2024-01-01 01:43:26,184.0812,184.218,184.0407,183.5531,9418
2024-01-01 01:43:27,183.5531,183.6959,183.2371,183.0864,8242
2024-01-01 01:43:28,183.0864,183.3033,182.7416,182.8004,2326
2024-01-01 01:43:29,182.8004,182.9391,182.6585,182.4106,5166
2024-01-01 01:43:30,182.4106,182.5067,182.3428,182.3861,3145
2024-01-01 01:43:31,182.3861,182.4338,182.098,182.0946,9531
2024-01-01 01:43:32,182.0946,182.4447,181.6192,182.1165,6073
2024-01-01 01:43:33,182.1165,182.5168,181.6451,181.4362,3786
2024-01-01 01:43:34,181.4362,181.6346,181.1479,180.946,4895
2024-01-01 01:43:35,180.946,181.0017,180.8708,181.0935,1139
2024-01-01 01:43:36,181.0935,181.3854,181.0091,180.4629,8524
2024-01-01 01:43:37,180.4629,180.5711,180.2351,180.9553,2127
2024-01-01 01:43:38,180.9553,181.0646,180.9357,180.1744,9273
2024-01-01 01:43:39,180.1744,180.2722,180.1068,180.6985,4990
2024-01-01 01:43:40,180.6985,181.0872,180.5893,181.0552,6137
2024-01-01 01:43:41,181.0552,181.2369,180.923,181.1189,7148
2024-01-01 01:43:42,181.1189,181.2578,181.1066,181.7026,4850
2024-01-01 01:43:43,181.7026,182.0708,181.6193,181.7349,6925
2024-01-01 01:43:44,181.7349,181.9126,181.6703,181.8231,2258
2024-01-01 01:43:45,181.8231,182.1525,181.5195,181.0092,9568
2024-01-01 01:43:46,181.0092,181.3701,180.7456,181.6374,1148
2024-01-01 01:43:47,181.6374,181.6676,181.2513,181.912,2408
2024-01-01 01:43:48,181.912,182.2868,181.4217,181.4492,1206
2024-01-01 01:43:49,181.4492,181.7995,181.3729,181.3996,6017
2024-01-01 01:43:50,181.3996,181.654,181.364,181.0834,6793
2024-01-01 01:43:51,181.0834,181.2423,180.9154,181.2187,2633
2024-01-01 01:43:52,181.2187,181.9863,180.9352,181.4673,8105
2024-01-01 01:43:53,181.4673,181.488,181.0831,181.1811,1451
2024-01-01 01:43:54,181.1811,181.6113,181.0426,181.3867,3954
2024-01-01 01:43:55,181.3867,181.3938,181.3534,181.0125,7083
2024-01-01 01:43:56,181.0125,181.0831,180.9151,181.2235,5338
2024-01-01 01:43:57,181.2235,181.3002,180.9799,180.4027,5252
2024-01-01 01:43:58,180.4027,180.5276,179.9933,180.8816,6638
2024-01-01 01:43:59,180.8816,181.1759,180.4075,181.0002,4048
2024-01-01 01:44:00,181.0002,181.1017,180.9722,180.4376,2905
2024-01-01 01:44:01,180.4376,180.6083,180.021,180.9791,9199
2024-01-01 01:44:02,180.9791,181.0632,180.624,180.7412,7566
2024-01-01 01:44:03,180.7412,181.1285,180.4347,181.0397,7253
2024-01-01 01:44:04,181.0397,181.1889,181.0265,181.5178,6954
2024-01-01 01:44:05,181.5178,181.85,181.5061,181.6287,4204
2024-01-01 01:44:06,181.6287,181.7905,181.3846,180.6891,1762
2024-01-01 01:44:07,180.6891,180.7721,180.5469,180.7462,5729
2024-01-01 01:44:08,180.7462,181.4104,180.577,180.1122,7246
2024-01-01 01:44:09,180.1122,180.2537,179.8305,180.9457,4578
2024-01-01 01:44:10,180.9457,180.9496,180.5284,182.1755,7817
2024-01-01 01:44:11,182.1755,182.2584,181.7276,182.7542,3852
2024-01-01 01:44:12,182.7542,182.8535,182.6128,182.5912,2846
2024-01-01 01:44:13,182.5912,183.3273,182.0495,183.1412,7905
2024-01-01 01:44:14,183.1412,183.7963,183.1359,183.442,5100
2024-01-01 01:44:15,183.442,183.6649,183.2535,183.5591,7348
2024-01-01 01:44:16,183.5591,183.9166,183.3712,182.66,4790
2024-01-01 01:44:17,182.66,182.9023,182.6554,182.5053,4602
2024-01-01 01:44:18,182.5053,182.5401,182.3125,181.8278,4719
2024-01-01 01:44:19,181.8278,181.8725,181.7148,181.436,6644
2024-01-01 01:44:20,181.436,181.5239,180.9378,181.1559,2861
2024-01-01 01:44:21,181.1559,181.252,181.0016,180.8981,1944
2024-01-01 01:44:22,180.8981,181.1693,180.8812,180.3963,5329
2024-01-01 01:44:23,180.3963,180.8666,180.2439,180.5431,3378
2024-01-01 01:44:24,180.5431,180.6022,180.3931,180.3613,3570
2024-01-01 01:44:25,180.3613,180.391,180.2098,180.4397,4155
2024-01-01 01:44:26,180.4397,180.4873,180.065,181.0546,7561
2024-01-01 01:44:27,181.0546,181.3909,180.5792,181.2734,8871
2024-01-01 01:44:28,181.2734,181.5553,180.871,180.9968,9530
2024-01-01 01:44:29,180.9968,181.3122,180.5253,180.4217,8816
2024-01-01 01:44:30,180.4217,180.6656,180.0363,180.9417,6172
2024-01-01 01:44:31,180.9417,181.2614,180.4292,181.1558,2744
2024-01-01 01:44:32,181.1558,181.1646,180.8609,180.9144,6500
2024-01-01 01:44:33,180.9144,181.195,180.8929,180.7673,2555
2024-01-01 01:44:34,180.7673,180.8883,180.1961,180.1828,1154
2024-01-01 01:44:35,180.1828,180.5014,180.0393,180.893,6134
2024-01-01 01:44:36,180.893,181.0173,180.6927,180.5824,2542
2024-01-01 01:44:37,180.5824,180.7464,180.292,180.568,7005
2024-01-01 01:44:38,180.568,180.852,180.3048,180.8392,7789
2024-01-01 01:44:39,180.8392,181.1612,180.5947,181.7421,7725
2024-01-01 01:44:40,181.7421,182.393,181.6129,181.9638,4461
2024-01-01 01:44:41,181.9638,182.4169,181.8904,181.9542,1877
2024-01-01 01:44:42,181.9542,182.4747,181.9075,180.8788,4394
2024-01-01 01:44:43,180.8788,180.909,180.8409,181.0137,2259
2024-01-01 01:44:44,181.0137,181.1706,180.8423,180.4922,3813
2024-01-01 01:44:45,180.4922,180.6516,180.3518,181.1945,4186
2024-01-01 01:44:46,181.1945,181.2664,181.1318,180.9712,9632
2024-01-01 01:44:47,180.9712,181.1599,180.625,180.8007,1743
2024-01-01 01:44:48,180.8007,181.1789,180.4806,180.549,3676
2024-01-01 01:44:49,180.549,180.9504,180.252,180.7459,7087
2024-01-01 01:44:50,180.7459,180.7728,180.6733,180.2982,4840
2024-01-01 01:44:51,180.2982,180.5829,179.6923,181.059,9981
2024-01-01 01:44:52,181.059,181.2129,180.8182,181.0727,4568
2024-01-01 01:44:53,181.0727,181.2107,180.9674,181.1187,6278
2024-01-01 01:44:54,181.1187,181.7424,180.6893,181.2981,2142
2024-01-01 01:44:55,181.2981,181.5318,180.8951,181.8593,4018
2024-01-01 01:44:56,181.8593,182.4144,181.4102,181.4048,5162
2024-01-01 01:44:57,181.4048,181.7023,180.8799,181.7386,3940
2024-01-01 01:44:58,181.7386,181.8188,181.6835,181.9343,4078
2024-01-01 01:44:59,181.9343,182.003,181.8881,181.6308,9880
2024-01-01 01:45:00,181.6308,181.8698,181.6146,181.1161,4406
2024-01-01 01:45:01,181.1161,181.1798,180.7398,181.5016,6215
2024-01-01 01:45:02,181.5016,181.7607,181.4817,181.5458,4970
2024-01-01 01:45:03,181.5458,182.0608,181.5177,181.707,8705
2024-01-01 01:45:04,181.707,181.917,181.6643,181.2111,1755
2024-01-01 01:45:05,181.2111,181.3967,180.9536,180.3502,6011
2024-01-01 01:45:06,180.3502,180.7525,180.1929,179.7786,5547
2024-01-01 01:45:07,179.7786,179.8445,179.7394,179.7141,3880
2024-01-01 01:45:08,179.7141,180.0329,179.2986,179.5511,6384
2024-01-01 01:45:09,179.5511,179.847,179.1392,178.7552,2522
2024-01-01 01:45:10,178.7552,178.9303,178.5689,178.2358,8708
2024-01-01 01:45:11,178.2358,178.3488,177.9391,178.3738,1471
2024-01-01 01:45:12,178.3738,178.3959,178.1608,178.1059,5812
2024-01-01 01:45:13,178.1059,178.5696,178.0313,178.1534,3953
2024-01-01 01:45:14,178.1534,178.5621,177.857,177.9051,5429
2024-01-01 01:45:15,177.9051,178.2501,177.6736,177.2571,4760
2024-01-01 01:45:16,177.2571,177.3562,177.1532,177.3234,4845
2024-01-01 01:45:17,177.3234,177.5592,177.2194,176.9903,1236
2024-01-01 01:45:18,176.9903,177.2,176.8368,177.5106,5398
2024-01-01 01:45:19,177.5106,177.7601,177.0688,177.164,5435
2024-01-01 01:45:20,177.164,177.8855,176.7115,177.9779,5008
2024-01-01 01:45:21,177.9779,178.1585,177.5091,178.1258,1119
2024-01-01 01:45:22,178.1258,178.3693,177.7298,177.9874,2488
2024-01-01 01:45:23,177.9874,178.3484,177.6568,178.3984,7976
2024-01-01 01:45:24,178.3984,179.0988,178.1906,177.6302,5669
2024-01-01 01:45:25,177.6302,177.9099,177.4187,177.8305,4152
2024-01-01 01:45:26,177.8305,178.1181,177.6504,177.3264,1637
2024-01-01 01:45:27,177.3264,177.5669,176.8146,177.4562,3199
2024-01-01 01:45:28,177.4562,177.709,177.1022,177.319,1914
2024-01-01 01:45:29,177.319,177.878,177.2889,177.711,7316
2024-01-01 01:45:30,177.711,178.0538,177.6609,178.1842,4270
2024-01-01 01:45:31,178.1842,178.2937,177.9448,178.012,5377
2024-01-01 01:45:32,178.012,178.3698,177.9318,178.287,3859
2024-01-01 01:45:33,178.287,178.302,177.9929,178.2787,7252
2024-01-01 01:45:34,178.2787,178.4603,177.8726,177.6052,3750
2024-01-01 01:45:35,177.6052,177.8034,177.5122,177.6009,9802
2024-01-01 01:45:36,177.6009,177.8605,177.5088,177.118,9876
2024-01-01 01:45:37,177.118,177.1576,176.9262,177.2193,1266
2024-01-01 01:45:38,177.2193,177.6763,177.1659,177.6748,5594
2024-01-01 01:45:39,177.6748,178.0124,177.1867,177.2572,5817
2024-01-01 01:45:40,177.2572,177.2616,177.0396,177.7829,5426
2024-01-01 01:45:41,177.7829,177.9529,177.6752,178.5253,5913
2024-01-01 01:45:42,178.5253,178.8574,178.4977,178.2413,4419
2024-01-01 01:45:43,178.2413,178.3788,178.2174,178.6072,9631
2024-01-01 01:45:44,178.6072,179.0466,178.6049,177.8149,8121
2024-01-01 01:45:45,177.8149,177.8612,177.5343,177.9527,5718
2024-01-01 01:45:46,177.9527,178.1555,177.6797,178.123,3188
2024-01-01 01:45:47,178.123,178.3823,178.0306,177.9361,8368
2024-01-01 01:45:48,177.9361,178.2077,177.7402,177.8818,6691
2024-01-01 01:45:49,177.8818,178.1447,177.4492,177.3123,9569
2024-01-01 01:45:50,177.3123,178.1536,176.8341,177.8367,8857
2024-01-01 01:45:51,177.8367,178.1699,177.3365,177.1876,5075
2024-01-01 01:45:52,177.1876,177.4171,176.5859,176.3658,5642
2024-01-01 01:45:53,176.3658,176.4886,176.1312,175.5874,2574
2024-01-01 01:45:54,175.5874,175.8735,175.478,175.888,3041
2024-01-01 01:45:55,175.888,176.0064,175.5427,176.2291,1074
2024-01-01 01:45:56,176.2291,176.3232,176.0254,176.8799,9333
2024-01-01 01:45:57,176.8799,177.0768,176.8153,176.6683,5501
2024-01-01 01:45:58,176.6683,176.7117,176.4345,177.4853,7181
2024-01-01 01:45:59,177.4853,177.8035,177.4525,177.1608,8372
2024-01-01 01:46:00,177.1608,177.3797,177.158,176.5782,2744
2024-01-01 01:46:01,176.5782,177.1453,176.4234,176.669,1364
2024-01-01 01:46:02,176.669,177.1022,176.5799,177.3659,5273
2024-01-01 01:46:03,177.3659,177.8404,176.9134,177.4321,2323
2024-01-01 01:46:04,177.4321,177.5154,177.3622,178.2637,8340
2024-01-01 01:46:05,178.2637,178.503,178.0838,177.8929,6873
2024-01-01 01:46:06,177.8929,178.1292,177.6201,177.1888,9893
2024-01-01 01:46:07,177.1888,177.2322,176.8775,177.1889,1327
2024-01-01 01:46:08,177.1889,177.461,177.0667,176.9968,3960
2024-01-01 01:46:09,176.9968,177.1273,176.5537,176.6658,7028
2024-01-01 01:46:10,176.6658,176.9405,176.3336,176.1173,1305
2024-01-01 01:46:11,176.1173,176.8103,175.4902,176.3571,5558
2024-01-01 01:46:12,176.3571,176.9443,176.0382,175.8646,7693
2024-01-01 01:46:13,175.8646,176.1093,175.5567,175.1731,4757
2024-01-01 01:46:14,175.1731,175.1983,174.8617,174.7437,5330
2024-01-01 01:46:15,174.7437,175.1785,174.433,175.3378,8121
2024-01-01 01:46:16,175.3378,175.5856,175.1609,176.1861,6425
2024-01-01 01:46:17,176.1861,176.2353,176.0395,176.1162,1545
2024-01-01 01:46:18,176.1162,176.3389,175.6652,176.3667,4943
2024-01-01 01:46:19,176.3667,176.9561,176.2196,176.2734,9036
2024-01-01 01:46:20,176.2734,176.3543,175.87,175.9969,9424
2024-01-01 01:46:21,175.9969,176.1122,175.9916,176.6576,7738
2024-01-01 01:46:22,176.6576,176.8843,176.4213,176.6828,7671
2024-01-01 01:46:23,176.6828,177.0662,176.2161,176.1629,7313
2024-01-01 01:46:24,176.1629,176.5017,176.0754,176.3628,2385
2024-01-01 01:46:25,176.3628,176.4837,176.3462,177.1472,3315
2024-01-01 01:46:26,177.1472,177.294,177.046,176.5376,4414
2024-01-01 01:46:27,176.5376,176.7879,176.5352,176.4133,9252
2024-01-01 01:46:28,176.4133,176.5441,176.0949,176.5928,8531
2024-01-01 01:46:29,176.5928,176.7645,176.3574,176.0149,8779
2024-01-01 01:46:30,176.0149,176.0781,175.9358,176.3477,4183
2024-01-01 01:46:31,176.3477,176.3512,176.1386,176.5965,5981
2024-01-01 01:46:32,176.5965,176.7835,176.3446,176.4498,7185
2024-01-01 01:46:33,176.4498,176.4582,175.972,176.164,4811
2024-01-01 01:46:34,176.164,176.235,175.9711,176.3167,7074
2024-01-01 01:46:35,176.3167,176.6084,176.2007,176.2406,8811
2024-01-01 01:46:36,176.2406,176.7224,175.6472,176.0561,3032
2024-01-01 01:46:37,176.0561,176.2477,175.8891,176.3625,6854
2024-01-01 01:46:38,176.3625,176.5143,176.2185,175.3514,3226
2024-01-01 01:46:39,175.3514,175.8996,174.8869,175.8087,8282
2024-01-01 01:46:40,175.8087,175.9188,175.1636,175.0586,9001
2024-01-01 01:46:41,175.0586,175.1503,174.8418,174.9948,9123
2024-01-01 01:46:42,174.9948,175.1199,174.6499,175.9617,4922
2024-01-01 01:46:43,175.9617,176.4963,175.7537,175.4659,6476
2024-01-01 01:46:44,175.4659,175.6802,175.2828,175.7677,5157
2024-01-01 01:46:45,175.7677,176.204,175.3485,176.5422,4932
2024-01-01 01:46:46,176.5422,176.5922,176.3141,175.9886,5344
2024-01-01 01:46:47,175.9886,176.0331,175.9425,175.8447,8864
2024-01-01 01:46:48,175.8447,175.978,175.7284,175.4328,4272
2024-01-01 01:46:49,175.4328,175.4683,175.3189,175.9397,8719
2024-01-01 01:46:50,175.9397,176.3731,175.8304,176.015,1953
2024-01-01 01:46:51,176.015,176.1189,175.5969,176.6882,1762
2024-01-01 01:46:52,176.6882,176.7926,176.3873,176.3243,7527
2024-01-01 01:46:53,176.3243,176.5464,176.0455,176.4314,4967
2024-01-01 01:46:54,176.4314,176.9114,176.2286,176.4056,6464
2024-01-01 01:46:55,176.4056,176.5828,176.1459,176.9139,5030
2024-01-01 01:46:56,176.9139,177.0724,176.7753,176.7417,7743
2024-01-01 01:46:57,176.7417,176.8108,176.7091,177.4569,1220
2024-01-01 01:46:58,177.4569,177.5197,176.8799,177.5453,2289
2024-01-01 01:46:59,177.5453,177.9879,177.3366,177.7513,6040
2024-01-01 01:47:00,177.7513,178.0066,177.5487,177.0309,2288
2024-01-01 01:47:01,177.0309,177.4442,176.7306,177.4304,9222
2024-01-01 01:47:02,177.4304,177.6323,176.9524,176.6875,2421
2024-01-01 01:47:03,176.6875,177.122,176.5535,175.3118,6214
2024-01-01 01:47:04,175.3118,175.3193,174.6583,174.4807,7582
2024-01-01 01:47:05,174.4807,174.7129,174.3649,174.8512,6020
2024-01-01 01:47:06,174.8512,174.9096,174.4922,174.3342,7690
2024-01-01 01:47:07,174.3342,174.7792,174.3031,174.73,5598
2024-01-01 01:47:08,174.73,175.2093,174.3498,174.5805,7281
2024-01-01 01:47:09,174.5805,174.7423,174.5306,174.9737,1259
2024-01-01 01:47:10,174.9737,175.4462,174.7869,174.926,7142
2024-01-01 01:47:11,174.926,175.3536,174.8808,175.2624,2110
2024-01-01 01:47:12,175.2624,175.4396,175.2387,175.2133,3956
2024-01-01 01:47:13,175.2133,175.3852,175.1267,175.574,7927
2024-01-01 01:47:14,175.574,175.8955,175.3448,176.3984,4964
2024-01-01 01:47:15,176.3984,176.6232,176.1788,177.2729,3548
2024-01-01 01:47:16,177.2729,177.3141,176.7142,177.4261,9715
2024-01-01 01:47:17,177.4261,177.4848,177.3766,177.8447,8938
2024-01-01 01:47:18,177.8447,178.409,177.7528,177.4891,2479
2024-01-01 01:47:19,177.4891,177.4993,177.0015,178.1397,9197
2024-01-01 01:47:20,178.1397,178.3371,178.0622,177.9321,3100
2024-01-01 01:47:21,177.9321,178.1992,177.9276,178.3363,5300
2024-01-01 01:47:22,178.3363,178.3902,177.8489,178.318,3727
2024-01-01 01:47:23,178.318,178.5037,178.2102,177.7056,9266
2024-01-01 01:47:24,177.7056,177.7314,177.6281,177.3506,7656
2024-01-01 01:47:25,177.3506,177.9363,176.9973,177.5122,9141
2024-01-01 01:47:26,177.5122,177.5298,177.3414,177.2901,7004
2024-01-01 01:47:27,177.2901,177.6887,177.0827,177.4712,1141
2024-01-01 01:47:28,177.4712,177.7509,177.2551,177.8502,7855
2024-01-01 01:47:29,177.8502,177.9023,177.4829,178.8626,2286
2024-01-01 01:47:30,178.8626,179.4604,178.3856,178.1457,6974
2024-01-01 01:47:31,178.1457,178.445,177.7944,177.8056,9011
2024-01-01 01:47:32,177.8056,177.8888,177.4166,177.382,1948
2024-01-01 01:47:33,177.382,177.5138,177.0419,176.7484,2244
2024-01-01 01:47:34,176.7484,177.1478,176.4741,177.9014,6914
2024-01-01 01:47:35,177.9014,178.1048,177.3648,177.74,2812
2024-01-01 01:47:36,177.74,177.933,177.5885,177.411,4367
2024-01-01 01:47:37,177.411,177.5378,177.363,177.1714,4610
2024-01-01 01:47:38,177.1714,177.6429,176.8314,176.8542,1672
2024-01-01 01:47:39,176.8542,176.9585,175.9182,176.5791,9730
2024-01-01 01:47:40,176.5791,176.6712,176.4046,176.9337,3835
2024-01-01 01:47:41,176.9337,177.0,176.7714,177.1895,7061
2024-01-01 01:47:42,177.1895,177.4124,177.1644,176.4517,1852
2024-01-01 01:47:43,176.4517,176.7149,176.0393,177.2993,2664
2024-01-01 01:47:44,177.2993,177.6192,176.9329,177.5778,5836
2024-01-01 01:47:45,177.5778,177.6857,177.5087,178.4733,7579
2024-01-01 01:47:46,178.4733,178.5928,178.2609,178.7955,6938
2024-01-01 01:47:47,178.7955,178.8289,178.7013,179.4176,2028
2024-01-01 01:47:48,179.4176,179.494,179.1779,179.357,1168
2024-01-01 01:47:49,179.357,179.7088,179.2421,179.5119,2635
2024-01-01 01:47:50,179.5119,179.7692,179.278,180.0555,9995
2024-01-01 01:47:51,180.0555,180.2234,179.5709,179.7246,6239
2024-01-01 01:47:52,179.7246,179.8574,179.6669,178.9326,6004
2024-01-01 01:47:53,178.9326,179.2185,178.3761,178.5773,2960
2024-01-01 01:47:54,178.5773,179.0605,178.4151,178.7472,3316
2024-01-01 01:47:55,178.7472,179.0918,178.518,179.3587,5372
2024-01-01 01:47:56,179.3587,179.4435,179.3153,179.2674,2687
2024-01-01 01:47:57,179.2674,180.0602,179.1525,179.4612,7265
2024-01-01 01:47:58,179.4612,179.494,179.4194,179.9475,9625
2024-01-01 01:47:59,179.9475,180.0635,179.8135,179.8854,5096
2024-01-01 01:48:00,179.8854,180.2527,179.7487,180.432,9248
2024-01-01 01:48:01,180.432,180.5855,180.3539,180.5879,2371
2024-01-01 01:48:02,180.5879,180.8493,180.3143,180.193,7242
2024-01-01 01:48:03,180.193,180.3924,179.859,179.971,7249
2024-01-01 01:48:04,179.971,179.992,179.8882,180.0904,2414
2024-01-01 01:48:05,180.0904,180.0916,180.0455,180.4632,4774
2024-01-01 01:48:06,180.4632,180.8759,179.9913,181.0384,6762
2024-01-01 01:48:07,181.0384,181.5447,181.0138,180.1646,8468
2024-01-01 01:48:08,180.1646,180.2257,180.1081,180.4839,8590
2024-01-01 01:48:09,180.4839,180.6859,180.3607,180.6064,6564
2024-01-01 01:48:10,180.6064,180.9313,180.6014,179.9975,8587
2024-01-01 01:48:11,179.9975,180.1532,179.935,180.3233,6728
2024-01-01 01:48:12,180.3233,180.4661,179.878,180.7069,6426
2024-01-01 01:48:13,180.7069,180.8662,180.3849,180.1746,1377
2024-01-01 01:48:14,180.1746,180.3377,179.9301,180.0984,1261
2024-01-01 01:48:15,180.0984,180.1294,180.014,179.6548,1469
2024-01-01 01:48:16,179.6548,180.2773,179.6348,180.1958,6875
2024-01-01 01:48:17,180.1958,180.5546,179.6832,180.2688,5317
2024-01-01 01:48:18,180.2688,180.4326,180.1241,179.4074,6588
2024-01-01 01:48:19,179.4074,179.7889,179.3052,178.768,5213
2024-01-01 01:48:20,178.768,179.0772,178.3766,179.2557,6414
2024-01-01 01:48:21,179.2557,179.9638,178.9527,179.1399,5253
2024-01-01 01:48:22,179.1399,179.2676,178.8171,179.2028,6806
2024-01-01 01:48:23,179.2028,179.3493,179.1354,179.654,9434
2024-01-01 01:48:24,179.654,179.7874,179.3633,179.0804,7240
2024-01-01 01:48:25,179.0804,179.3473,178.7011,178.8402,4893
2024-01-01 01:48:26,178.8402,178.9739,178.539,179.284,3096
2024-01-01 01:48:27,179.284,179.4067,179.1759,179.1517,1377
2024-01-01 01:48:28,179.1517,179.7718,178.9674,180.3198,7261
2024-01-01 01:48:29,180.3198,180.5623,180.3059,179.3614,5539
2024-01-01 01:48:30,179.3614,179.643,178.9906,179.0855,1252
2024-01-01 01:48:31,179.0855,179.0977,179.0319,178.5211,6394
2024-01-01 01:48:32,178.5211,178.852,178.4823,179.0992,6286
2024-01-01 01:48:33,179.0992,179.1477,178.7178,180.7188,5748
2024-01-01 01:48:34,180.7188,181.0926,180.7137,180.481,1782
2024-01-01 01:48:35,180.481,180.6918,180.4227,180.0934,8217
2024-01-01 01:48:36,180.0934,180.2534,180.0099,180.3497,7698
2024-01-01 01:48:37,180.3497,180.7727,180.2806,180.5213,6429
2024-01-01 01:48:38,180.5213,180.6757,180.4778,180.4867,5191
2024-01-01 01:48:39,180.4867,180.8203,180.106,179.9081,7619
2024-01-01 01:48:40,179.9081,180.2461,179.836,180.1506,6435
2024-01-01 01:48:41,180.1506,180.4722,179.8486,179.2095,3732
2024-01-01 01:48:42,179.2095,179.5369,178.978,178.7126,3602
2024-01-01 01:48:43,178.7126,178.8903,178.6838,178.0835,9790
2024-01-01 01:48:44,178.0835,178.3787,177.9219,178.7704,5021
2024-01-01 01:48:45,178.7704,178.8318,178.7079,178.9954,9355
2024-01-01 01:48:46,178.9954,179.0237,178.9314,178.4698,7920
2024-01-01 01:48:47,178.4698,178.7764,178.4407,177.721,9113
2024-01-01 01:48:48,177.721,177.7272,177.507,177.0342,4584
2024-01-01 01:48:49,177.0342,177.2696,177.0039,177.296,5599
2024-01-01 01:48:50,177.296,177.5513,177.1292,176.4547,4785
2024-01-01 01:48:51,176.4547,176.5802,176.2979,176.4988,8824
2024-01-01 01:48:52,176.4988,176.7466,176.4365,176.2969,3599
2024-01-01 01:48:53,176.2969,176.71,176.0823,175.8618,9004
2024-01-01 01:48:54,175.8618,176.3273,175.7368,175.7412,2054
2024-01-01 01:48:55,175.7412,175.8095,175.5019,175.6951,9627
2024-01-01 01:48:56,175.6951,176.1074,175.4092,174.908,6295
2024-01-01 01:48:57,174.908,174.9462,174.3359,174.6784,2930
2024-01-01 01:48:58,174.6784,175.082,174.4376,174.8507,5394
2024-01-01 01:48:59,174.8507,175.0638,174.6672,175.0571,6214
2024-01-01 01:49:00,175.0571,175.1805,174.8938,175.4807,2828
2024-01-01 01:49:01,175.4807,175.7281,175.2724,175.1461,7992
2024-01-01 01:49:02,175.1461,175.6251,175.064,175.2085,4384
2024-01-01 01:49:03,175.2085,175.4191,174.9222,175.1258,4009
2024-01-01 01:49:04,175.1258,175.18,175.0036,175.3499,2406
2024-01-01 01:49:05,175.3499,175.3643,175.0832,174.4193,8788
2024-01-01 01:49:06,174.4193,174.5617,174.2714,174.2519,9590
2024-01-01 01:49:07,174.2519,174.3239,173.8843,174.1203,4522
2024-01-01 01:49:08,174.1203,174.5362,173.9744,173.8692,1799
2024-01-01 01:49:09,173.8692,174.2002,173.7192,174.2948,5162
2024-01-01 01:49:10,174.2948,174.4758,173.7744,173.5868,9292
2024-01-01 01:49:11,173.5868,173.8232,173.543,173.3343,4342
2024-01-01 01:49:12,173.3343,173.5735,172.7617,173.4735,6466
2024-01-01 01:49:13,173.4735,173.6949,173.2391,173.5035,4965
2024-01-01 01:49:14,173.5035,173.9421,172.7925,172.775,8962
2024-01-01 01:49:15,172.775,172.9941,172.6065,173.6458,5279
2024-01-01 01:49:16,173.6458,174.2583,173.4218,173.5001,7438
2024-01-01 01:49:17,173.5001,174.1104,173.3397,174.049,8938
2024-01-01 01:49:18,174.049,174.5956,173.9112,174.763,3257
2024-01-01 01:49:19,174.763,174.8571,174.7605,174.3101,6451
2024-01-01 01:49:20,174.3101,174.6109,174.1352,174.3082,2031
2024-01-01 01:49:21,174.3082,174.6677,174.0217,173.4696,9695
2024-01-01 01:49:22,173.4696,173.7204,173.0739,173.6695,3515
2024-01-01 01:49:23,173.6695,173.7629,173.3996,173.9095,1697
2024-01-01 01:49:24,173.9095,174.0209,173.7023,174.0105,6258
2024-01-01 01:49:25,174.0105,174.1104,173.435,173.6913,4563
2024-01-01 01:49:26,173.6913,173.9005,173.5388,172.7614,6243
2024-01-01 01:49:27,172.7614,172.8851,172.7221,172.2736,3600
2024-01-01 01:49:28,172.2736,172.4777,172.1905,171.8814,7515
2024-01-01 01:49:29,171.8814,172.2372,171.8312,172.5509,5727
2024-01-01 01:49:30,172.5509,172.5722,172.0693,172.5505,1366
2024-01-01 01:49:31,172.5505,172.8263,172.0575,172.2258,2346
2024-01-01 01:49:32,172.2258,172.7752,171.9943,171.6944,9271
2024-01-01 01:49:33,171.6944,172.0111,171.5581,170.5796,7067
2024-01-01 01:49:34,170.5796,170.7429,170.4836,171.172,6026
2024-01-01 01:49:35,171.172,171.3151,171.0624,170.7822,4375
2024-01-01 01:49:36,170.7822,171.0628,170.7222,170.5334,9519
2024-01-01 01:49:37,170.5334,170.5631,170.0275,171.1498,9476
2024-01-01 01:49:38,171.1498,171.4164,170.9337,171.2364,8289
2024-01-01 01:49:39,171.2364,171.5048,171.119,171.0659,6230
2024-01-01 01:49:40,171.0659,171.1065,170.8012,170.9471,5314
2024-01-01 01:49:41,170.9471,171.2272,170.5685,170.9993,6012
2024-01-01 01:49:42,170.9993,171.503,170.5721,171.145,2668
2024-01-01 01:49:43,171.145,171.3041,170.8808,170.9762,3862
2024-01-01 01:49:44,170.9762,171.1232,170.8625,171.7425,1880
2024-01-01 01:49:45,171.7425,172.4663,171.6827,171.3983,4948
2024-01-01 01:49:46,171.3983,171.5382,171.2994,171.325,8645
2024-01-01 01:49:47,171.325,171.3936,171.2564,171.9756,1782
2024-01-01 01:49:48,171.9756,172.4425,171.7682,172.9188,4747
2024-01-01 01:49:49,172.9188,172.9617,172.5068,172.482,5306
2024-01-01 01:49:50,172.482,172.5976,172.2976,172.4936,9790
2024-01-01 01:49:51,172.4936,172.6775,172.4748,172.2534,6984
2024-01-01 01:49:52,172.2534,172.3233,172.1391,171.6759,6613
2024-01-01 01:49:53,171.6759,171.7756,170.9008,171.812,8992
2024-01-01 01:49:54,171.812,172.0916,171.6058,171.6308,8661
2024-01-01 01:49:55,171.6308,171.7303,171.1983,172.2672,3484
2024-01-01 01:49:56,172.2672,172.4344,172.0732,172.2886,1289
2024-01-01 01:49:57,172.2886,172.5148,171.9005,172.6474,6636
2024-01-01 01:49:58,172.6474,172.683,172.5059,171.9752,9217
2024-01-01 01:49:59,171.9752,172.2266,171.798,171.5639,1725
2024-01-01 01:50:00,171.5639,172.0949,170.9193,172.1622,2926
2024-01-01 01:50:01,172.1622,172.2137,171.8581,171.9509,4904
2024-01-01 01:50:02,171.9509,172.4277,171.8521,172.1369,8275
2024-01-01 01:50:03,172.1369,172.1945,172.1362,171.4433,2667
2024-01-01 01:50:04,171.4433,171.9873,171.118,171.4341,2573
2024-01-01 01:50:05,171.4341,171.4576,170.6002,171.4242,9014
2024-01-01 01:50:06,171.4242,171.9586,171.1423,171.2564,3039
2024-01-01 01:50:07,171.2564,171.7018,171.093,169.9884,6571
2024-01-01 01:50:08,169.9884,170.0005,169.8413,170.5923,7108
2024-01-01 01:50:09,170.5923,170.6608,170.2957,171.7486,3009
2024-01-01 01:50:10,171.7486,171.7954,171.6861,171.4326,2275
2024-01-01 01:50:11,171.4326,171.8346,171.3297,171.227,1511
2024-01-01 01:50:12,171.227,171.2985,170.8322,171.1504,7278
2024-01-01 01:50:13,171.1504,171.6642,171.0185,171.6599,5418
2024-01-01 01:50:14,171.6599,171.817,171.2911,171.1431,9667
2024-01-01 01:50:15,171.1431,171.3167,170.7249,171.4207,7518
2024-01-01 01:50:16,171.4207,171.52,171.4194,171.6605,4872
2024-01-01 01:50:17,171.6605,171.9237,171.2181,171.1839,7950
2024-01-01 01:50:18,171.1839,171.3362,171.0638,170.4765,8019
2024-01-01 01:50:19,170.4765,170.6981,170.4581,170.7415,6833
2024-01-01 01:50:20,170.7415,171.1272,170.6422,170.547,3098
2024-01-01 01:50:21,170.547,170.7974,170.2706,170.5956,5425
2024-01-01 01:50:22,170.5956,171.3663,170.5618,170.833,2744
2024-01-01 01:50:23,170.833,170.8415,170.4202,171.2898,2219
2024-01-01 01:50:24,171.2898,171.3821,170.7097,171.2683,3702
2024-01-01 01:50:25,171.2683,171.5263,171.2561,171.4648,4714
2024-01-01 01:50:26,171.4648,171.7067,171.2345,170.5762,7783
2024-01-01 01:50:27,170.5762,171.095,170.3769,170.3741,2024
2024-01-01 01:50:28,170.3741,170.4463,170.1812,170.7503,1180
2024-01-01 01:50:29,170.7503,171.0916,170.1798,170.6747,4740
2024-01-01 01:50:30,170.6747,171.1621,170.411,170.9648,3512
2024-01-01 01:50:31,170.9648,171.017,170.9215,171.1486,3852
2024-01-01 01:50:32,171.1486,171.1928,170.7253,171.6007,4887
2024-01-01 01:50:33,171.6007,171.8707,171.3965,171.3645,5332
2024-01-01 01:50:34,171.3645,171.8836,171.1398,171.128,9570
2024-01-01 01:50:35,171.128,171.6756,170.6769,171.5894,2698
2024-01-01 01:50:36,171.5894,171.6716,171.4523,171.8101,3723
2024-01-01 01:50:37,171.8101,172.1846,171.6176,172.0487,3726
2024-01-01 01:50:38,172.0487,172.2074,171.5602,171.9196,9015
2024-01-01 01:50:39,171.9196,172.0128,171.554,172.7075,3404
2024-01-01 01:50:40,172.7075,173.1637,172.5086,173.2097,6217
2024-01-01 01:50:41,173.2097,173.4338,173.1392,172.8344,5470
2024-01-01 01:50:42,172.8344,173.0358,172.7706,172.4878,6194
2024-01-01 01:50:43,172.4878,172.6163,171.818,172.9606,2792
2024-01-01 01:50:44,172.9606,173.0304,172.7907,172.0749,6613
2024-01-01 01:50:45,172.0749,172.3279,171.9245,171.391,8375
2024-01-01 01:50:46,171.391,172.1131,171.3265,171.8888,4376
2024-01-01 01:50:47,171.8888,172.2989,171.7481,171.6311,9845
2024-01-01 01:50:48,171.6311,171.8681,170.938,172.1729,8026
2024-01-01 01:50:49,172.1729,172.6935,172.1303,172.5924,9799
2024-01-01 01:50:50,172.5924,172.8314,172.4697,172.6647,7258
2024-01-01 01:50:51,172.6647,172.751,172.506,172.669,2220
2024-01-01 01:50:52,172.669,173.0327,172.5844,172.6269,1977
2024-01-01 01:50:53,172.6269,172.7445,172.5408,173.046,8256
2024-01-01 01:50:54,173.046,173.2244,172.8942,173.212,9325
2024-01-01 01:50:55,173.212,173.7288,173.1523,173.4236,5769
2024-01-01 01:50:56,173.4236,173.4909,173.4188,172.8604,7910
2024-01-01 01:50:57,172.8604,173.0425,172.5678,172.788,2776
2024-01-01 01:50:58,172.788,172.8276,172.6245,173.15,7114
2024-01-01 01:50:59,173.15,173.4636,173.1449,173.2109,8909
2024-01-01 01:51:00,173.2109,173.3135,172.5571,173.142,9175
2024-01-01 01:51:01,173.142,173.2889,172.9469,173.7769,9577
2024-01-01 01:51:02,173.7769,174.025,173.5357,174.06,9208
2024-01-01 01:51:03,174.06,174.362,173.8099,174.1887,1732
2024-01-01 01:51:04,174.1887,174.7445,173.884,174.3283,6382
2024-01-01 01:51:05,174.3283,174.3939,174.1067,175.1493,8035
2024-01-01 01:51:06,175.1493,175.1788,174.9187,174.9139,6290
2024-01-01 01:51:07,174.9139,175.0051,174.4673,174.5841,4779
2024-01-01 01:51:08,174.5841,174.6227,174.535,174.5055,1543
2024-01-01 01:51:09,174.5055,174.9724,174.4019,174.135,8971
2024-01-01 01:51:10,174.135,174.3063,173.7599,173.914,2875
2024-01-01 01:51:11,173.914,174.0263,173.5259,174.5856,1869
2024-01-01 01:51:12,174.5856,174.6651,174.3348,174.7208,2635
2024-01-01 01:51:13,174.7208,175.0832,173.8408,174.2368,3329
2024-01-01 01:51:14,174.2368,174.3976,173.9956,173.7464,2931
2024-01-01 01:51:15,173.7464,174.404,173.5808,173.7737,2097
2024-01-01 01:51:16,173.7737,174.0214,173.6424,173.1931,6585
2024-01-01 01:51:17,173.1931,173.4837,173.1039,173.3564,1056
2024-01-01 01:51:18,173.3564,173.47,172.7343,173.5118,1410
2024-01-01 01:51:19,173.5118,173.8523,173.4002,173.0128,7010
2024-01-01 01:51:20,173.0128,173.3605,172.6492,173.172,4799
2024-01-01 01:51:21,173.172,173.4727,172.2662,173.9194,9933
2024-01-01 01:51:22,173.9194,174.2718,173.7843,173.9906,2354
2024-01-01 01:51:23,173.9906,174.275,173.983,174.7137,4920
2024-01-01 01:51:24,174.7137,174.8895,174.4902,175.0477,5156
2024-01-01 01:51:25,175.0477,175.1985,174.9013,175.2663,6655
2024-01-01 01:51:26,175.2663,175.6919,175.2413,176.0018,2448
2024-01-01 01:51:27,176.0018,176.2215,175.6973,175.5779,4103
2024-01-01 01:51:28,175.5779,175.7173,175.1536,175.9608,8900
2024-01-01 01:51:29,175.9608,176.0033,175.942,175.9019,4613
2024-01-01 01:51:30,175.9019,176.3307,175.792,175.4554,9076
2024-01-01 01:51:31,175.4554,175.7571,175.2859,175.3172,1439
2024-01-01 01:51:32,175.3172,175.5754,174.6625,175.4806,5971
2024-01-01 01:51:33,175.4806,175.6859,175.3781,175.4784,7258
2024-01-01 01:51:34,175.4784,175.4824,175.1868,175.6995,4798
2024-01-01 01:51:35,175.6995,175.7281,175.2767,176.0906,6255
2024-01-01 01:51:36,176.0906,176.4069,175.9521,176.2301,8430
2024-01-01 01:51:37,176.2301,176.2568,175.9262,176.141,8615
2024-01-01 01:51:38,176.141,176.3808,175.8651,176.4963,4677
2024-01-01 01:51:39,176.4963,176.7603,175.8315,176.6805,8455
2024-01-01 01:51:40,176.6805,177.0793,176.6676,176.3488,8740
2024-01-01 01:51:41,176.3488,176.3547,176.2584,176.5519,4699
2024-01-01 01:51:42,176.5519,176.9063,176.0577,176.8434,8392
2024-01-01 01:51:43,176.8434,177.0949,176.4077,177.2949,9189
2024-01-01 01:51:44,177.2949,177.4375,177.194,177.606,1005
2024-01-01 01:51:45,177.606,177.6845,177.3754,177.4229,9738
2024-01-01 01:51:46,177.4229,177.7321,177.1625,177.8426,4558
2024-01-01 01:51:47,177.8426,178.0506,177.5311,176.4805,6643
2024-01-01 01:51:48,176.4805,176.8657,176.3801,175.7333,1843
2024-01-01 01:51:49,175.7333,176.2342,175.5878,175.4874,6896
2024-01-01 01:51:50,175.4874,175.9224,175.3841,175.8154,2922
2024-01-01 01:51:51,175.8154,175.8922,175.7557,176.3583,8744
2024-01-01 01:51:52,176.3583,176.7463,176.0677,175.5542,6752
2024-01-01 01:51:53,175.5542,175.8449,175.3904,176.1245,9384
2024-01-01 01:51:54,176.1245,176.2565,175.8965,175.6186,4442
2024-01-01 01:51:55,175.6186,175.6963,175.3575,176.2745,1405
2024-01-01 01:51:56,176.2745,176.6691,176.0949,176.3085,7229
2024-01-01 01:51:57,176.3085,176.582,176.2591,176.0645,7829
2024-01-01 01:51:58,176.0645,176.0874,175.9844,176.5965,3981
2024-01-01 01:51:59,176.5965,177.2534,176.2469,175.7997,7680
2024-01-01 01:52:00,175.7997,175.9495,175.324,176.3511,8804
2024-01-01 01:52:01,176.3511,176.8521,176.2432,175.987,8255
2024-01-01 01:52:02,175.987,176.4096,175.7174,176.7675,1669
2024-01-01 01:52:03,176.7675,176.7763,176.5644,176.9486,7656
2024-01-01 01:52:04,176.9486,177.1164,176.7612,177.1674,8275
2024-01-01 01:52:05,177.1674,177.6439,176.944,177.2302,1903
2024-01-01 01:52:06,177.2302,177.3977,177.0768,178.0266,7872
2024-01-01 01:52:07,178.0266,178.2333,177.6369,178.0079,1532
2024-01-01 01:52:08,178.0079,178.4404,177.9039,176.92,4304
2024-01-01 01:52:09,176.92,177.021,176.7517,176.6712,4962
2024-01-01 01:52:10,176.6712,176.7246,176.1587,176.9344,5132
2024-01-01 01:52:11,176.9344,176.9464,176.8714,176.1641,7572
2024-01-01 01:52:12,176.1641,176.7431,175.7898,176.5773,7190
2024-01-01 01:52:13,176.5773,177.3203,176.2502,175.5151,4712
2024-01-01 01:52:14,175.5151,175.5335,175.1816,175.5006,4124
2024-01-01 01:52:15,175.5006,175.7023,175.1872,175.0291,7419
2024-01-01 01:52:16,175.0291,175.1771,174.9735,174.9071,6630
2024-01-01 01:52:17,174.9071,174.9297,174.432,175.1617,1795
2024-01-01 01:52:18,175.1617,175.2224,174.9481,175.6422,6510
2024-01-01 01:52:19,175.6422,175.7217,175.309,175.5018,6581
2024-01-01 01:52:20,175.5018,175.651,175.0598,175.509,9524
2024-01-01 01:52:21,175.509,175.5569,175.2834,175.1121,6932
2024-01-01 01:52:22,175.1121,175.3215,174.7762,174.8583,6308
2024-01-01 01:52:23,174.8583,174.8632,174.5333,175.5631,5959
2024-01-01 01:52:24,175.5631,175.6156,175.4557,176.0317,7951
2024-01-01 01:52:25,176.0317,176.4376,175.898,175.4889,8317
2024-01-01 01:52:26,175.4889,175.5084,175.3974,175.3756,3130
2024-01-01 01:52:27,175.3756,175.4865,175.1774,175.702,2231
2024-01-01 01:52:28,175.702,175.7414,175.3647,175.8164,6341
2024-01-01 01:52:29,175.8164,176.5367,175.5303,175.4044,4421
2024-01-01 01:52:30,175.4044,175.5603,175.2077,176.2289,8732
2024-01-01 01:52:31,176.2289,176.7046,176.02,175.699,3612
2024-01-01 01:52:32,175.699,175.8746,175.5429,176.2288,2249
2024-01-01 01:52:33,176.2288,176.2306,176.0532,177.0838,6074
2024-01-01 01:52:34,177.0838,177.304,176.8285,176.2695,8764
2024-01-01 01:52:35,176.2695,176.6093,176.0706,177.0876,6074
2024-01-01 01:52:36,177.0876,177.3885,177.0382,176.9232,9878
2024-01-01 01:52:37,176.9232,176.9556,176.9111,177.7642,1073
2024-01-01 01:52:38,177.7642,177.7789,177.4094,177.965,6115
2024-01-01 01:52:39,177.965,178.0293,177.8614,178.1221,1347
2024-01-01 01:52:40,178.1221,178.2631,177.9772,178.2994,2347
2024-01-01 01:52:41,178.2994,178.3578,177.9566,177.4999,5875
2024-01-01 01:52:42,177.4999,177.6775,177.204,177.2337,3252
2024-01-01 01:52:43,177.2337,177.4854,176.845,177.5999,1910
2024-01-01 01:52:44,177.5999,177.7746,177.0738,177.8681,6235
2024-01-01 01:52:45,177.8681,177.9016,177.8219,178.3863,2600
2024-01-01 01:52:46,178.3863,178.6275,178.2482,178.0723,5518
2024-01-01 01:52:47,178.0723,178.1185,177.9872,177.5788,7524
2024-01-01 01:52:48,177.5788,177.7054,177.5522,178.1601,9894
2024-01-01 01:52:49,178.1601,178.6538,177.9353,177.7467,4304
2024-01-01 01:52:50,177.7467,177.8128,177.3972,179.0515,4897
2024-01-01 01:52:51,179.0515,179.1301,178.8574,179.0233,9763
2024-01-01 01:52:52,179.0233,179.0653,178.9006,179.004,5253
2024-01-01 01:52:53,179.004,179.428,178.2928,179.069,3515
2024-01-01 01:52:54,179.069,179.3703,178.63,179.1353,9708
2024-01-01 01:52:55,179.1353,179.3916,178.7438,179.5109,8541
2024-01-01 01:52:56,179.5109,179.5234,179.444,179.9869,9132
2024-01-01 01:52:57,179.9869,180.4364,179.6183,179.351,8919
2024-01-01 01:52:58,179.351,179.4132,179.2702,179.2934,3141
2024-01-01 01:52:59,179.2934,179.8517,179.1265,179.4352,3535
2024-01-01 01:53:00,179.4352,179.5825,179.2843,178.6751,3447
2024-01-01 01:53:01,178.6751,178.9971,178.6127,178.9308,1061
2024-01-01 01:53:02,178.9308,179.2733,178.633,179.2509,6578
2024-01-01 01:53:03,179.2509,179.6531,179.2369,178.5766,2689
2024-01-01 01:53:04,178.5766,179.2218,178.3807,177.8589,6287
2024-01-01 01:53:05,177.8589,177.9036,177.7471,177.504,4457
2024-01-01 01:53:06,177.504,177.9134,177.1515,177.7356,1317
2024-01-01 01:53:07,177.7356,178.0127,177.5449,178.0746,8528
2024-01-01 01:53:08,178.0746,178.6364,177.3041,177.7527,4006
2024-01-01 01:53:09,177.7527,177.9187,177.2311,177.7117,4903
2024-01-01 01:53:10,177.7117,177.7993,177.4337,177.4569,9472
2024-01-01 01:53:11,177.4569,177.6543,177.3574,177.952,2148
2024-01-01 01:53:12,177.952,178.3444,177.2002,178.2708,8697
2024-01-01 01:53:13,178.2708,178.3016,178.053,177.8851,8114
2024-01-01 01:53:14,177.8851,178.2073,177.649,177.741,5867
2024-01-01 01:53:15,177.741,177.8334,177.502,178.4768,6613
2024-01-01 01:53:16,178.4768,178.7996,178.1356,178.9215,7166
2024-01-01 01:53:17,178.9215,179.0153,178.8108,179.0582,7653
2024-01-01 01:53:18,179.0582,179.6439,178.9965,179.0747,1704
2024-01-01 01:53:19,179.0747,179.2851,178.7186,179.6704,1768
2024-01-01 01:53:20,179.6704,179.8846,179.2808,179.6994,5863
2024-01-01 01:53:21,179.6994,179.9382,179.4595,179.3843,7860
2024-01-01 01:53:22,179.3843,179.4864,179.3139,180.0651,1155
2024-01-01 01:53:23,180.0651,180.3164,179.8791,179.4283,6805
2024-01-01 01:53:24,179.4283,179.4649,178.9991,178.8615,7643
2024-01-01 01:53:25,178.8615,179.2459,178.5092,179.5992,3267
2024-01-01 01:53:26,179.5992,179.7654,179.555,179.8731,7759
2024-01-01 01:53:27,179.8731,179.9164,179.66,179.9798,2384
2024-01-01 01:53:28,179.9798,180.2122,179.5874,179.9004,2642
2024-01-01 01:53:29,179.9004,179.974,179.7472,178.714,4960
2024-01-01 01:53:30,178.714,179.0123,178.7114,179.3248,3986
2024-01-01 01:53:31,179.3248,179.8493,178.9232,179.0056,5237
2024-01-01 01:53:32,179.0056,179.0383,178.3079,178.0041,1208
2024-01-01 01:53:33,178.0041,178.312,177.7105,178.6329,9547
2024-01-01 01:53:34,178.6329,179.3012,178.5715,178.5213,6406
2024-01-01 01:53:35,178.5213,179.1886,177.9634,178.1865,5471
2024-01-01 01:53:36,178.1865,178.2683,177.9824,177.7813,4970
2024-01-01 01:53:37,177.7813,178.1693,177.1164,178.302,6292
2024-01-01 01:53:38,178.302,178.6064,178.0099,177.737,8809
2024-01-01 01:53:39,177.737,177.7734,177.618,177.4349,6782
2024-01-01 01:53:40,177.4349,177.8383,177.3903,177.4383,3679
2024-01-01 01:53:41,177.4383,177.4557,177.1032,177.1462,4871
2024-01-01 01:53:42,177.1462,177.1713,177.1146,177.0864,1260
2024-01-01 01:53:43,177.0864,177.5035,176.875,176.8134,1910
2024-01-01 01:53:44,176.8134,177.0513,176.3138,175.9378,6107
2024-01-01 01:53:45,175.9378,176.0416,175.6258,176.4916,9009
2024-01-01 01:53:46,176.4916,176.9823,176.3861,176.4946,1860
2024-01-01 01:53:47,176.4946,176.549,176.2554,176.8403,5072
2024-01-01 01:53:48,176.8403,177.135,176.4485,177.3318,2002
2024-01-01 01:53:49,177.3318,177.3629,177.0088,176.8655,6958
2024-01-01 01:53:50,176.8655,177.0849,176.4879,177.0141,6009
2024-01-01 01:53:51,177.0141,177.4521,176.8897,176.7136,7557
2024-01-01 01:53:52,176.7136,176.8399,176.4153,176.3701,4001
2024-01-01 01:53:53,176.3701,176.4874,175.9269,175.7181,3859
2024-01-01 01:53:54,175.7181,175.7503,175.661,175.0815,5065
2024-01-01 01:53:55,175.0815,175.3432,174.5852,175.6255,2615
2024-01-01 01:53:56,175.6255,175.7672,175.4256,175.9181,6576
2024-01-01 01:53:57,175.9181,175.9239,175.2769,175.7721,4411
2024-01-01 01:53:58,175.7721,176.0449,175.6492,177.1574,3928
2024-01-01 01:53:59,177.1574,177.448,176.7438,177.2649,5153
2024-01-01 01:54:00,177.2649,177.3177,176.9304,177.9086,8514
2024-01-01 01:54:01,177.9086,178.0314,177.7222,178.4709,6682
2024-01-01 01:54:02,178.4709,178.6564,178.3453,179.5395,3163
2024-01-01 01:54:03,179.5395,179.7964,179.048,179.692,8986
2024-01-01 01:54:04,179.692,179.9686,179.4619,179.5696,9169
2024-01-01 01:54:05,179.5696,179.9461,179.4363,180.0545,5370
2024-01-01 01:54:06,180.0545,180.401,180.0293,179.5392,5901
2024-01-01 01:54:07,179.5392,179.8222,179.4399,179.8235,2166
2024-01-01 01:54:08,179.8235,180.0217,179.6236,180.4363,2435
2024-01-01 01:54:09,180.4363,180.5841,180.2757,180.7853,1583
2024-01-01 01:54:10,180.7853,180.9707,180.6686,181.5859,5087
2024-01-01 01:54:11,181.5859,181.7998,181.148,181.6856,6656
2024-01-01 01:54:12,181.6856,181.8442,181.664,182.0664,6080
2024-01-01 01:54:13,182.0664,182.2422,181.9187,181.259,2120
2024-01-01 01:54:14,181.259,181.6674,180.9044,180.5011,6145
2024-01-01 01:54:15,180.5011,180.9609,179.9304,180.9905,7427
2024-01-01 01:54:16,180.9905,181.0802,180.5806,180.6608,3153
2024-01-01 01:54:17,180.6608,180.9665,180.6235,180.4798,1285
2024-01-01 01:54:18,180.4798,180.7487,180.4747,180.7638,2219
2024-01-01 01:54:19,180.7638,181.0527,180.2277,180.4956,6974
2024-01-01 01:54:20,180.4956,180.795,180.4831,181.1126,1012
2024-01-01 01:54:21,181.1126,181.7989,180.9281,181.3772,6122
2024-01-01 01:54:22,181.3772,181.4219,181.2254,181.6564,7314
2024-01-01 01:54:23,181.6564,181.9391,181.6547,182.2473,7881
2024-01-01 01:54:24,182.2473,182.4358,182.0752,181.7891,4535
2024-01-01 01:54:25,181.7891,181.8998,181.4949,181.9406,9276
2024-01-01 01:54:26,181.9406,182.074,181.853,182.7626,5661
2024-01-01 01:54:27,182.7626,182.7925,182.4521,182.7981,2573
2024-01-01 01:54:28,182.7981,183.1931,182.5181,183.2738,9412
2024-01-01 01:54:29,183.2738,183.6523,183.2152,182.9352,9813
2024-01-01 01:54:30,182.9352,182.9818,182.7409,182.8191,2877
2024-01-01 01:54:31,182.8191,182.9879,182.672,181.8062,9568
2024-01-01 01:54:32,181.8062,182.32,181.4399,182.7914,6772
2024-01-01 01:54:33,182.7914,183.261,182.4991,182.8955,6787
2024-01-01 01:54:34,182.8955,183.1806,182.6282,183.9495,1576
2024-01-01 01:54:35,183.9495,184.1058,183.7002,184.0812,7557
2024-01-01 01:54:36,184.0812,184.4526,183.8983,184.1152,9585
2024-01-01 01:54:37,184.1152,184.4499,184.042,184.5976,3557
2024-01-01 01:54:38,184.5976,184.7684,184.1698,184.5331,2839
2024-01-01 01:54:39,184.5331,184.8669,183.8957,184.5411,5757
2024-01-01 01:54:40,184.5411,184.6787,184.2714,183.8721,5632
2024-01-01 01:54:41,183.8721,184.2312,183.8319,183.9932,1471
2024-01-01 01:54:42,183.9932,184.0468,183.9455,184.336,9526
2024-01-01 01:54:43,184.336,184.3615,183.9395,183.6604,7082
2024-01-01 01:54:44,183.6604,183.7996,183.2544,183.9663,4349
2024-01-01 01:54:45,183.9663,184.5039,183.6329,183.8676,5263
2024-01-01 01:54:46,183.8676,184.0199,183.555,183.5702,9631
2024-01-01 01:54:47,183.5702,183.8809,183.5406,183.6878,7104
2024-01-01 01:54:48,183.6878,183.8482,183.6366,184.2712,2376
2024-01-01 01:54:49,184.2712,184.5212,184.1438,183.2171,1744
2024-01-01 01:54:50,183.2171,183.5474,183.0152,182.8113,5975
2024-01-01 01:54:51,182.8113,182.8146,182.3114,183.1908,9253
2024-01-01 01:54:52,183.1908,183.3178,182.8201,183.8592,3401
2024-01-01 01:54:53,183.8592,183.9358,183.8514,184.1088,6726
2024-01-01 01:54:54,184.1088,184.2487,183.6533,182.855,4504
2024-01-01 01:54:55,182.855,182.8757,182.5177,183.2209,8812
2024-01-01 01:54:56,183.2209,183.2459,183.1601,182.8511,9112
2024-01-01 01:54:57,182.8511,182.9826,182.5336,182.6459,3635
2024-01-01 01:54:58,182.6459,182.767,182.5749,182.7734,3518
2024-01-01 01:54:59,182.7734,182.9132,182.7623,183.3332,5302
2024-01-01 01:55:00,183.3332,183.4741,182.9417,183.1939,6521
2024-01-01 01:55:01,183.1939,183.3842,182.7976,183.8468,6604
2024-01-01 01:55:02,183.8468,184.7473,183.3518,183.4027,1597
2024-01-01 01:55:03,183.4027,183.6038,183.0587,183.3649,4420
2024-01-01 01:55:04,183.3649,183.5105,183.215,182.8323,9355
2024-01-01 01:55:05,182.8323,183.0883,182.7972,182.5625,2595
2024-01-01 01:55:06,182.5625,182.5933,182.4082,182.4992,5075
2024-01-01 01:55:07,182.4992,183.0085,182.4148,181.6788,1973
2024-01-01 01:55:08,181.6788,181.7468,181.6125,182.3278,6033
2024-01-01 01:55:09,182.3278,182.4858,182.1823,182.7466,1290
2024-01-01 01:55:10,182.7466,182.7887,182.6903,181.4,7762
2024-01-01 01:55:11,181.4,181.4936,181.1803,181.9282,7348
2024-01-01 01:55:12,181.9282,182.2694,181.8293,182.3273,9550
2024-01-01 01:55:13,182.3273,182.5574,182.1473,181.8853,3380
2024-01-01 01:55:14,181.8853,182.1667,181.7428,181.6006,1068
2024-01-01 01:55:15,181.6006,181.7152,181.4041,182.0506,3124
2024-01-01 01:55:16,182.0506,182.7853,181.7649,182.2488,8669
2024-01-01 01:55:17,182.2488,182.8044,182.0745,182.3677,2672
2024-01-01 01:55:18,182.3677,182.4791,182.105,182.4488,1712
2024-01-01 01:55:19,182.4488,182.5129,182.325,182.9212,9463
2024-01-01 01:55:20,182.9212,183.0669,182.5193,183.0996,1196
2024-01-01 01:55:21,183.0996,183.2602,182.835,182.3108,8067
2024-01-01 01:55:22,182.3108,182.4119,182.169,182.9127,3082
2024-01-01 01:55:23,182.9127,183.2925,182.8835,183.1205,5512
2024-01-01 01:55:24,183.1205,183.1571,182.8661,182.4331,4173
2024-01-01 01:55:25,182.4331,182.6637,182.2992,182.187,8760
2024-01-01 01:55:26,182.187,182.3547,181.6671,181.8451,5617
2024-01-01 01:55:27,181.8451,181.9018,181.6803,181.5536,3371
2024-01-01 01:55:28,181.5536,182.2499,181.4949,182.2893,9793
2024-01-01 01:55:29,182.2893,182.5775,182.2071,182.0225,2155
2024-01-01 01:55:30,182.0225,182.3561,181.7762,182.0424,1680
2024-01-01 01:55:31,182.0424,182.0598,181.9263,182.1423,2800
2024-01-01 01:55:32,182.1423,182.1816,181.8822,182.2507,2995
2024-01-01 01:55:33,182.2507,182.7139,181.9964,182.8674,5072
2024-01-01 01:55:34,182.8674,183.1365,182.8178,182.6191,8441
2024-01-01 01:55:35,182.6191,183.0981,182.3962,182.6937,9214
2024-01-01 01:55:36,182.6937,182.8986,182.4259,181.9418,3051
2024-01-01 01:55:37,181.9418,182.0015,181.3636,181.1397,7199
2024-01-01 01:55:38,181.1397,181.2616,180.9807,181.8629,8965
2024-01-01 01:55:39,181.8629,182.183,181.6575,182.1958,4463
2024-01-01 01:55:40,182.1958,182.9617,182.1734,181.8726,2527
2024-01-01 01:55:41,181.8726,181.9092,181.7645,182.0713,2698
2024-01-01 01:55:42,182.0713,182.4515,181.811,182.8289,6112
2024-01-01 01:55:43,182.8289,183.6854,182.7766,182.2689,2407
2024-01-01 01:55:44,182.2689,182.4748,182.2099,182.1512,1036
2024-01-01 01:55:45,182.1512,182.2715,181.8458,182.379,9230
2024-01-01 01:55:46,182.379,182.391,182.3618,182.3622,7330
2024-01-01 01:55:47,182.3622,182.6027,182.2894,181.4761,9246
2024-01-01 01:55:48,181.4761,181.5292,181.3364,181.1419,6794
2024-01-01 01:55:49,181.1419,181.1661,180.8447,181.174,6156
2024-01-01 01:55:50,181.174,181.2929,181.0201,179.9809,8739
2024-01-01 01:55:51,179.9809,180.4108,179.6701,180.3457,8454
2024-01-01 01:55:52,180.3457,180.4155,180.138,180.3278,8368
2024-01-01 01:55:53,180.3278,180.3683,179.9134,181.8674,9605
2024-01-01 01:55:54,181.8674,181.9942,181.8151,181.2202,4747
2024-01-01 01:55:55,181.2202,181.8414,180.7269,181.8993,5733
2024-01-01 01:55:56,181.8993,182.1919,181.69,182.6791,1070
2024-01-01 01:55:57,182.6791,182.7068,182.6311,182.9177,3749
2024-01-01 01:55:58,182.9177,183.1606,182.4969,182.1028,1745
2024-01-01 01:55:59,182.1028,182.4965,181.5439,183.0606,7497
2024-01-01 01:56:00,183.0606,183.5162,182.9925,183.1015,9746
2024-01-01 01:56:01,183.1015,183.4462,182.8425,183.1278,5838
2024-01-01 01:56:02,183.1278,183.2016,182.9959,182.9419,7365
2024-01-01 01:56:03,182.9419,182.9984,182.9157,183.3934,5602
2024-01-01 01:56:04,183.3934,183.6608,183.0651,182.251,7202
2024-01-01 01:56:05,182.251,182.3175,181.8296,182.6485,9500
2024-01-01 01:56:06,182.6485,182.842,182.3137,182.147,5037
2024-01-01 01:56:07,182.147,182.2649,182.0672,182.088,1877
2024-01-01 01:56:08,182.088,182.245,181.5957,182.5737,8282
2024-01-01 01:56:09,182.5737,183.3201,182.5092,182.7381,4635
2024-01-01 01:56:10,182.7381,182.9521,182.4008,182.4919,4309
2024-01-01 01:56:11,182.4919,182.7734,181.8511,182.1224,8276
2024-01-01 01:56:12,182.1224,182.1477,181.8792,181.8839,7932
2024-01-01 01:56:13,181.8839,182.3483,181.0654,181.5265,5555
2024-01-01 01:56:14,181.5265,181.6486,181.3207,181.2988,2411
2024-01-01 01:56:15,181.2988,181.8131,181.1129,181.5251,6475
2024-01-01 01:56:16,181.5251,181.7805,181.4851,181.8311,9503
2024-01-01 01:56:17,181.8311,181.9577,181.4655,182.1886,7670
2024-01-01 01:56:18,182.1886,182.2533,182.0634,183.3233,2784
2024-01-01 01:56:19,183.3233,183.7724,183.2667,183.5346,4458
2024-01-01 01:56:20,183.5346,183.8151,183.0232,183.4662,1907
2024-01-01 01:56:21,183.4662,183.6393,183.0377,182.9015,3950
2024-01-01 01:56:22,182.9015,183.1038,182.6253,182.5204,2829
2024-01-01 01:56:23,182.5204,182.9192,182.4106,183.1711,8477
2024-01-01 01:56:24,183.1711,184.1339,183.0898,183.3191,5971
2024-01-01 01:56:25,183.3191,183.3578,182.8587,183.9525,3535
2024-01-01 01:56:26,183.9525,184.2997,183.835,183.8681,4212
2024-01-01 01:56:27,183.8681,184.0137,183.3395,182.7346,6717
2024-01-01 01:56:28,182.7346,182.9748,182.523,183.0096,3513
2024-01-01 01:56:29,183.0096,183.3021,182.681,183.6553,7357
2024-01-01 01:56:30,183.6553,183.8012,183.6471,182.9582,4955
2024-01-01 01:56:31,182.9582,182.9877,182.7595,183.1596,3037
2024-01-01 01:56:32,183.1596,183.3711,182.9092,183.6115,1546
2024-01-01 01:56:33,183.6115,183.8706,183.4904,183.2708,2659
2024-01-01 01:56:34,183.2708,183.301,183.0974,182.9137,2940
2024-01-01 01:56:35,182.9137,183.0255,182.8098,183.5335,3232
2024-01-01 01:56:36,183.5335,183.7877,183.3892,183.2684,4079
2024-01-01 01:56:37,183.2684,183.5331,183.1528,182.6771,5308
2024-01-01 01:56:38,182.6771,182.8659,182.5198,182.281,8337
2024-01-01 01:56:39,182.281,182.9865,182.2117,181.7204,6368
2024-01-01 01:56:40,181.7204,181.7432,181.4354,181.6887,4888
2024-01-01 01:56:41,181.6887,181.6892,181.5289,181.2073,2622
2024-01-01 01:56:42,181.2073,182.0694,180.8093,180.9732,3472
2024-01-01 01:56:43,180.9732,181.0741,180.8545,181.4711,1897
2024-01-01 01:56:44,181.4711,181.8383,181.07,181.1383,1116
2024-01-01 01:56:45,181.1383,181.2555,181.1019,182.4229,2820
2024-01-01 01:56:46,182.4229,182.8563,182.1917,182.0092,2209
2024-01-01 01:56:47,182.0092,182.5093,181.7146,182.2312,8531
2024-01-01 01:56:48,182.2312,182.448,182.2235,182.3677,9425
2024-01-01 01:56:49,182.3677,183.0018,182.0092,183.2265,4784
2024-01-01 01:56:50,183.2265,183.2299,183.0719,183.9736,4165
2024-01-01 01:56:51,183.9736,184.2237,183.9245,183.8789,7151
2024-01-01 01:56:52,183.8789,184.244,183.8383,184.2245,7633
2024-01-01 01:56:53,184.2245,184.4211,184.1972,183.4658,4572
2024-01-01 01:56:54,183.4658,183.5705,183.4537,183.816,8638
2024-01-01 01:56:55,183.816,184.0293,183.7447,184.0735,7761
2024-01-01 01:56:56,184.0735,184.6307,183.6006,184.8039,2150
2024-01-01 01:56:57,184.8039,184.9266,184.7076,184.6506,2176
2024-01-01 01:56:58,184.6506,185.0159,184.5427,184.7357,7728
2024-01-01 01:56:59,184.7357,184.764,184.6152,184.9428,7514
2024-01-01 01:57:00,184.9428,185.0802,184.623,185.054,4659
2024-01-01 01:57:01,185.054,185.1366,184.9003,185.5274,7774
2024-01-01 01:57:02,185.5274,185.6762,185.2424,185.509,7939
2024-01-01 01:57:03,185.509,185.7707,185.4979,185.017,2083
2024-01-01 01:57:04,185.017,185.1893,184.9315,184.5396,3414
2024-01-01 01:57:05,184.5396,184.6004,184.1506,185.4806,2109
2024-01-01 01:57:06,185.4806,185.9558,185.0316,185.2932,3292
2024-01-01 01:57:07,185.2932,185.3817,184.9334,184.1368,7591
2024-01-01 01:57:08,184.1368,184.7583,183.8511,184.5101,4938
2024-01-01 01:57:09,184.5101,184.736,184.4538,185.4418,6257
2024-01-01 01:57:10,185.4418,185.5906,185.3673,185.6118,7790
2024-01-01 01:57:11,185.6118,185.6287,185.3806,185.9065,9523
2024-01-01 01:57:12,185.9065,186.6598,185.7485,185.6799,8032
2024-01-01 01:57:13,185.6799,185.7309,185.1974,184.8939,8127
2024-01-01 01:57:14,184.8939,184.9218,184.806,183.8809,4646
2024-01-01 01:57:15,183.8809,183.9386,183.5701,183.7498,1398
2024-01-01 01:57:16,183.7498,183.9725,183.5985,183.2713,2395
2024-01-01 01:57:17,183.2713,183.413,183.0508,183.803,6697
2024-01-01 01:57:18,183.803,184.048,183.6263,183.1926,7367
2024-01-01 01:57:19,183.1926,183.2501,183.0207,182.3863,8888
2024-01-01 01:57:20,182.3863,182.5184,181.7442,181.2573,2605
2024-01-01 01:57:21,181.2573,181.2776,181.2077,181.6209,5365
2024-01-01 01:57:22,181.6209,181.8305,181.4748,182.8102,3925
2024-01-01 01:57:23,182.8102,183.4013,182.2978,182.8599,7476
2024-01-01 01:57:24,182.8599,183.0668,182.7288,182.8049,2187
2024-01-01 01:57:25,182.8049,182.8389,182.7973,183.3595,6234
2024-01-01 01:57:26,183.3595,183.7047,183.0426,182.97,4725
2024-01-01 01:57:27,182.97,183.1117,182.1876,182.7304,4204
2024-01-01 01:57:28,182.7304,182.8991,182.3368,182.3518,6673
2024-01-01 01:57:29,182.3518,183.0502,182.0367,182.3978,3392
2024-01-01 01:57:30,182.3978,182.7264,182.3494,182.3811,8855
2024-01-01 01:57:31,182.3811,182.7828,181.5877,182.2032,8471
2024-01-01 01:57:32,182.2032,182.2383,181.52,182.9883,7438
2024-01-01 01:57:33,182.9883,183.3112,182.9007,183.5622,8062
2024-01-01 01:57:34,183.5622,183.6701,183.3262,183.7968,3627
2024-01-01 01:57:35,183.7968,183.8175,183.7249,183.6637,1236
2024-01-01 01:57:36,183.6637,183.7396,183.59,183.2073,9325
2024-01-01 01:57:37,183.2073,183.3304,182.8329,183.1726,3721
2024-01-01 01:57:38,183.1726,183.8676,182.8377,182.0611,4656
2024-01-01 01:57:39,182.0611,182.6174,181.924,181.8457,3806
2024-01-01 01:57:40,181.8457,181.9266,181.3771,181.8889,9597
2024-01-01 01:57:41,181.8889,181.9428,181.7128,182.0292,8231
2024-01-01 01:57:42,182.0292,182.3431,181.6225,182.0969,9925
2024-01-01 01:57:43,182.0969,182.2083,181.9414,182.9921,8732
2024-01-01 01:57:44,182.9921,183.0734,182.9313,183.1135,5832
2024-01-01 01:57:45,183.1135,183.3327,182.8561,183.147,2136
2024-01-01 01:57:46,183.147,183.3311,182.6835,182.4148,4429
2024-01-01 01:57:47,182.4148,182.5982,182.2213,182.4631,3572
2024-01-01 01:57:48,182.4631,182.8061,182.3836,181.8894,1319
2024-01-01 01:57:49,181.8894,182.1726,181.8567,182.0636,2323
2024-01-01 01:57:50,182.0636,182.0935,181.9405,182.3055,5193
2024-01-01 01:57:51,182.3055,182.3447,182.1529,182.8918,3833
2024-01-01 01:57:52,182.8918,182.9823,182.8808,182.9326,8402
2024-01-01 01:57:53,182.9326,183.0802,182.766,183.0037,1627
2024-01-01 01:57:54,183.0037,183.363,182.9476,183.4188,4119
2024-01-01 01:57:55,183.4188,183.6387,183.0209,184.1949,5499
2024-01-01 01:57:56,184.1949,184.5085,184.0577,184.3739,8122
2024-01-01 01:57:57,184.3739,184.3921,184.2092,183.7617,1493
2024-01-01 01:57:58,183.7617,183.8716,183.5017,183.9221,3031
2024-01-01 01:57:59,183.9221,184.49,183.6193,184.1764,7984
2024-01-01 01:58:00,184.1764,184.5462,183.7333,183.4522,1151
2024-01-01 01:58:01,183.4522,183.4569,182.8593,183.5871,5165
2024-01-01 01:58:02,183.5871,184.0559,183.5333,182.8172,2631
2024-01-01 01:58:03,182.8172,183.0332,182.7251,182.8555,8607
2024-01-01 01:58:04,182.8555,182.8678,182.7323,183.616,6427
2024-01-01 01:58:05,183.616,183.7462,183.5716,184.4735,2556
2024-01-01 01:58:06,184.4735,184.4897,184.2023,184.0526,3784
2024-01-01 01:58:07,184.0526,184.4493,184.0133,183.8037,5845
2024-01-01 01:58:08,183.8037,183.9639,183.78,184.192,7683
2024-01-01 01:58:09,184.192,184.8136,183.6421,184.2792,7810
2024-01-01 01:58:10,184.2792,184.557,184.1885,184.9273,3661
2024-01-01 01:58:11,184.9273,185.0022,184.6475,185.3484,5006
2024-01-01 01:58:12,185.3484,185.4997,185.2464,185.2599,1786
2024-01-01 01:58:13,185.2599,185.5175,184.7494,184.6489,4163
2024-01-01 01:58:14,184.6489,184.6921,184.5047,185.3678,5440
2024-01-01 01:58:15,185.3678,185.4139,184.623,185.0918,6014
2024-01-01 01:58:16,185.0918,185.0977,184.6318,184.5827,4251
2024-01-01 01:58:17,184.5827,184.6592,184.5301,184.2703,2745
2024-01-01 01:58:18,184.2703,184.616,184.1794,185.2181,6232
2024-01-01 01:58:19,185.2181,185.5386,185.2049,184.3091,3974
2024-01-01 01:58:20,184.3091,184.4169,184.1317,183.5498,1661
2024-01-01 01:58:21,183.5498,183.7049,182.7065,183.4493,5527
2024-01-01 01:58:22,183.4493,183.4608,183.4319,183.3541,6877
2024-01-01 01:58:23,183.3541,183.4738,183.0034,183.7364,9314
2024-01-01 01:58:24,183.7364,183.7586,183.1747,184.5794,8074
2024-01-01 01:58:25,184.5794,185.1527,184.321,184.7526,6070
2024-01-01 01:58:26,184.7526,184.8936,184.2619,184.8757,7028
2024-01-01 01:58:27,184.8757,185.1338,184.8047,184.2064,5833
2024-01-01 01:58:28,184.2064,184.4483,184.1402,183.9532,6777
2024-01-01 01:58:29,183.9532,184.2522,183.8271,183.8486,8289
2024-01-01 01:58:30,183.8486,183.8591,183.7629,183.1652,4086
2024-01-01 01:58:31,183.1652,183.364,182.2823,182.9751,9982
2024-01-01 01:58:32,182.9751,183.4397,182.9569,183.1052,3339
2024-01-01 01:58:33,183.1052,183.3179,183.0243,182.5445,2705
2024-01-01 01:58:34,182.5445,182.7005,181.7511,182.9673,6843
2024-01-01 01:58:35,182.9673,183.3494,182.8894,182.5423,1638
2024-01-01 01:58:36,182.5423,182.6799,182.1422,182.6137,3750
2024-01-01 01:58:37,182.6137,182.8303,182.1416,183.5483,4300
2024-01-01 01:58:38,183.5483,183.7995,183.5305,183.1085,9421
2024-01-01 01:58:39,183.1085,183.2196,182.7953,182.9339,2152
2024-01-01 01:58:40,182.9339,183.1941,182.6147,183.3416,4723
2024-01-01 01:58:41,183.3416,184.2363,183.302,183.0588,9123
2024-01-01 01:58:42,183.0588,183.6941,183.029,182.8516,8850
2024-01-01 01:58:43,182.8516,183.378,182.5737,182.0233,3074
2024-01-01 01:58:44,182.0233,182.112,181.6057,181.3306,1796
2024-01-01 01:58:45,181.3306,181.8342,181.0214,180.9978,4609
2024-01-01 01:58:46,180.9978,181.4354,180.9907,181.179,6779
2024-01-01 01:58:47,181.179,181.3035,181.0658,180.1455,6988
2024-01-01 01:58:48,180.1455,180.9126,179.761,180.0156,7497
2024-01-01 01:58:49,180.0156,180.1564,180.0045,179.7581,5230
2024-01-01 01:58:50,179.7581,180.5389,179.3044,179.9721,1838
2024-01-01 01:58:51,179.9721,180.1241,179.3514,180.1291,1140
2024-01-01 01:58:52,180.1291,180.3964,179.8836,179.7838,5869
2024-01-01 01:58:53,179.7838,179.8354,179.5292,179.7929,5139
2024-01-01 01:58:54,179.7929,179.9817,179.2003,180.0867,8403
2024-01-01 01:58:55,180.0867,180.6212,179.7135,180.9071,3791
2024-01-01 01:58:56,180.9071,181.0688,180.4713,180.8966,5666
2024-01-01 01:58:57,180.8966,181.0394,180.6887,180.0157,8404
2024-01-01 01:58:58,180.0157,180.8492,179.7844,180.7833,5245
2024-01-01 01:58:59,180.7833,180.7846,180.3883,181.0986,9444
2024-01-01 01:59:00,181.0986,181.4976,180.8971,181.2725,1887
2024-01-01 01:59:01,181.2725,181.6704,181.1758,181.8889,8031
2024-01-01 01:59:02,181.8889,182.3339,181.409,181.2442,9140
2024-01-01 01:59:03,181.2442,181.4579,180.8547,181.5016,2180
2024-01-01 01:59:04,181.5016,181.7553,181.2912,181.0603,6023
2024-01-01 01:59:05,181.0603,181.2138,180.7485,181.0515,4449
2024-01-01 01:59:06,181.0515,181.1648,180.7894,181.5582,8634
2024-01-01 01:59:07,181.5582,181.8486,181.4946,180.7644,4167
2024-01-01 01:59:08,180.7644,180.8268,180.5197,180.7184,9758
2024-01-01 01:59:09,180.7184,180.798,180.3292,180.3033,3434
2024-01-01 01:59:10,180.3033,180.7464,180.0588,180.5917,4871
2024-01-01 01:59:11,180.5917,180.8452,180.4175,180.589,6571
2024-01-01 01:59:12,180.589,180.8669,180.5521,181.0245,4068
2024-01-01 01:59:13,181.0245,181.1069,180.5206,180.8892,3264
2024-01-01 01:59:14,180.8892,181.0837,180.7347,181.5747,8513
2024-01-01 01:59:15,181.5747,181.6098,181.1141,181.7808,6423
2024-01-01 01:59:16,181.7808,182.0098,181.5579,181.9288,1878
2024-01-01 01:59:17,181.9288,182.2268,181.198,182.0482,5025
2024-01-01 01:59:18,182.0482,182.3928,181.9094,181.9836,6402
2024-01-01 01:59:19,181.9836,182.2841,181.7227,182.8392,6848
2024-01-01 01:59:20,182.8392,183.093,181.9829,182.6594,3437
2024-01-01 01:59:21,182.6594,182.9599,182.5888,183.1084,8704
2024-01-01 01:59:22,183.1084,183.3057,182.8758,183.1053,6905
2024-01-01 01:59:23,183.1053,183.6006,182.8961,183.0423,7416
2024-01-01 01:59:24,183.0423,183.1563,182.8267,183.2685,2527
2024-01-01 01:59:25,183.2685,183.4317,183.2228,183.1492,1233
2024-01-01 01:59:26,183.1492,183.3713,182.8666,183.3931,3520
2024-01-01 01:59:27,183.3931,183.4764,183.2441,183.5879,9864
2024-01-01 01:59:28,183.5879,183.9411,183.3953,183.1551,5850
2024-01-01 01:59:29,183.1551,183.2346,182.7804,182.8032,6778
2024-01-01 01:59:30,182.8032,182.8313,182.7911,182.8037,6572
2024-01-01 01:59:31,182.8037,182.8886,182.7566,183.2837,7682
2024-01-01 01:59:32,183.2837,183.546,182.9316,183.3894,9829
2024-01-01 01:59:33,183.3894,183.7422,183.1132,183.4138,4545
2024-01-01 01:59:34,183.4138,183.5756,182.6728,183.4443,2011
2024-01-01 01:59:35,183.4443,183.4894,182.8874,184.2286,1579
2024-01-01 01:59:36,184.2286,184.2629,184.2171,184.5363,7177
2024-01-01 01:59:37,184.5363,184.6922,183.6939,184.1626,3328
2024-01-01 01:59:38,184.1626,184.2637,184.1119,184.6601,4010
2024-01-01 01:59:39,184.6601,184.888,184.3478,184.6198,7136
2024-01-01 01:59:40,184.6198,184.762,184.3507,185.3326,1608
2024-01-01 01:59:41,185.3326,185.9769,185.0376,185.6567,8573
2024-01-01 01:59:42,185.6567,185.728,185.2219,186.4471,3828
2024-01-01 01:59:43,186.4471,186.6455,186.3979,186.2424,4420
2024-01-01 01:59:44,186.2424,186.6549,185.8514,186.2301,3680
2024-01-01 01:59:45,186.2301,186.4811,186.076,186.4102,2210
2024-01-01 01:59:46,186.4102,186.4725,186.3748,186.099,4788
2024-01-01 01:59:47,186.099,186.4613,185.8749,186.858,2188
2024-01-01 01:59:48,186.858,187.0334,186.3985,186.8408,3403
2024-01-01 01:59:49,186.8408,187.2853,186.4613,186.419,4675
2024-01-01 01:59:50,186.419,186.4387,186.2744,186.6272,1911
2024-01-01 01:59:51,186.6272,186.7518,186.5339,187.0882,3380
2024-01-01 01:59:52,187.0882,187.1181,186.8598,186.3631,8438
2024-01-01 01:59:53,186.3631,186.4111,186.1063,186.5016,6310
2024-01-01 01:59:54,186.5016,186.5228,186.0955,185.8782,9970
2024-01-01 01:59:55,185.8782,185.9764,185.8346,185.3121,4170
2024-01-01 01:59:56,185.3121,185.6863,184.8537,185.7609,1422
2024-01-01 01:59:57,185.7609,186.5782,185.551,185.6714,3742
2024-01-01 01:59:58,185.6714,185.858,185.4362,185.094,7815
2024-01-01 01:59:59,185.094,185.1761,184.8198,185.2296,6309
2024-01-01 02:00:00,185.2296,185.7,185.1809,185.9004,7831
2024-01-01 02:00:01,185.9004,186.1328,185.3939,185.905,7989
2024-01-01 02:00:02,185.905,186.388,185.4753,186.8312,5211
2024-01-01 02:00:03,186.8312,187.8244,186.259,187.1149,3898
2024-01-01 02:00:04,187.1149,187.2753,186.6754,186.8887,8688
2024-01-01 02:00:05,186.8887,187.5409,186.8675,186.6501,5274
2024-01-01 02:00:06,186.6501,186.6524,186.516,186.6924,7825
2024-01-01 02:00:07,186.6924,186.8322,186.3857,186.0476,1866
2024-01-01 02:00:08,186.0476,186.0524,185.7497,186.26,8434
2024-01-01 02:00:09,186.26,186.4256,186.2102,185.922,6018
2024-01-01 02:00:10,185.922,186.2238,185.8761,186.2635,3402
2024-01-01 02:00:11,186.2635,186.6223,185.98,186.0038,2166
2024-01-01 02:00:12,186.0038,186.4897,185.9893,185.7819,1021
2024-01-01 02:00:13,185.7819,186.1091,185.2776,186.3178,2221
2024-01-01 02:00:14,186.3178,186.8839,186.0274,185.5904,7517
2024-01-01 02:00:15,185.5904,185.6326,185.5788,185.6931,4297
2024-01-01 02:00:16,185.6931,185.9512,185.5085,186.547,8732
2024-01-01 02:00:17,186.547,186.9334,186.4718,186.1691,7024
2024-01-01 02:00:18,186.1691,186.2954,185.9996,185.9858,3018
2024-01-01 02:00:19,185.9858,186.356,185.6386,185.8243,5300
2024-01-01 02:00:20,185.8243,186.1634,185.8029,186.3319,5424
2024-01-01 02:00:21,186.3319,186.5942,186.1808,186.8138,1295
2024-01-01 02:00:22,186.8138,187.0211,186.4353,187.4001,5287
2024-01-01 02:00:23,187.4001,187.7423,187.2741,187.3087,1045
2024-01-01 02:00:24,187.3087,187.372,186.9481,187.5366,7559
2024-01-01 02:00:25,187.5366,188.1757,187.4798,187.541,7013
2024-01-01 02:00:26,187.541,187.842,187.2551,187.8146,1898
2024-01-01 02:00:27,187.8146,188.0565,187.7705,187.1684,5669
2024-01-01 02:00:28,187.1684,187.4803,186.8916,187.2471,8252
2024-01-01 02:00:29,187.2471,187.5172,187.0583,187.1037,3484
2024-01-01 02:00:30,187.1037,187.3043,187.0173,186.8547,2103
2024-01-01 02:00:31,186.8547,187.4296,186.4818,186.9377,1008
2024-01-01 02:00:32,186.9377,187.0445,186.7977,187.4714,6932
2024-01-01 02:00:33,187.4714,187.6555,187.4386,186.9343,7098
2024-01-01 02:00:34,186.9343,187.0168,186.8517,187.3758,4762
2024-01-01 02:00:35,187.3758,187.4961,186.9775,187.9252,1536
2024-01-01 02:00:36,187.9252,188.3722,187.6219,189.2426,8711
2024-01-01 02:00:37,189.2426,189.5192,188.9268,190.1923,8755
2024-01-01 02:00:38,190.1923,190.5233,190.0366,190.126,6468
2024-01-01 02:00:39,190.126,190.5109,189.6607,189.4351,7918
2024-01-01 02:00:40,189.4351,189.9783,188.9384,189.0001,5168
2024-01-01 02:00:41,189.0001,189.0889,188.842,188.9363,3479
2024-01-01 02:00:42,188.9363,189.2381,188.567,188.376,3715
2024-01-01 02:00:43,188.376,188.4935,188.3327,187.8297,5656
2024-01-01 02:00:44,187.8297,188.1693,187.7695,188.4881,7002
2024-01-01 02:00:45,188.4881,189.023,188.1347,188.8911,4074
2024-01-01 02:00:46,188.8911,189.5955,188.3816,188.9772,8276
2024-01-01 02:00:47,188.9772,189.1084,188.4584,188.8878,7479
2024-01-01 02:00:48,188.8878,189.4025,188.7613,188.8423,9742
2024-01-01 02:00:49,188.8423,189.1798,188.544,188.3403,7172
2024-01-01 02:00:50,188.3403,188.3696,188.07,188.3456,2448
2024-01-01 02:00:51,188.3456,188.4646,188.0357,188.2591,1760
2024-01-01 02:00:52,188.2591,188.6053,188.0355,188.4463,9341
2024-01-01 02:00:53,188.4463,188.657,188.3325,188.1161,1571
2024-01-01 02:00:54,188.1161,188.1362,188.001,187.7731,7566
2024-01-01 02:00:55,187.7731,188.006,187.3436,187.362,6824
2024-01-01 02:00:56,187.362,187.4429,186.9521,186.9931,8155
2024-01-01 02:00:57,186.9931,187.0521,186.7687,187.1093,4989
2024-01-01 02:00:58,187.1093,187.8484,187.0972,186.5546,2909
2024-01-01 02:00:59,186.5546,187.2031,186.14,186.3149,9488
2024-01-01 02:01:00,186.3149,186.6471,185.9802,185.7821,7723
2024-01-01 02:01:01,185.7821,186.0638,185.2077,186.0481,6267
2024-01-01 02:01:02,186.0481,186.3638,185.798,185.2889,7751
2024-01-01 02:01:03,185.2889,185.617,184.9893,185.5058,1857
2024-01-01 02:01:04,185.5058,185.8055,185.357,185.736,9714
2024-01-01 02:01:05,185.736,186.2417,185.7096,185.0544,3559
2024-01-01 02:01:06,185.0544,185.5294,185.0289,185.6465,9115
2024-01-01 02:01:07,185.6465,185.7305,185.509,186.1055,6487
2024-01-01 02:01:08,186.1055,186.3076,185.8483,186.3553,9471
2024-01-01 02:01:09,186.3553,186.8246,185.8539,185.53,9979
2024-01-01 02:01:10,185.53,185.8893,185.4608,186.0543,5618
2024-01-01 02:01:11,186.0543,186.5013,185.9704,186.1953,9844
2024-01-01 02:01:12,186.1953,186.4467,186.0096,186.1153,5061
2024-01-01 02:01:13,186.1153,186.8105,185.8169,186.1249,8893
2024-01-01 02:01:14,186.1249,186.7862,185.7606,185.9222,3953
2024-01-01 02:01:15,185.9222,186.2003,185.768,184.5843,8504
2024-01-01 02:01:16,184.5843,184.8322,184.3561,184.7688,3360
2024-01-01 02:01:17,184.7688,185.231,184.3265,184.8856,7943
2024-01-01 02:01:18,184.8856,185.1243,184.2802,183.7579,9494
2024-01-01 02:01:19,183.7579,183.9538,183.4917,184.2494,9876
2024-01-01 02:01:20,184.2494,184.3598,184.1317,183.0752,9400
2024-01-01 02:01:21,183.0752,183.0917,182.7466,183.4286,5831
2024-01-01 02:01:22,183.4286,183.4746,182.7578,183.787,3231
2024-01-01 02:01:23,183.787,183.8562,183.3973,183.817,4490
2024-01-01 02:01:24,183.817,184.135,183.5494,182.9086,8126
2024-01-01 02:01:25,182.9086,183.0453,182.6084,182.9177,2048
2024-01-01 02:01:26,182.9177,182.9478,182.913,183.5757,9453
2024-01-01 02:01:27,183.5757,183.6918,183.4881,184.6391,5567
2024-01-01 02:01:28,184.6391,184.9476,184.5589,184.9722,4971
2024-01-01 02:01:29,184.9722,185.4385,184.7232,184.4175,6725
2024-01-01 02:01:30,184.4175,184.7901,184.1609,183.4771,7587
2024-01-01 02:01:31,183.4771,183.582,183.3565,183.678,4932
2024-01-01 02:01:32,183.678,183.7573,183.3644,183.7988,7863
2024-01-01 02:01:33,183.7988,183.9156,183.6021,183.599,1495
2024-01-01 02:01:34,183.599,184.1843,183.5347,184.4743,3138
2024-01-01 02:01:35,184.4743,185.1211,184.262,184.5543,4953
2024-01-01 02:01:36,184.5543,184.762,184.136,184.5585,9061
2024-01-01 02:01:37,184.5585,184.8412,184.4311,184.8346,3653
2024-01-01 02:01:38,184.8346,185.1583,184.6147,184.7166,2026
2024-01-01 02:01:39,184.7166,184.7601,184.5821,184.347,2253
2024-01-01 02:01:40,184.347,184.7968,183.7661,184.5409,8999
2024-01-01 02:01:41,184.5409,185.0609,184.4088,184.5924,7473
2024-01-01 02:01:42,184.5924,184.7245,184.3882,184.2135,9366
2024-01-01 02:01:43,184.2135,184.3621,183.9484,183.9019,4795
2024-01-01 02:01:44,183.9019,184.1139,183.8407,183.6326,1470
2024-01-01 02:01:45,183.6326,183.9317,183.1251,183.4559,9556
2024-01-01 02:01:46,183.4559,183.6029,182.8397,183.5788,9573
2024-01-01 02:01:47,183.5788,183.661,183.2966,183.1582,1679
2024-01-01 02:01:48,183.1582,183.2965,182.9296,183.5281,9617
2024-01-01 02:01:49,183.5281,183.5412,183.3421,183.4103,9216
2024-01-01 02:01:50,183.4103,184.0149,182.9183,184.6372,8356
2024-01-01 02:01:51,184.6372,184.8362,184.4582,183.3575,1728
2024-01-01 02:01:52,183.3575,183.8036,183.2604,183.3924,9853
2024-01-01 02:01:53,183.3924,184.0037,183.1702,183.1365,2493
2024-01-01 02:01:54,183.1365,183.6214,182.8907,183.3585,1274
2024-01-01 02:01:55,183.3585,183.4418,183.0502,184.0775,7252
2024-01-01 02:01:56,184.0775,184.1982,183.8508,182.692,8873
2024-01-01 02:01:57,182.692,182.8478,182.6466,183.0784,9873
2024-01-01 02:01:58,183.0784,183.5757,183.0131,182.823,8581
2024-01-01 02:01:59,182.823,182.8827,181.9773,183.0797,4984
2024-01-01 02:02:00,183.0797,183.3673,182.8002,183.43,4710
2024-01-01 02:02:01,183.43,183.5871,183.1491,183.1456,2310
2024-01-01 02:02:02,183.1456,183.1554,182.9913,183.2037,4635
2024-01-01 02:02:03,183.2037,183.2462,182.7809,183.7684,7033
2024-01-01 02:02:04,183.7684,183.8022,183.5933,183.3143,3114
2024-01-01 02:02:05,183.3143,183.6842,182.8601,183.4624,8420
2024-01-01 02:02:06,183.4624,183.4633,183.2384,182.6715,4489
2024-01-01 02:02:07,182.6715,182.8219,182.4334,182.7588,8697
2024-01-01 02:02:08,182.7588,183.4596,182.7244,182.9944,3073
2024-01-01 02:02:09,182.9944,183.1269,182.7526,182.646,8342
2024-01-01 02:02:10,182.646,182.6759,182.5118,182.7407,1684
2024-01-01 02:02:11,182.7407,182.8073,181.9453,181.888,6424
2024-01-01 02:02:12,181.888,182.0959,181.5427,181.6613,4652
2024-01-01 02:02:13,181.6613,182.1923,181.598,182.0238,8506
2024-01-01 02:02:14,182.0238,182.2253,181.7527,181.7774,9805
2024-01-01 02:02:15,181.7774,181.8463,181.6871,182.1233,7903
2024-01-01 02:02:16,182.1233,182.5795,181.7745,181.475,4814
2024-01-01 02:02:17,181.475,182.0421,181.3755,181.8989,6624
2024-01-01 02:02:18,181.8989,181.9282,181.6627,181.8468,5334
2024-01-01 02:02:19,181.8468,181.8546,181.5282,181.756,4739
2024-01-01 02:02:20,181.756,182.2122,181.6741,181.9654,3671
2024-01-01 02:02:21,181.9654,182.0503,181.567,181.8313,6771
2024-01-01 02:02:22,181.8313,181.9763,181.7909,180.7394,7934
2024-01-01 02:02:23,180.7394,180.9113,180.5993,180.7672,5288
2024-01-01 02:02:24,180.7672,180.9132,180.2863,181.3818,3615
2024-01-01 02:02:25,181.3818,181.449,181.3458,180.8529,7759
2024-01-01 02:02:26,180.8529,180.9103,180.8065,181.4821,3109
2024-01-01 02:02:27,181.4821,181.5697,181.45,181.6386,5013
2024-01-01 02:02:28,181.6386,181.672,181.2835,181.531,9266
2024-01-01 02:02:29,181.531,182.1338,181.5265,182.0683,7159
2024-01-01 02:02:30,182.0683,182.236,181.8344,182.2886,1873
2024-01-01 02:02:31,182.2886,182.5573,181.7218,182.7856,2240
2024-01-01 02:02:32,182.7856,182.8923,182.5152,183.5124,4579
2024-01-01 02:02:33,183.5124,183.5778,183.2781,183.3554,4239
2024-01-01 02:02:34,183.3554,183.6504,183.054,183.1007,9044
2024-01-01 02:02:35,183.1007,183.3594,182.6588,183.6309,2161
2024-01-01 02:02:36,183.6309,183.6396,183.4188,184.7718,7030
2024-01-01 02:02:37,184.7718,185.4221,184.6165,185.1686,5846
2024-01-01 02:02:38,185.1686,185.4476,184.7935,184.8151,7076
2024-01-01 02:02:39,184.8151,184.8824,184.805,184.5288,6613
2024-01-01 02:02:40,184.5288,184.9163,184.4167,184.2037,2359
2024-01-01 02:02:41,184.2037,184.4412,184.115,183.7459,6972
2024-01-01 02:02:42,183.7459,184.2771,183.7193,184.6349,4674
2024-01-01 02:02:43,184.6349,185.1435,184.1309,184.8263,6127
2024-01-01 02:02:44,184.8263,185.2572,184.6932,185.4924,2010
2024-01-01 02:02:45,185.4924,186.0871,185.2673,185.3245,9676
2024-01-01 02:02:46,185.3245,185.6042,185.3062,184.964,6133
2024-01-01 02:02:47,184.964,185.056,184.9004,184.7699,4030
2024-01-01 02:02:48,184.7699,185.0812,184.5932,185.5594,5847
2024-01-01 02:02:49,185.5594,185.6042,185.4638,185.8566,4350
2024-01-01 02:02:50,185.8566,185.9931,185.5776,186.7343,5293
2024-01-01 02:02:51,186.7343,186.801,186.7186,187.2651,9960
2024-01-01 02:02:52,187.2651,187.8373,187.0826,188.0391,4964
2024-01-01 02:02:53,188.0391,188.3701,187.4157,188.7874,3761
2024-01-01 02:02:54,188.7874,189.0322,188.7458,188.7561,3832
2024-01-01 02:02:55,188.7561,189.7035,188.2137,188.7523,8151
2024-01-01 02:02:56,188.7523,189.1812,188.7349,188.8264,5104
2024-01-01 02:02:57,188.8264,189.2784,188.5385,188.7249,2450
2024-01-01 02:02:58,188.7249,189.3041,188.36,189.1996,3699
2024-01-01 02:02:59,189.1996,189.4363,188.8888,189.919,2001
2024-01-01 02:03:00,189.919,190.1547,189.7506,189.8113,5143
2024-01-01 02:03:01,189.8113,190.2687,189.5269,189.1875,4877
2024-01-01 02:03:02,189.1875,189.338,189.0813,189.5529,2424
2024-01-01 02:03:03,189.5529,190.0554,189.4063,189.6705,4341
2024-01-01 02:03:04,189.6705,190.1396,189.6429,189.9241,9230
2024-01-01 02:03:05,189.9241,190.0084,189.5952,189.5626,4311
2024-01-01 02:03:06,189.5626,190.062,189.2339,189.7523,8564
2024-01-01 02:03:07,189.7523,190.0317,189.6154,189.2152,4041
2024-01-01 02:03:08,189.2152,189.2252,188.8605,188.8014,3469
2024-01-01 02:03:09,188.8014,188.9794,188.7721,189.4186,2414
2024-01-01 02:03:10,189.4186,189.7345,188.4602,189.9998,1646
2024-01-01 02:03:11,189.9998,190.3359,189.7797,189.9747,6002
2024-01-01 02:03:12,189.9747,190.041,189.5726,189.6979,9929
2024-01-01 02:03:13,189.6979,189.9884,189.3247,189.589,7223
2024-01-01 02:03:14,189.589,189.8174,189.4651,189.4023,2764
2024-01-01 02:03:15,189.4023,189.6731,188.8616,189.6505,1591
2024-01-01 02:03:16,189.6505,189.6599,189.5961,189.4605,4389
2024-01-01 02:03:17,189.4605,190.0903,189.0377,189.891,4825
2024-01-01 02:03:18,189.891,190.5087,189.6468,189.9582,5921
2024-01-01 02:03:19,189.9582,190.4248,189.8807,189.5458,2133
2024-01-01 02:03:20,189.5458,189.6127,189.4136,189.7247,9976
2024-01-01 02:03:21,189.7247,189.8324,189.6484,189.4523,2886
2024-01-01 02:03:22,189.4523,189.7973,189.372,190.1286,1494
2024-01-01 02:03:23,190.1286,190.4947,189.8179,190.1462,3603
2024-01-01 02:03:24,190.1462,190.2362,190.1416,191.1802,5317
2024-01-01 02:03:25,191.1802,191.4461,191.0057,192.4153,9078
2024-01-01 02:03:26,192.4153,192.7098,192.1204,193.355,1950
2024-01-01 02:03:27,193.355,193.5171,193.0435,193.4337,6681
2024-01-01 02:03:28,193.4337,193.6069,193.3185,193.4357,3490
2024-01-01 02:03:29,193.4357,193.5196,192.8814,192.734,4423
2024-01-01 02:03:30,192.734,192.7805,192.6165,192.819,9254
2024-01-01 02:03:31,192.819,192.8372,192.6878,193.3719,1898
2024-01-01 02:03:32,193.3719,193.9483,193.3459,192.9529,1507
2024-01-01 02:03:33,192.9529,193.4386,192.8088,191.5837,7211
2024-01-01 02:03:34,191.5837,191.7408,191.0449,191.7996,1372
2024-01-01 02:03:35,191.7996,192.2008,191.7651,192.2605,5602
2024-01-01 02:03:36,192.2605,192.4929,192.1032,191.7086,5023
2024-01-01 02:03:37,191.7086,191.8134,191.584,191.2795,5060
2024-01-01 02:03:38,191.2795,191.6065,191.1384,191.3899,6214
2024-01-01 02:03:39,191.3899,191.4296,191.3841,191.4336,1432
2024-01-01 02:03:40,191.4336,191.7237,191.0322,190.5541,7895
2024-01-01 02:03:41,190.5541,190.6154,190.3737,190.8471,5886
2024-01-01 02:03:42,190.8471,190.9202,190.8426,190.8739,9757
2024-01-01 02:03:43,190.8739,190.9181,190.6279,190.4201,9875
2024-01-01 02:03:44,190.4201,190.7766,190.1085,190.1998,4987
2024-01-01 02:03:45,190.1998,190.5977,190.119,189.6931,1085
2024-01-01 02:03:46,189.6931,189.9874,189.3261,190.0076,6325
2024-01-01 02:03:47,190.0076,190.4976,189.7109,190.7675,3316
2024-01-01 02:03:48,190.7675,191.1165,190.6418,190.5197,6183
2024-01-01 02:03:49,190.5197,190.6663,190.5187,190.8609,2873
2024-01-01 02:03:50,190.8609,191.3216,190.7078,191.8401,6092
2024-01-01 02:03:51,191.8401,192.019,191.8182,190.5772,4853
2024-01-01 02:03:52,190.5772,190.7405,190.2595,190.0141,9012
2024-01-01 02:03:53,190.0141,190.2209,189.4345,189.6728,4154
2024-01-01 02:03:54,189.6728,189.849,189.4423,189.8994,4856
2024-01-01 02:03:55,189.8994,190.173,189.7286,189.9406,9501
2024-01-01 02:03:56,189.9406,190.2314,189.8297,189.7445,8857
2024-01-01 02:03:57,189.7445,189.9657,189.6629,189.1701,7437
2024-01-01 02:03:58,189.1701,189.6783,188.9628,189.2723,2730
2024-01-01 02:03:59,189.2723,189.5385,189.1992,189.6415,3763
2024-01-01 02:04:00,189.6415,189.7976,189.415,189.1316,9411
2024-01-01 02:04:01,189.1316,189.2469,188.7908,189.2218,2817
2024-01-01 02:04:02,189.2218,189.4595,189.134,189.22,3920
2024-01-01 02:04:03,189.22,189.672,189.0916,188.7623,4509
2024-01-01 02:04:04,188.7623,189.3674,188.4272,188.4558,2937
2024-01-01 02:04:05,188.4558,188.6936,188.2785,188.7302,1508
2024-01-01 02:04:06,188.7302,189.2045,188.4092,189.382,3726
2024-01-01 02:04:07,189.382,189.7846,189.0882,189.6594,6453
2024-01-01 02:04:08,189.6594,190.0548,189.5611,189.2312,5230
2024-01-01 02:04:09,189.2312,189.3677,188.9614,190.5539,5043
2024-01-01 02:04:10,190.5539,190.8979,189.9141,189.9451,4792
2024-01-01 02:04:11,189.9451,190.075,189.945,189.4009,5373
2024-01-01 02:04:12,189.4009,189.5878,189.0776,189.5174,6157
2024-01-01 02:04:13,189.5174,189.5698,189.25,188.9938,6802
2024-01-01 02:04:14,188.9938,189.4639,188.7799,188.5919,1113
2024-01-01 02:04:15,188.5919,188.6705,188.4854,188.6568,7777
2024-01-01 02:04:16,188.6568,188.7849,188.4859,188.488,4613
2024-01-01 02:04:17,188.488,188.7739,188.431,188.4942,8726
2024-01-01 02:04:18,188.4942,188.7462,188.335,189.1301,8291
2024-01-01 02:04:19,189.1301,189.1513,188.5898,188.4542,7399
2024-01-01 02:04:20,188.4542,188.6623,188.0992,188.5617,1906
2024-01-01 02:04:21,188.5617,188.8103,188.4674,189.2106,8388
2024-01-01 02:04:22,189.2106,189.2819,189.1852,190.0859,2393
2024-01-01 02:04:23,190.0859,190.6451,189.713,190.2004,6909
2024-01-01 02:04:24,190.2004,190.2308,189.9979,190.4405,5253
2024-01-01 02:04:25,190.4405,190.7511,190.0459,191.277,1315
2024-01-01 02:04:26,191.277,191.8282,191.0103,191.3316,4093
2024-01-01 02:04:27,191.3316,191.8607,190.7794,190.8678,8592
2024-01-01 02:04:28,190.8678,190.9651,190.706,191.6168,6418
2024-01-01 02:04:29,191.6168,191.7085,191.2344,192.1277,3033
2024-01-01 02:04:30,192.1277,192.3063,191.9067,192.0208,7343
2024-01-01 02:04:31,192.0208,192.2618,191.9032,191.9129,3264
2024-01-01 02:04:32,191.9129,192.6389,191.9095,192.6317,6795
2024-01-01 02:04:33,192.6317,192.7206,192.5004,192.0633,6616
2024-01-01 02:04:34,192.0633,192.0959,191.7536,192.0938,2095
2024-01-01 02:04:35,192.0938,192.2884,191.8317,192.1327,5438
2024-01-01 02:04:36,192.1327,192.5036,192.0368,191.9056,6225
2024-01-01 02:04:37,191.9056,192.0942,191.7939,191.1495,2925
2024-01-01 02:04:38,191.1495,191.5824,190.6191,191.4677,7923
2024-01-01 02:04:39,191.4677,191.5544,190.9884,191.1756,8969
2024-01-01 02:04:40,191.1756,191.6238,191.1382,191.0255,2482
2024-01-01 02:04:41,191.0255,191.3412,190.9117,190.885,2694
2024-01-01 02:04:42,190.885,191.2207,190.7924,191.4414,8347
2024-01-01 02:04:43,191.4414,191.5393,191.3749,192.1555,4922
2024-01-01 02:04:44,192.1555,192.2161,191.4296,192.5396,5943
2024-01-01 02:04:45,192.5396,192.6608,192.4921,192.5326,5725
2024-01-01 02:04:46,192.5326,192.9489,192.1224,192.8931,5017
2024-01-01 02:04:47,192.8931,193.0012,192.6362,192.0967,3453
2024-01-01 02:04:48,192.0967,192.7062,191.9399,192.3384,4494
2024-01-01 02:04:49,192.3384,192.7854,192.2916,192.1275,8731
2024-01-01 02:04:50,192.1275,192.7058,191.9143,191.8989,3042
2024-01-01 02:04:51,191.8989,191.9497,191.8194,191.351,3269
2024-01-01 02:04:52,191.351,191.4872,191.3014,190.9695,8739
2024-01-01 02:04:53,190.9695,191.0723,190.8988,191.5153,9481
2024-01-01 02:04:54,191.5153,191.7457,191.5008,190.5521,9596
2024-01-01 02:04:55,190.5521,191.0568,189.9818,190.3707,1614
2024-01-01 02:04:56,190.3707,190.6955,190.2739,190.0955,1033
2024-01-01 02:04:57,190.0955,190.4878,190.065,189.9866,2900
2024-01-01 02:04:58,189.9866,189.9972,189.8914,190.238,5171
2024-01-01 02:04:59,190.238,190.5581,189.9442,190.719,2688
2024-01-01 02:05:00,190.719,190.7214,190.6908,191.7038,8495
2024-01-01 02:05:01,191.7038,191.8704,191.5106,192.5451,5947
2024-01-01 02:05:02,192.5451,192.7939,192.013,192.9503,9457
2024-01-01 02:05:03,192.9503,193.4647,192.6558,192.7204,6512
2024-01-01 02:05:04,192.7204,192.7562,192.2407,193.0343,8911
2024-01-01 02:05:05,193.0343,193.4119,192.9635,193.0492,9119
2024-01-01 02:05:06,193.0492,193.0756,192.4668,192.8844,3408
2024-01-01 02:05:07,192.8844,192.984,192.7289,192.4978,2553
2024-01-01 02:05:08,192.4978,192.9147,192.443,192.9585,1504
2024-01-01 02:05:09,192.9585,193.1287,192.9025,192.3289,3719
2024-01-01 02:05:10,192.3289,192.5461,191.9731,191.7876,7649
2024-01-01 02:05:11,191.7876,191.8383,191.7563,191.4341,9866
2024-01-01 02:05:12,191.4341,191.7134,191.224,190.4389,4522
2024-01-01 02:05:13,190.4389,190.6448,190.0584,189.9137,6914
2024-01-01 02:05:14,189.9137,189.9915,189.4552,189.4168,9677
2024-01-01 02:05:15,189.4168,189.5128,189.3098,189.9538,1019
2024-01-01 02:05:16,189.9538,190.1244,189.6149,190.1081,1346
2024-01-01 02:05:17,190.1081,190.6254,189.9292,190.0833,8985
2024-01-01 02:05:18,190.0833,190.0967,189.7439,189.9077,7830
2024-01-01 02:05:19,189.9077,190.3172,189.6794,189.2938,8121
2024-01-01 02:05:20,189.2938,190.0038,189.2809,189.3047,1575
2024-01-01 02:05:21,189.3047,189.8731,189.0344,189.4395,9435
2024-01-01 02:05:22,189.4395,189.7934,189.067,189.4968,8130
2024-01-01 02:05:23,189.4968,189.7521,189.4835,189.0813,8213
2024-01-01 02:05:24,189.0813,189.6051,188.9432,189.8532,1971
2024-01-01 02:05:25,189.8532,190.1754,189.4237,190.3122,5407
2024-01-01 02:05:26,190.3122,190.5904,190.0166,190.5028,7474
2024-01-01 02:05:27,190.5028,190.6571,190.3174,190.692,9353
2024-01-01 02:05:28,190.692,190.8102,190.4533,190.8167,8809
2024-01-01 02:05:29,190.8167,190.8389,190.805,190.8115,1661
2024-01-01 02:05:30,190.8115,191.0652,190.6966,190.9673,4045
2024-01-01 02:05:31,190.9673,191.1417,190.895,191.1774,4698
2024-01-01 02:05:32,191.1774,191.233,191.1585,191.4186,5189
2024-01-01 02:05:33,191.4186,191.8368,190.8058,190.6815,7082
2024-01-01 02:05:34,190.6815,190.7442,190.0237,191.0207,1540
2024-01-01 02:05:35,191.0207,191.3545,191.0188,191.0904,5225
2024-01-01 02:05:36,191.0904,191.1742,190.8916,191.113,8089
2024-01-01 02:05:37,191.113,191.2812,191.0972,191.4199,3432
2024-01-01 02:05:38,191.4199,191.7202,191.2681,191.351,6613
2024-01-01 02:05:39,191.351,191.4032,191.1574,191.3852,1405
2024-01-01 02:05:40,191.3852,191.5887,191.0525,192.2135,7544
2024-01-01 02:05:41,192.2135,192.2989,191.7086,191.3466,4422
2024-01-01 02:05:42,191.3466,191.6747,191.2315,191.5469,3122
2024-01-01 02:05:43,191.5469,191.9719,190.9662,193.1082,7557
2024-01-01 02:05:44,193.1082,193.7195,192.775,193.7607,4589
2024-01-01 02:05:45,193.7607,193.9478,193.7575,193.6918,6521
2024-01-01 02:05:46,193.6918,193.8966,193.1586,193.6938,8725
2024-01-01 02:05:47,193.6938,193.914,193.2586,193.8945,1871
2024-01-01 02:05:48,193.8945,193.9145,193.7278,194.6621,5112
2024-01-01 02:05:49,194.6621,194.7347,194.631,195.3365,8303
2024-01-01 02:05:50,195.3365,195.3504,195.283,195.6674,3028
2024-01-01 02:05:51,195.6674,195.9185,195.3923,196.5095,9431
2024-01-01 02:05:52,196.5095,196.7457,196.0984,196.6091,2351
2024-01-01 02:05:53,196.6091,196.9091,196.298,197.116,9969
2024-01-01 02:05:54,197.116,197.15,196.8009,197.0599,9581
2024-01-01 02:05:55,197.0599,197.1952,196.6519,197.1782,7089
2024-01-01 02:05:56,197.1782,197.6354,196.6243,197.1913,7318
2024-01-01 02:05:57,197.1913,197.8061,197.032,197.9916,7326
2024-01-01 02:05:58,197.9916,198.5463,197.8336,197.718,3360
2024-01-01 02:05:59,197.718,198.0047,197.5209,198.0508,9837
2024-01-01 02:06:00,198.0508,198.3743,197.8941,198.1948,1493
2024-01-01 02:06:01,198.1948,198.4053,197.7699,197.7286,8377
2024-01-01 02:06:02,197.7286,198.4804,197.4174,198.1513,9672
2024-01-01 02:06:03,198.1513,198.2831,197.9973,198.0466,3175
2024-01-01 02:06:04,198.0466,198.1092,197.7893,197.418,4620
2024-01-01 02:06:05,197.418,197.7477,197.1681,196.9275,8679
2024-01-01 02:06:06,196.9275,197.1602,196.7186,197.5713,4460
2024-01-01 02:06:07,197.5713,197.8247,197.4313,197.532,4899
2024-01-01 02:06:08,197.532,197.8786,197.2535,197.8737,7891
2024-01-01 02:06:09,197.8737,198.3965,197.7532,198.343,2322
2024-01-01 02:06:10,198.343,198.7819,198.311,198.004,8141
2024-01-01 02:06:11,198.004,198.6093,197.7393,198.0591,9585
2024-01-01 02:06:12,198.0591,198.3111,197.6381,197.443,4656
2024-01-01 02:06:13,197.443,197.7927,197.422,197.6083,8717
2024-01-01 02:06:14,197.6083,197.7483,197.1972,197.9581,8021
2024-01-01 02:06:15,197.9581,197.9663,197.574,197.6449,6871
2024-01-01 02:06:16,197.6449,197.7727,197.6186,197.61,6487
2024-01-01 02:06:17,197.61,197.6769,197.4549,197.2502,8695
2024-01-01 02:06:18,197.2502,197.3675,197.0737,197.039,7560
2024-01-01 02:06:19,197.039,197.0616,196.5885,197.6141,5832
2024-01-01 02:06:20,197.6141,198.0477,197.2666,197.8196,5213
2024-01-01 02:06:21,197.8196,198.3214,197.3767,198.1639,5735
2024-01-01 02:06:22,198.1639,198.1813,197.8591,198.8007,5685
2024-01-01 02:06:23,198.8007,199.0766,198.637,199.5199,7029
2024-01-01 02:06:24,199.5199,199.8403,199.3107,199.6994,1877
2024-01-01 02:06:25,199.6994,200.0453,199.2257,199.6697,1257
2024-01-01 02:06:26,199.6697,200.0868,199.0003,199.2418,7228
2024-01-01 02:06:27,199.2418,199.3423,199.0548,198.8394,3748
2024-01-01 02:06:28,198.8394,199.0799,198.7831,198.5446,4045
2024-01-01 02:06:29,198.5446,198.7784,198.1193,198.2193,5670
2024-01-01 02:06:30,198.2193,198.3812,197.8467,198.6967,2070
2024-01-01 02:06:31,198.6967,198.964,198.5628,198.4313,2573
2024-01-01 02:06:32,198.4313,198.4691,198.0537,198.3172,8058
2024-01-01 02:06:33,198.3172,198.9496,197.8351,198.3583,1375
2024-01-01 02:06:34,198.3583,198.5631,198.2486,198.3536,6071
2024-01-01 02:06:35,198.3536,198.5218,197.879,198.1293,4239
2024-01-01 02:06:36,198.1293,198.4389,197.8102,197.8218,5577
2024-01-01 02:06:37,197.8218,198.6018,197.3173,197.3587,1954
2024-01-01 02:06:38,197.3587,197.7629,197.1616,197.5177,2584
2024-01-01 02:06:39,197.5177,197.7353,197.3953,197.5659,6992
2024-01-01 02:06:40,197.5659,197.8595,197.2886,197.1533,9041
2024-01-01 02:06:41,197.1533,197.3412,196.7161,197.1955,7856
2024-01-01 02:06:42,197.1955,197.3505,196.9895,196.595,4496
2024-01-01 02:06:43,196.595,196.8916,195.8638,197.6485,9840
2024-01-01 02:06:44,197.6485,197.7868,197.166,197.061,6334
2024-01-01 02:06:45,197.061,197.5506,196.5346,197.3617,1491
2024-01-01 02:06:46,197.3617,197.6123,196.8642,197.0936,4135
2024-01-01 02:06:47,197.0936,197.5962,196.9037,198.3176,5963
2024-01-01 02:06:48,198.3176,198.6413,197.7529,198.2842,9843
2024-01-01 02:06:49,198.2842,199.1065,198.2715,197.6582,5480
2024-01-01 02:06:50,197.6582,197.893,197.1237,197.6692,9324
2024-01-01 02:06:51,197.6692,197.7566,197.4801,197.9183,1664
2024-01-01 02:06:52,197.9183,198.2229,197.7106,197.2631,9380
2024-01-01 02:06:53,197.2631,197.5395,196.9315,197.3945,7388
2024-01-01 02:06:54,197.3945,197.9248,197.2221,197.2235,4642
2024-01-01 02:06:55,197.2235,197.4058,196.6397,197.1347,6870
2024-01-01 02:06:56,197.1347,197.4407,196.6457,197.1311,4058
2024-01-01 02:06:57,197.1311,197.3262,196.7182,198.6142,7371
2024-01-01 02:06:58,198.6142,198.6583,198.5852,198.9728,9944
2024-01-01 02:06:59,198.9728,199.2307,198.8979,198.9879,6084
2024-01-01 02:07:00,198.9879,199.1082,198.4043,198.6252,1960
2024-01-01 02:07:01,198.6252,198.6973,198.3295,199.1042,8230
2024-01-01 02:07:02,199.1042,199.4181,198.9727,199.0173,2342
2024-01-01 02:07:03,199.0173,199.1895,198.931,198.8858,2897
2024-01-01 02:07:04,198.8858,198.9692,198.872,198.9434,7636
2024-01-01 02:07:05,198.9434,199.2074,198.1522,198.138,7697
2024-01-01 02:07:06,198.138,198.5959,198.0107,197.9429,1727
2024-01-01 02:07:07,197.9429,198.4864,197.7946,197.262,3009
2024-01-01 02:07:08,197.262,197.637,197.1985,196.9969,9909
2024-01-01 02:07:09,196.9969,197.4076,196.7574,197.4681,7571
2024-01-01 02:07:10,197.4681,197.4725,197.2081,198.3865,1005
2024-01-01 02:07:11,198.3865,198.3936,198.3181,198.3438,6549
2024-01-01 02:07:12,198.3438,198.6794,198.3325,198.4703,1510
2024-01-01 02:07:13,198.4703,199.0065,198.2238,198.3964,6796
2024-01-01 02:07:14,198.3964,198.5015,197.759,198.5344,1897
2024-01-01 02:07:15,198.5344,199.0326,198.0939,198.2475,2484
2024-01-01 02:07:16,198.2475,198.4839,198.2282,197.6886,7572
2024-01-01 02:07:17,197.6886,198.028,197.3472,197.4425,1592
2024-01-01 02:07:18,197.4425,197.632,197.0442,197.7666,4647
2024-01-01 02:07:19,197.7666,197.9632,197.4261,197.4253,9720
2024-01-01 02:07:20,197.4253,197.5597,197.3279,196.8794,8913
2024-01-01 02:07:21,196.8794,196.9249,196.8772,196.3202,6098
2024-01-01 02:07:22,196.3202,196.4285,196.0422,196.1028,6990
2024-01-01 02:07:23,196.1028,196.7705,196.0301,195.4709,2661
2024-01-01 02:07:24,195.4709,195.5447,195.2652,195.3019,3301
2024-01-01 02:07:25,195.3019,195.4782,195.2131,195.2203,6783
2024-01-01 02:07:26,195.2203,195.3583,194.5589,195.3599,5344
2024-01-01 02:07:27,195.3599,195.4548,195.3347,194.903,4493
2024-01-01 02:07:28,194.903,194.9651,194.5917,194.1593,6950
2024-01-01 02:07:29,194.1593,194.4345,194.1208,193.9372,3531
2024-01-01 02:07:30,193.9372,194.1622,193.6345,193.8567,2118
2024-01-01 02:07:31,193.8567,194.0899,193.2621,193.8786,3970
2024-01-01 02:07:32,193.8786,194.1757,193.8505,194.6084,4760
2024-01-01 02:07:33,194.6084,195.4497,194.124,193.8111,7071
2024-01-01 02:07:34,193.8111,193.9221,193.6786,194.3073,2804
2024-01-01 02:07:35,194.3073,194.5427,194.0921,194.3207,2039
2024-01-01 02:07:36,194.3207,194.4885,194.2414,193.2867,4768
2024-01-01 02:07:37,193.2867,193.5793,192.9934,193.0561,4631
2024-01-01 02:07:38,193.0561,193.2353,192.6747,193.1622,9322
2024-01-01 02:07:39,193.1622,193.2093,192.7694,193.959,3222
2024-01-01 02:07:40,193.959,194.1522,193.8634,194.7787,6584
2024-01-01 02:07:41,194.7787,195.0875,194.5543,195.6485,9272
2024-01-01 02:07:42,195.6485,196.6088,195.4166,195.1408,7339
2024-01-01 02:07:43,195.1408,195.402,194.851,194.2546,7628
2024-01-01 02:07:44,194.2546,194.3273,194.2367,194.3551,3675
2024-01-01 02:07:45,194.3551,194.4953,194.2673,194.4767,1802
2024-01-01 02:07:46,194.4767,194.9214,194.3235,194.9638,5490
2024-01-01 02:07:47,194.9638,195.0799,194.2586,194.9732,1218
2024-01-01 02:07:48,194.9732,195.4706,194.771,194.9567,9865
2024-01-01 02:07:49,194.9567,195.0949,194.5177,194.061,9184
2024-01-01 02:07:50,194.061,194.1884,193.9335,194.3822,4868
2024-01-01 02:07:51,194.3822,194.4383,193.9998,193.7854,5319
2024-01-01 02:07:52,193.7854,194.3863,193.4856,193.5911,6446
2024-01-01 02:07:53,193.5911,193.9046,193.0092,193.6859,1569
2024-01-01 02:07:54,193.6859,193.7679,193.4659,193.4581,7526
2024-01-01 02:07:55,193.4581,193.8069,193.2998,193.3252,9951
2024-01-01 02:07:56,193.3252,193.4672,193.1283,193.7229,3320
2024-01-01 02:07:57,193.7229,193.9095,193.5717,193.2474,5997
2024-01-01 02:07:58,193.2474,193.5734,192.832,193.6795,8443
2024-01-01 02:07:59,193.6795,194.5997,193.2459,193.7497,8259
2024-01-01 02:08:00,193.7497,193.853,193.4902,194.0125,9743
2024-01-01 02:08:01,194.0125,194.0843,193.7147,193.4009,7398
2024-01-01 02:08:02,193.4009,193.7776,193.3323,192.5896,2568
2024-01-01 02:08:03,192.5896,193.047,192.2148,192.2805,5680
2024-01-01 02:08:04,192.2805,192.2911,192.1751,191.6711,5808
2024-01-01 02:08:05,191.6711,191.8076,191.4141,191.484,9499
2024-01-01 02:08:06,191.484,192.0748,191.1369,191.0193,7347
2024-01-01 02:08:07,191.0193,191.3929,190.6241,191.6733,7358
2024-01-01 02:08:08,191.6733,191.9302,191.2841,192.3994,9849
2024-01-01 02:08:09,192.3994,192.4298,192.377,192.9573,4107
2024-01-01 02:08:10,192.9573,193.2976,192.8675,192.7392,9984
2024-01-01 02:08:11,192.7392,193.0905,192.5021,193.9201,7767
2024-01-01 02:08:12,193.9201,193.9298,193.688,193.7676,9153
2024-01-01 02:08:13,193.7676,193.7816,193.2108,194.0645,5839
2024-01-01 02:08:14,194.0645,194.0945,193.6045,194.2376,3164
2024-01-01 02:08:15,194.2376,194.3669,193.7789,195.1191,3416
2024-01-01 02:08:16,195.1191,195.3346,194.8537,194.9437,6596
2024-01-01 02:08:17,194.9437,195.0838,194.6802,194.8331,1554
2024-01-01 02:08:18,194.8331,194.8342,194.536,195.2731,6061
2024-01-01 02:08:19,195.2731,195.771,194.9104,194.4583,8415
2024-01-01 02:08:20,194.4583,194.7154,194.2988,194.6608,3460
2024-01-01 02:08:21,194.6608,194.9438,194.6461,194.2911,4730
2024-01-01 02:08:22,194.2911,194.7395,194.2341,193.8775,5459
2024-01-01 02:08:23,193.8775,194.0918,193.6535,194.1106,6396
2024-01-01 02:08:24,194.1106,194.4773,194.0549,193.3961,4968
2024-01-01 02:08:25,193.3961,193.6811,193.0068,194.1286,3024
2024-01-01 02:08:26,194.1286,194.1339,193.7571,194.3394,5437
2024-01-01 02:08:27,194.3394,194.8838,194.024,195.1575,4706
2024-01-01 02:08:28,195.1575,195.6835,195.0786,195.0217,2230
2024-01-01 02:08:29,195.0217,195.0363,194.9479,195.7846,9818
2024-01-01 02:08:30,195.7846,195.9392,195.705,196.3002,4224
2024-01-01 02:08:31,196.3002,196.4794,195.9137,197.0589,8892
2024-01-01 02:08:32,197.0589,197.2638,196.9637,196.5336,3434
2024-01-01 02:08:33,196.5336,196.6552,196.4491,196.1388,9698
2024-01-01 02:08:34,196.1388,196.2445,195.4274,196.2715,9471
2024-01-01 02:08:35,196.2715,196.3975,196.2014,196.3305,1253
2024-01-01 02:08:36,196.3305,196.4648,196.174,197.205,6091
2024-01-01 02:08:37,197.205,197.3654,196.9428,197.0885,8588
2024-01-01 02:08:38,197.0885,197.1388,196.9013,196.4013,6447
2024-01-01 02:08:39,196.4013,196.6206,196.1417,195.5439,5624
2024-01-01 02:08:40,195.5439,196.1427,195.3351,195.7104,5923
2024-01-01 02:08:41,195.7104,196.4455,195.6999,195.3248,3354
2024-01-01 02:08:42,195.3248,195.8002,194.9041,195.6077,6153
2024-01-01 02:08:43,195.6077,195.7934,195.1456,195.6342,3101
2024-01-01 02:08:44,195.6342,195.7893,195.157,195.4188,9624
2024-01-01 02:08:45,195.4188,195.635,194.9626,196.1357,1413
2024-01-01 02:08:46,196.1357,196.8941,196.1325,195.4292,9638
2024-01-01 02:08:47,195.4292,195.7266,194.7214,195.9061,3602
2024-01-01 02:08:48,195.9061,195.9166,195.6506,196.2955,7207
2024-01-01 02:08:49,196.2955,196.3906,195.9381,196.6185,9852
2024-01-01 02:08:50,196.6185,196.7184,196.4188,196.0581,9201
2024-01-01 02:08:51,196.0581,196.5121,195.9002,196.7546,3119
2024-01-01 02:08:52,196.7546,196.8708,196.6347,197.286,4524
2024-01-01 02:08:53,197.286,197.3478,196.9942,198.0182,6896
2024-01-01 02:08:54,198.0182,198.1032,197.9382,197.8335,7490
2024-01-01 02:08:55,197.8335,198.137,197.5168,197.0589,1564
2024-01-01 02:08:56,197.0589,197.0892,196.9591,196.6434,5314
2024-01-01 02:08:57,196.6434,196.7236,196.2248,196.5201,2995
2024-01-01 02:08:58,196.5201,196.5485,196.478,197.0131,3332
2024-01-01 02:08:59,197.0131,197.5204,196.6872,197.4176,7257
2024-01-01 02:09:00,197.4176,197.5345,197.186,197.8411,4354
2024-01-01 02:09:01,197.8411,197.9327,197.4482,197.9367,8845
2024-01-01 02:09:02,197.9367,198.0242,197.8088,198.1466,4981
2024-01-01 02:09:03,198.1466,198.5462,197.8039,197.8582,8387
2024-01-01 02:09:04,197.8582,198.1325,197.8042,198.13,1412
2024-01-01 02:09:05,198.13,198.13,197.6331,198.0503,5956
2024-01-01 02:09:06,198.0503,198.3016,197.8189,198.1132,9892
2024-01-01 02:09:07,198.1132,198.2798,197.5891,197.8343,7772
2024-01-01 02:09:08,197.8343,198.1835,197.7037,197.2661,8801
2024-01-01 02:09:09,197.2661,197.3655,197.2588,197.2337,3143
2024-01-01 02:09:10,197.2337,197.4935,196.9999,197.7211,4561
2024-01-01 02:09:11,197.7211,198.5172,197.4971,198.2825,4597
2024-01-01 02:09:12,198.2825,198.3152,198.1381,197.704,4451
2024-01-01 02:09:13,197.704,197.7433,197.5312,198.68,4050
2024-01-01 02:09:14,198.68,199.0838,198.6724,198.7688,8192
2024-01-01 02:09:15,198.7688,199.0958,198.7404,198.9128,2927
2024-01-01 02:09:16,198.9128,198.9721,198.4686,199.718,9607
2024-01-01 02:09:17,199.718,199.7776,199.4225,199.0085,8591
2024-01-01 02:09:18,199.0085,199.3238,198.8632,198.8017,8520
2024-01-01 02:09:19,198.8017,199.1043,198.7673,198.5032,7735
2024-01-01 02:09:20,198.5032,199.1598,198.4744,199.4042,8361
2024-01-01 02:09:21,199.4042,199.7468,199.0727,199.4674,3655
2024-01-01 02:09:22,199.4674,199.7671,199.1286,199.8539,3965
2024-01-01 02:09:23,199.8539,199.9545,199.434,200.681,3081
2024-01-01 02:09:24,200.681,201.0693,200.5431,201.3623,7804
2024-01-01 02:09:25,201.3623,201.6089,201.0833,202.3202,8876
2024-01-01 02:09:26,202.3202,202.4002,202.0257,201.9543,4530
2024-01-01 02:09:27,201.9543,202.1163,201.8386,202.1473,1181
2024-01-01 02:09:28,202.1473,202.4138,201.893,202.8126,8059
2024-01-01 02:09:29,202.8126,203.2126,202.6246,203.324,1601
2024-01-01 02:09:30,203.324,203.5023,203.2486,203.7337,5475
2024-01-01 02:09:31,203.7337,204.5979,203.4939,203.707,2548
2024-01-01 02:09:32,203.707,203.9151,203.5324,203.8657,6571
2024-01-01 02:09:33,203.8657,204.3449,203.8019,203.6915,2500
2024-01-01 02:09:34,203.6915,203.9278,203.4749,204.1528,8094
2024-01-01 02:09:35,204.1528,204.2561,204.0134,205.0767,5282
2024-01-01 02:09:36,205.0767,205.1429,204.9086,205.1275,2447
2024-01-01 02:09:37,205.1275,205.5916,205.0505,205.3629,6028
2024-01-01 02:09:38,205.3629,205.5381,205.3183,204.6134,9667
2024-01-01 02:09:39,204.6134,204.993,204.3559,205.0935,6538
2024-01-01 02:09:40,205.0935,205.4207,205.052,204.0923,7099
2024-01-01 02:09:41,204.0923,204.3003,203.9901,203.1685,2200
2024-01-01 02:09:42,203.1685,203.4144,203.1485,202.7464,4417
2024-01-01 02:09:43,202.7464,202.7717,202.4392,201.6192,7453
2024-01-01 02:09:44,201.6192,201.9201,201.2864,201.3164,9514
2024-01-01 02:09:45,201.3164,201.6632,201.2998,201.3553,4434
2024-01-01 02:09:46,201.3553,201.6497,200.8443,200.9448,6056
2024-01-01 02:09:47,200.9448,201.1405,200.8218,201.3581,2195
2024-01-01 02:09:48,201.3581,201.4656,201.2085,201.0545,9973
2024-01-01 02:09:49,201.0545,201.3641,200.6148,200.4687,3935
2024-01-01 02:09:50,200.4687,200.6125,200.3316,199.939,1212
2024-01-01 02:09:51,199.939,200.0881,199.6244,200.1832,7652
2024-01-01 02:09:52,200.1832,200.5808,200.0673,200.9351,4669
2024-01-01 02:09:53,200.9351,201.1439,200.7629,200.9759,9612
2024-01-01 02:09:54,200.9759,201.0288,200.8948,201.3956,5114
2024-01-01 02:09:55,201.3956,201.5705,201.3949,201.6998,2222
2024-01-01 02:09:56,201.6998,202.0966,201.6785,201.6517,9594
2024-01-01 02:09:57,201.6517,201.781,201.6104,201.6546,7299
2024-01-01 02:09:58,201.6546,202.2995,201.6544,201.841,1303
2024-01-01 02:09:59,201.841,202.0011,201.4501,202.3963,2467
2024-01-01 02:10:00,202.3963,202.941,202.325,201.799,1438
2024-01-01 02:10:01,201.799,202.1029,201.5187,202.5253,7240
2024-01-01 02:10:02,202.5253,202.577,201.7346,202.1732,7461
2024-01-01 02:10:03,202.1732,202.5704,201.8087,202.5823,4173
2024-01-01 02:10:04,202.5823,202.6654,202.5519,202.0686,6961
2024-01-01 02:10:05,202.0686,202.3649,202.052,202.373,8189
2024-01-01 02:10:06,202.373,202.4493,202.0188,203.4287,8683
2024-01-01 02:10:07,203.4287,203.889,203.0783,203.0601,6964
2024-01-01 02:10:08,203.0601,203.4065,202.9309,202.5707,9010
2024-01-01 02:10:09,202.5707,202.7182,202.5396,202.3733,6499
2024-01-01 02:10:10,202.3733,202.7622,202.2048,202.1248,9177
2024-01-01 02:10:11,202.1248,202.275,201.6005,201.6397,7778
2024-01-01 02:10:12,201.6397,201.6623,201.3967,202.9418,9329
2024-01-01 02:10:13,202.9418,203.2941,202.8229,203.1514,7882
2024-01-01 02:10:14,203.1514,203.2314,203.1407,203.155,8770
2024-01-01 02:10:15,203.155,203.2398,202.8914,202.697,7201
2024-01-01 02:10:16,202.697,202.7264,202.372,203.2657,5806
2024-01-01 02:10:17,203.2657,203.6153,202.623,202.2797,4187
2024-01-01 02:10:18,202.2797,202.2935,202.2323,202.7934,3756
2024-01-01 02:10:19,202.7934,202.9202,202.6783,203.3735,7481
2024-01-01 02:10:20,203.3735,203.745,202.9904,203.7646,6745
2024-01-01 02:10:21,203.7646,204.2166,203.4594,203.2018,5322
2024-01-01 02:10:22,203.2018,203.5628,203.0362,203.1463,5248
2024-01-01 02:10:23,203.1463,203.3254,202.7611,202.7356,8251
2024-01-01 02:10:24,202.7356,203.0133,202.4374,202.7198,4909
2024-01-01 02:10:25,202.7198,202.7708,202.3991,201.9575,5140
2024-01-01 02:10:26,201.9575,202.2852,201.9248,202.4302,1385
2024-01-01 02:10:27,202.4302,202.4646,202.2099,202.1723,9112
2024-01-01 02:10:28,202.1723,202.5515,201.9492,202.5215,9588
2024-01-01 02:10:29,202.5215,202.7213,202.3538,202.3765,4719
2024-01-01 02:10:30,202.3765,202.5569,202.218,202.1331,6724
2024-01-01 02:10:31,202.1331,202.2447,201.541,201.8772,1533
2024-01-01 02:10:32,201.8772,202.2178,201.6608,201.9593,4537
2024-01-01 02:10:33,201.9593,202.0766,201.6078,201.9758,7601
2024-01-01 02:10:34,201.9758,202.069,201.7989,201.6946,7222
2024-01-01 02:10:35,201.6946,201.8555,201.229,201.4594,1702
2024-01-01 02:10:36,201.4594,201.6874,201.3939,201.327,8513
2024-01-01 02:10:37,201.327,201.527,200.5672,200.7702,5502
2024-01-01 02:10:38,200.7702,200.7782,200.6167,200.792,5219
2024-01-01 02:10:39,200.792,200.9294,200.5706,200.5516,1751
2024-01-01 02:10:40,200.5516,201.1359,200.2492,200.8827,9732
2024-01-01 02:10:41,200.8827,201.2607,200.765,201.2133,4374
2024-01-01 02:10:42,201.2133,201.4511,201.0211,201.3363,7996
2024-01-01 02:10:43,201.3363,201.4251,200.4817,201.5862,7456
2024-01-01 02:10:44,201.5862,201.961,201.5775,202.1285,3236
2024-01-01 02:10:45,202.1285,202.2916,202.0153,203.1036,8774
2024-01-01 02:10:46,203.1036,203.3738,203.0433,203.0626,5647
2024-01-01 02:10:47,203.0626,203.11,202.9588,203.1949,2454
2024-01-01 02:10:48,203.1949,203.2508,202.8776,203.8921,9737
2024-01-01 02:10:49,203.8921,204.362,203.5025,204.1162,6372
2024-01-01 02:10:50,204.1162,204.2834,203.717,204.4324,8560
2024-01-01 02:10:51,204.4324,204.8527,204.3679,204.3579,4312
2024-01-01 02:10:52,204.3579,204.4723,204.3169,202.7131,2428
2024-01-01 02:10:53,202.7131,202.7309,202.5051,202.6336,6266
2024-01-01 02:10:54,202.6336,202.7762,202.5445,201.9437,9652
2024-01-01 02:10:55,201.9437,202.4414,201.6277,203.1444,1375
2024-01-01 02:10:56,203.1444,203.3648,202.8934,204.1818,4005
2024-01-01 02:10:57,204.1818,204.3441,204.0786,203.4357,8656
2024-01-01 02:10:58,203.4357,203.4909,203.1693,203.9355,8707
2024-01-01 02:10:59,203.9355,204.0531,203.8886,203.857,9876
2024-01-01 02:11:00,203.857,203.9942,203.7549,203.7498,7539
2024-01-01 02:11:01,203.7498,204.278,203.4699,204.0176,2798
2024-01-01 02:11:02,204.0176,204.2681,204.0086,204.4229,9534
2024-01-01 02:11:03,204.4229,205.166,204.2587,205.098,2678
2024-01-01 02:11:04,205.098,205.8399,204.9071,204.6952,7737
2024-01-01 02:11:05,204.6952,204.9945,204.5661,204.4912,6479
2024-01-01 02:11:06,204.4912,204.6691,204.1464,205.0047,2083
2024-01-01 02:11:07,205.0047,205.0272,204.5834,204.9292,7626
2024-01-01 02:11:08,204.9292,205.165,204.51,205.1963,5379
2024-01-01 02:11:09,205.1963,205.2747,205.1757,204.5916,8455
2024-01-01 02:11:10,204.5916,204.6796,204.4845,203.758,9698
2024-01-01 02:11:11,203.758,203.8014,203.4011,203.374,4215
2024-01-01 02:11:12,203.374,203.5768,202.8637,203.497,8576
2024-01-01 02:11:13,203.497,203.656,202.8242,203.4029,6383
2024-01-01 02:11:14,203.4029,203.7905,203.1543,202.9925,5297
2024-01-01 02:11:15,202.9925,203.242,202.7576,203.0114,9422
2024-01-01 02:11:16,203.0114,203.0264,202.7684,203.0773,9291
2024-01-01 02:11:17,203.0773,203.0916,202.6349,203.4467,7389
2024-01-01 02:11:18,203.4467,203.6646,203.4384,203.5738,9068
2024-01-01 02:11:19,203.5738,203.5835,203.3077,203.3665,9234
2024-01-01 02:11:20,203.3665,204.0091,202.7383,203.9433,6168
2024-01-01 02:11:21,203.9433,204.3425,203.9346,203.9028,1392
2024-01-01 02:11:22,203.9028,204.0859,203.6678,204.0022,7090
2024-01-01 02:11:23,204.0022,204.5346,203.7746,203.6075,6607
2024-01-01 02:11:24,203.6075,203.9516,203.5774,203.9998,6924
2024-01-01 02:11:25,203.9998,204.3073,203.5223,203.7472,1618
2024-01-01 02:11:26,203.7472,203.9904,203.4056,204.2974,7243
2024-01-01 02:11:27,204.2974,204.3182,204.2387,203.8939,3705
2024-01-01 02:11:28,203.8939,204.0449,203.6211,204.2919,1052
2024-01-01 02:11:29,204.2919,204.3645,204.282,204.1883,2922
2024-01-01 02:11:30,204.1883,204.4156,204.1589,204.32,3949
2024-01-01 02:11:31,204.32,204.4043,204.133,204.1509,3676
2024-01-01 02:11:32,204.1509,204.1781,203.7448,204.4281,4522
2024-01-01 02:11:33,204.4281,205.1118,203.9733,204.3195,6347
2024-01-01 02:11:34,204.3195,204.3264,204.1838,204.735,9711
2024-01-01 02:11:35,204.735,204.7889,204.6698,205.4383,7299
2024-01-01 02:11:36,205.4383,205.5018,205.2252,205.6756,3038
2024-01-01 02:11:37,205.6756,205.6909,205.6,205.4457,4891
2024-01-01 02:11:38,205.4457,205.5002,205.2013,205.5889,5716
2024-01-01 02:11:39,205.5889,205.6427,205.3858,205.4863,9457
2024-01-01 02:11:40,205.4863,205.877,205.1611,204.955,4351
2024-01-01 02:11:41,204.955,205.268,204.7648,205.0048,3463
2024-01-01 02:11:42,205.0048,205.4772,204.832,204.9008,9622
2024-01-01 02:11:43,204.9008,205.0407,204.6459,204.5611,2386
2024-01-01 02:11:44,204.5611,204.6383,204.4382,203.9987,9441
2024-01-01 02:11:45,203.9987,204.2192,203.7649,203.7497,5497
2024-01-01 02:11:46,203.7497,204.0695,203.6574,204.147,6624
2024-01-01 02:11:47,204.147,204.2606,203.8861,203.9792,8651
2024-01-01 02:11:48,203.9792,204.4548,203.8871,203.6395,2298
2024-01-01 02:11:49,203.6395,203.7806,203.4061,202.9199,1672
2024-01-01 02:11:50,202.9199,203.6245,202.6959,202.9666,6379
2024-01-01 02:11:51,202.9666,203.0979,202.7732,203.335,9221
2024-01-01 02:11:52,203.335,203.3754,203.3192,203.1114,5819
2024-01-01 02:11:53,203.1114,203.3547,203.0923,203.0289,2886
2024-01-01 02:11:54,203.0289,203.4128,202.9999,203.7526,3231
2024-01-01 02:11:55,203.7526,203.8924,203.5486,203.157,5759
2024-01-01 02:11:56,203.157,203.328,202.4697,204.2368,7766
2024-01-01 02:11:57,204.2368,204.471,204.0762,204.4312,6772
2024-01-01 02:11:58,204.4312,204.7512,204.1679,203.71,6449
2024-01-01 02:11:59,203.71,203.8306,203.7037,203.5174,2015
2024-01-01 02:12:00,203.5174,203.5406,203.3496,202.7296,6402
2024-01-01 02:12:01,202.7296,202.8881,202.2422,202.2631,8405
2024-01-01 02:12:02,202.2631,202.7653,202.2103,201.4528,3947
2024-01-01 02:12:03,201.4528,201.875,201.0028,202.1004,2924
2024-01-01 02:12:04,202.1004,202.3572,201.9529,202.5221,5068
2024-01-01 02:12:05,202.5221,202.8581,202.4851,202.8533,1631
2024-01-01 02:12:06,202.8533,202.8648,202.7946,203.0314,6966
2024-01-01 02:12:07,203.0314,203.23,202.8874,203.4688,6087
2024-01-01 02:12:08,203.4688,203.6754,203.24,202.7274,2728
2024-01-01 02:12:09,202.7274,202.8748,202.6651,202.8206,6585
2024-01-01 02:12:10,202.8206,203.2481,202.6475,202.9945,6964
2024-01-01 02:12:11,202.9945,203.2304,202.8527,203.0152,1489
2024-01-01 02:12:12,203.0152,203.2359,202.8023,203.7987,1341
2024-01-01 02:12:13,203.7987,203.9082,203.69,203.9631,3537
2024-01-01 02:12:14,203.9631,204.4258,203.5113,205.2,7509
2024-01-01 02:12:15,205.2,205.5471,204.7828,205.2435,5637
2024-01-01 02:12:16,205.2435,205.9102,205.1734,205.7413,2691
2024-01-01 02:12:17,205.7413,206.4309,205.7259,205.4264,1809
2024-01-01 02:12:18,205.4264,205.5106,205.1745,205.8093,5747
2024-01-01 02:12:19,205.8093,206.0622,205.4755,206.2883,6508
2024-01-01 02:12:20,206.2883,206.4732,206.1109,206.6502,3015
2024-01-01 02:12:21,206.6502,206.9907,206.4739,206.7778,4517
2024-01-01 02:12:22,206.7778,207.2888,206.4678,207.0337,7793
2024-01-01 02:12:23,207.0337,207.1196,206.9827,206.7817,6834
2024-01-01 02:12:24,206.7817,207.0355,206.6512,206.8047,1491
2024-01-01 02:12:25,206.8047,207.3108,206.796,206.1826,1832
2024-01-01 02:12:26,206.1826,206.3001,205.6231,206.1274,8725
2024-01-01 02:12:27,206.1274,206.6038,205.9417,206.7093,2531
2024-01-01 02:12:28,206.7093,206.9897,206.5245,206.2464,7286
2024-01-01 02:12:29,206.2464,206.6417,205.9073,206.0693,4974
2024-01-01 02:12:30,206.0693,206.3935,205.7489,206.5789,9481
2024-01-01 02:12:31,206.5789,206.954,206.5395,206.8714,1400
2024-01-01 02:12:32,206.8714,206.8814,206.519,207.0007,4226
2024-01-01 02:12:33,207.0007,207.1092,206.9247,207.6121,7052
2024-01-01 02:12:34,207.6121,207.7676,207.4827,207.7793,1540
2024-01-01 02:12:35,207.7793,207.9284,207.6542,208.1275,4888
2024-01-01 02:12:36,208.1275,208.8149,207.8048,207.815,1697
2024-01-01 02:12:37,207.815,207.8233,207.7958,208.054,4869
2024-01-01 02:12:38,208.054,208.1688,207.3395,207.3691,2028
2024-01-01 02:12:39,207.3691,207.7548,207.2175,207.2281,9654
2024-01-01 02:12:40,207.2281,207.9366,207.0976,206.8676,7753
2024-01-01 02:12:41,206.8676,206.9134,206.5517,206.9386,5070
2024-01-01 02:12:42,206.9386,207.1781,206.8492,206.9329,1129
2024-01-01 02:12:43,206.9329,207.1763,206.8644,206.7085,2518
2024-01-01 02:12:44,206.7085,206.8856,206.6765,206.8349,8876
2024-01-01 02:12:45,206.8349,206.9199,206.3584,206.3033,7767
2024-01-01 02:12:46,206.3033,206.8489,206.2824,205.9632,4180
2024-01-01 02:12:47,205.9632,206.016,205.4554,206.6851,9108
2024-01-01 02:12:48,206.6851,206.8721,206.6588,206.252,6361
2024-01-01 02:12:49,206.252,206.7038,206.1999,206.9218,8772
2024-01-01 02:12:50,206.9218,207.1262,206.8668,206.0006,6097
2024-01-01 02:12:51,206.0006,206.2494,205.7899,206.6405,2446
2024-01-01 02:12:52,206.6405,207.3296,206.3334,206.2192,6487
2024-01-01 02:12:53,206.2192,206.2215,205.6721,206.676,6411
2024-01-01 02:12:54,206.676,206.9608,206.5632,206.8574,5573
2024-01-01 02:12:55,206.8574,207.0297,206.8463,206.5859,7207
2024-01-01 02:12:56,206.5859,206.969,206.2048,206.7594,7144
2024-01-01 02:12:57,206.7594,206.845,206.0168,206.8038,7366
2024-01-01 02:12:58,206.8038,207.0866,206.7651,206.2305,2994
2024-01-01 02:12:59,206.2305,206.4276,205.9142,206.0607,3279
2024-01-01 02:13:00,206.0607,206.3061,206.038,205.2767,3234
2024-01-01 02:13:01,205.2767,205.316,204.8942,206.1358,3250
2024-01-01 02:13:02,206.1358,206.2264,205.9231,206.2003,5421
2024-01-01 02:13:03,206.2003,206.4806,206.1029,206.2732,2053
2024-01-01 02:13:04,206.2732,206.5702,205.8615,206.4212,9533
2024-01-01 02:13:05,206.4212,206.7632,206.3417,206.0435,5007
2024-01-01 02:13:06,206.0435,206.1184,205.8527,206.4159,6333
2024-01-01 02:13:07,206.4159,206.5632,206.1232,206.9969,7543
2024-01-01 02:13:08,206.9969,207.3592,206.9235,206.5681,8542
2024-01-01 02:13:09,206.5681,206.9533,206.5623,206.1017,1034
2024-01-01 02:13:10,206.1017,206.195,205.6557,206.5412,7481
2024-01-01 02:13:11,206.5412,206.7642,206.2811,206.8746,7952
2024-01-01 02:13:12,206.8746,207.1045,206.7071,206.8477,7786
2024-01-01 02:13:13,206.8477,207.0034,206.7563,206.6404,1596
2024-01-01 02:13:14,206.6404,206.7461,206.3673,206.4799,5117
2024-01-01 02:13:15,206.4799,206.5375,206.3014,206.3695,2006
2024-01-01 02:13:16,206.3695,206.4937,206.2429,206.3138,5096
2024-01-01 02:13:17,206.3138,206.4461,206.2762,205.8263,7040
2024-01-01 02:13:18,205.8263,205.999,205.4861,206.0727,9645
2024-01-01 02:13:19,206.0727,206.4873,205.4835,206.3977,1355
2024-01-01 02:13:20,206.3977,206.6875,206.2446,206.5697,6187
2024-01-01 02:13:21,206.5697,206.8436,206.3096,206.3068,1813
2024-01-01 02:13:22,206.3068,206.4202,205.6463,205.6316,4044
2024-01-01 02:13:23,205.6316,205.7205,205.2894,205.5546,8795
2024-01-01 02:13:24,205.5546,205.7375,205.3621,205.9688,9027
2024-01-01 02:13:25,205.9688,206.1864,205.5632,205.9589,1780
2024-01-01 02:13:26,205.9589,206.1138,205.9209,206.0072,7589
2024-01-01 02:13:27,206.0072,206.8284,205.7933,206.2225,9280
2024-01-01 02:13:28,206.2225,206.3025,206.1828,206.0724,6957
2024-01-01 02:13:29,206.0724,206.3098,205.7408,205.9393,9662
2024-01-01 02:13:30,205.9393,206.2699,205.6641,205.8793,5841
2024-01-01 02:13:31,205.8793,206.3272,205.6317,205.1422,6928
2024-01-01 02:13:32,205.1422,205.1839,204.9474,205.0664,3952
2024-01-01 02:13:33,205.0664,205.3147,204.7307,204.6028,2567
2024-01-01 02:13:34,204.6028,204.7453,204.4635,205.4704,9254
2024-01-01 02:13:35,205.4704,205.5099,205.3887,206.5266,1102
2024-01-01 02:13:36,206.5266,206.7727,206.1452,206.1292,3023
2024-01-01 02:13:37,206.1292,206.187,205.8174,205.6479,1177
2024-01-01 02:13:38,205.6479,205.7454,205.5213,205.4098,7577
2024-01-01 02:13:39,205.4098,205.7247,205.308,205.2341,6556
2024-01-01 02:13:40,205.2341,205.4239,204.9974,205.3448,8323
2024-01-01 02:13:41,205.3448,205.3834,204.7772,205.4464,1716
2024-01-01 02:13:42,205.4464,205.5683,205.2751,205.4031,2425
2024-01-01 02:13:43,205.4031,205.5382,205.1179,205.6932,6757
2024-01-01 02:13:44,205.6932,205.7465,205.6393,205.574,7780
2024-01-01 02:13:45,205.574,205.8419,205.5194,206.0728,1363
2024-01-01 02:13:46,206.0728,206.1552,205.8148,205.8283,3454
2024-01-01 02:13:47,205.8283,206.4543,205.4892,205.9571,1887
2024-01-01 02:13:48,205.9571,206.2291,205.5704,205.7242,3358
2024-01-01 02:13:49,205.7242,205.9742,205.651,205.2021,1126
2024-01-01 02:13:50,205.2021,205.239,204.7259,206.4701,8153
2024-01-01 02:13:51,206.4701,206.5534,206.4431,205.9191,1044
2024-01-01 02:13:52,205.9191,206.6015,205.8059,205.3908,2363
2024-01-01 02:13:53,205.3908,205.4331,205.2665,204.0706,7276
2024-01-01 02:13:54,204.0706,204.2021,204.0151,203.3395,4947
2024-01-01 02:13:55,203.3395,203.693,202.9384,203.6409,4762
2024-01-01 02:13:56,203.6409,204.3122,203.0438,203.713,5466
2024-01-01 02:13:57,203.713,204.1928,203.6223,203.8178,6237
2024-01-01 02:13:58,203.8178,203.9378,203.5217,204.8095,1918
2024-01-01 02:13:59,204.8095,205.1246,204.5695,205.0865,4085
2024-01-01 02:14:00,205.0865,205.2001,205.0111,205.2329,5446
2024-01-01 02:14:01,205.2329,205.4353,204.8254,205.2105,7754
2024-01-01 02:14:02,205.2105,205.7358,204.8947,205.2098,2808
2024-01-01 02:14:03,205.2098,205.3588,205.1356,204.6628,1565
2024-01-01 02:14:04,204.6628,205.2192,204.5996,204.3316,5993
2024-01-01 02:14:05,204.3316,204.4061,204.3103,204.1819,6178
2024-01-01 02:14:06,204.1819,204.4197,204.0725,204.7383,6980
2024-01-01 02:14:07,204.7383,204.7739,204.5275,205.202,7826
2024-01-01 02:14:08,205.202,205.4137,205.013,205.3091,7034
2024-01-01 02:14:09,205.3091,205.37,205.122,206.0284,1867
2024-01-01 02:14:10,206.0284,206.0385,205.9061,206.9537,5317
2024-01-01 02:14:11,206.9537,207.026,206.2674,206.805,1540
2024-01-01 02:14:12,206.805,206.9351,206.795,206.6252,5416
2024-01-01 02:14:13,206.6252,206.761,206.5723,206.5537,4013
2024-01-01 02:14:14,206.5537,206.9452,206.2806,206.1338,4669
2024-01-01 02:14:15,206.1338,206.5725,205.6208,205.6933,8711
2024-01-01 02:14:16,205.6933,205.9294,205.5273,206.2922,9670
2024-01-01 02:14:17,206.2922,206.5195,206.1079,205.8951,8281
2024-01-01 02:14:18,205.8951,206.0937,205.2824,205.5643,4878
2024-01-01 02:14:19,205.5643,206.0714,205.4605,206.2526,4915
2024-01-01 02:14:20,206.2526,206.3415,205.7994,207.0158,6948
2024-01-01 02:14:21,207.0158,207.3283,206.7654,206.9254,7200
2024-01-01 02:14:22,206.9254,207.1601,206.9182,206.4312,8997
2024-01-01 02:14:23,206.4312,207.2599,205.9136,207.1561,7156
2024-01-01 02:14:24,207.1561,207.4993,206.6853,207.0187,5222
2024-01-01 02:14:25,207.0187,207.0339,206.9309,206.9239,6740
2024-01-01 02:14:26,206.9239,207.4412,206.6553,206.6688,6815
2024-01-01 02:14:27,206.6688,207.0618,205.9326,208.1735,6473
2024-01-01 02:14:28,208.1735,208.4729,208.1311,207.1291,9150
2024-01-01 02:14:29,207.1291,207.6786,206.3972,207.2056,7040
2024-01-01 02:14:30,207.2056,207.2154,207.1854,207.5941,9814
2024-01-01 02:14:31,207.5941,207.7871,207.4145,207.6654,3411
2024-01-01 02:14:32,207.6654,208.0578,207.289,207.2061,3623
2024-01-01 02:14:33,207.2061,207.6352,206.9363,207.4092,7275
2024-01-01 02:14:34,207.4092,207.9485,207.0557,207.6258,9397
2024-01-01 02:14:35,207.6258,207.6644,207.5796,207.8801,2925
2024-01-01 02:14:36,207.8801,207.9477,207.6837,208.5535,1052
2024-01-01 02:14:37,208.5535,208.6494,208.4946,208.4222,5560
2024-01-01 02:14:38,208.4222,208.443,208.0118,208.4455,1802
2024-01-01 02:14:39,208.4455,208.6345,208.3854,208.1956,3227
2024-01-01 02:14:40,208.1956,208.1964,208.163,207.6851,9583
2024-01-01 02:14:41,207.6851,208.2277,207.5524,207.7813,9122
2024-01-01 02:14:42,207.7813,207.9044,207.6218,207.827,7319
2024-01-01 02:14:43,207.827,208.4454,207.8017,207.3358,2647
2024-01-01 02:14:44,207.3358,207.5024,207.0256,207.6929,7573
2024-01-01 02:14:45,207.6929,207.7176,207.6256,207.0045,9042
2024-01-01 02:14:46,207.0045,207.1373,206.7282,206.3292,2836
2024-01-01 02:14:47,206.3292,206.8815,206.2962,206.2164,3446
2024-01-01 02:14:48,206.2164,206.3545,206.0927,207.1908,4353
2024-01-01 02:14:49,207.1908,207.3414,207.0272,207.0442,8529
2024-01-01 02:14:50,207.0442,207.509,206.9609,207.2803,6762
2024-01-01 02:14:51,207.2803,207.6176,207.1826,206.6085,2734
2024-01-01 02:14:52,206.6085,206.8359,206.2598,205.8713,7816
2024-01-01 02:14:53,205.8713,205.9961,205.7224,205.3206,9869
2024-01-01 02:14:54,205.3206,205.4298,204.954,205.5128,5294
2024-01-01 02:14:55,205.5128,206.2315,205.4694,206.038,5622
2024-01-01 02:14:56,206.038,206.0403,205.4283,205.3545,6457
2024-01-01 02:14:57,205.3545,205.4994,205.1424,206.386,9798
2024-01-01 02:14:58,206.386,206.6813,206.0886,206.4319,3034
2024-01-01 02:14:59,206.4319,206.5057,206.2814,206.1647,1591
2024-01-01 02:15:00,206.1647,206.5098,205.8931,206.5417,5164
2024-01-01 02:15:01,206.5417,206.8937,206.3645,206.7262,3436
2024-01-01 02:15:02,206.7262,206.9624,206.3822,206.2989,4099
2024-01-01 02:15:03,206.2989,206.3529,206.0839,205.9961,1615
2024-01-01 02:15:04,205.9961,206.1124,205.9646,206.0421,4551
2024-01-01 02:15:05,206.0421,206.4585,205.9363,205.4741,9689
2024-01-01 02:15:06,205.4741,205.8711,205.4179,206.0754,4803
2024-01-01 02:15:07,206.0754,206.1282,205.5004,205.5135,3915
2024-01-01 02:15:08,205.5135,205.5986,205.2174,205.2414,9992
2024-01-01 02:15:09,205.2414,205.4622,205.1789,205.8065,9260
2024-01-01 02:15:10,205.8065,205.9418,205.5866,206.0351,4227
2024-01-01 02:15:11,206.0351,206.1073,205.7567,206.5942,8406
2024-01-01 02:15:12,206.5942,207.3969,206.5432,206.7567,4621
2024-01-01 02:15:13,206.7567,207.1314,206.5424,206.4985,9367
2024-01-01 02:15:14,206.4985,206.7705,206.2742,205.5111,5536
2024-01-01 02:15:15,205.5111,205.7265,205.0075,205.5301,8198
2024-01-01 02:15:16,205.5301,205.8908,205.3742,204.9401,8902
2024-01-01 02:15:17,204.9401,205.0636,204.6119,204.59,8905
2024-01-01 02:15:18,204.59,204.9685,204.3942,204.7143,3056
2024-01-01 02:15:19,204.7143,204.8148,204.5334,204.801,6230
2024-01-01 02:15:20,204.801,205.0189,204.6944,204.903,6413
2024-01-01 02:15:21,204.903,204.9791,204.9006,204.8124,3305
2024-01-01 02:15:22,204.8124,205.0081,204.5853,205.2609,1567
2024-01-01 02:15:23,205.2609,205.2815,205.0683,205.3843,7113
2024-01-01 02:15:24,205.3843,205.4695,204.8451,204.9404,5203
2024-01-01 02:15:25,204.9404,205.0688,204.5686,205.4515,7667
2024-01-01 02:15:26,205.4515,205.5922,205.2422,204.4277,9533
2024-01-01 02:15:27,204.4277,204.6863,204.3663,203.1036,7549
2024-01-01 02:15:28,203.1036,203.209,203.0443,202.7458,5466
2024-01-01 02:15:29,202.7458,202.7601,202.6044,202.0954,2105
2024-01-01 02:15:30,202.0954,202.1119,201.5985,202.3749,8765
2024-01-01 02:15:31,202.3749,202.3878,202.1789,202.4438,5561
2024-01-01 02:15:32,202.4438,202.5875,202.4299,202.5989,9594
2024-01-01 02:15:33,202.5989,202.7082,202.2604,202.5863,7810
2024-01-01 02:15:34,202.5863,203.0418,202.4551,201.6838,3549
2024-01-01 02:15:35,201.6838,201.7313,201.0879,201.4143,5020
2024-01-01 02:15:36,201.4143,201.9976,201.2556,200.5047,9237
2024-01-01 02:15:37,200.5047,200.5965,200.4265,201.058,2460
2024-01-01 02:15:38,201.058,201.3725,200.9027,200.7911,7052
2024-01-01 02:15:39,200.7911,201.1324,200.5285,200.4579,7750
2024-01-01 02:15:40,200.4579,201.1374,200.3442,200.1951,5946
2024-01-01 02:15:41,200.1951,200.3287,199.9597,199.7406,6297
2024-01-01 02:15:42,199.7406,200.6226,199.5529,199.4233,3022
2024-01-01 02:15:43,199.4233,199.5563,199.1834,199.4297,5106
2024-01-01 02:15:44,199.4297,199.8335,199.3738,199.6163,5095
2024-01-01 02:15:45,199.6163,199.6405,199.605,199.3534,2365
2024-01-01 02:15:46,199.3534,199.5789,199.286,199.3552,7275
2024-01-01 02:15:47,199.3552,199.929,199.0064,199.7412,6579
2024-01-01 02:15:48,199.7412,199.9425,199.5514,199.9346,1829
2024-01-01 02:15:49,199.9346,200.3987,199.6684,199.2013,5093
2024-01-01 02:15:50,199.2013,199.3649,199.1042,199.7476,6856
2024-01-01 02:15:51,199.7476,199.8989,199.6251,199.7326,3186
2024-01-01 02:15:52,199.7326,199.9242,199.6959,200.3638,1007
2024-01-01 02:15:53,200.3638,200.5177,200.2696,199.5451,2748
2024-01-01 02:15:54,199.5451,199.5687,199.4802,199.0418,6528
2024-01-01 02:15:55,199.0418,199.4499,198.8686,199.1396,2407
2024-01-01 02:15:56,199.1396,199.2736,199.0611,197.9179,4577
2024-01-01 02:15:57,197.9179,198.065,197.6332,198.1367,6892
2024-01-01 02:15:58,198.1367,198.1836,197.3,198.1272,2103
2024-01-01 02:15:59,198.1272,198.2785,197.8468,197.9698,6234
2024-01-01 02:16:00,197.9698,198.0732,197.6317,197.4604,8756
2024-01-01 02:16:01,197.4604,197.8298,197.3434,196.9784,6393
2024-01-01 02:16:02,196.9784,197.4643,196.8253,197.374,2902
2024-01-01 02:16:03,197.374,197.4609,197.2647,197.2061,5638
2024-01-01 02:16:04,197.2061,197.5411,196.9291,197.5603,5754
2024-01-01 02:16:05,197.5603,197.5874,197.5379,197.1899,2377
2024-01-01 02:16:06,197.1899,197.5419,196.8877,197.3156,4105
2024-01-01 02:16:07,197.3156,197.5304,197.1967,197.9104,3759
2024-01-01 02:16:08,197.9104,198.0013,197.4427,197.6643,1500
2024-01-01 02:16:09,197.6643,197.8623,197.5045,197.14,1703
2024-01-01 02:16:10,197.14,197.4806,196.8854,197.5408,6033
2024-01-01 02:16:11,197.5408,198.3112,197.2122,197.5246,9413
2024-01-01 02:16:12,197.5246,197.5983,197.3592,198.0072,2214
2024-01-01 02:16:13,198.0072,198.0684,197.8496,198.324,4057
2024-01-01 02:16:14,198.324,198.4747,198.319,198.9524,6356
2024-01-01 02:16:15,198.9524,199.6538,198.7217,199.4458,7821
2024-01-01 02:16:16,199.4458,199.6674,199.347,199.2937,6134
2024-01-01 02:16:17,199.2937,199.3552,199.1344,199.0964,2862
2024-01-01 02:16:18,199.0964,199.1214,198.9351,198.9908,9476
2024-01-01 02:16:19,198.9908,199.0552,198.841,199.1738,2676
2024-01-01 02:16:20,199.1738,199.6097,198.9943,198.5782,4863
2024-01-01 02:16:21,198.5782,198.6712,198.2144,198.514,1202
2024-01-01 02:16:22,198.514,198.6818,198.4422,198.4738,5125
2024-01-01 02:16:23,198.4738,199.0393,198.0325,197.668,8808
2024-01-01 02:16:24,197.668,198.0338,197.492,198.0215,3284
2024-01-01 02:16:25,198.0215,198.2943,197.3703,198.0198,5147
2024-01-01 02:16:26,198.0198,198.3327,197.9406,198.3558,8343
2024-01-01 02:16:27,198.3558,198.4284,198.3439,198.4071,3205
2024-01-01 02:16:28,198.4071,198.7382,198.1609,197.8126,9769
2024-01-01 02:16:29,197.8126,198.2817,197.7934,197.234,7989
2024-01-01 02:16:30,197.234,197.8698,196.9755,196.95,9179
2024-01-01 02:16:31,196.95,197.1104,196.9367,198.2112,1650
2024-01-01 02:16:32,198.2112,198.2973,198.0554,197.7803,1848
2024-01-01 02:16:33,197.7803,198.3428,197.7076,196.8541,1586
2024-01-01 02:16:34,196.8541,197.0484,196.4436,197.2098,9078
2024-01-01 02:16:35,197.2098,197.3738,197.1748,197.5478,8568
2024-01-01 02:16:36,197.5478,197.7016,197.4949,197.6389,5740
2024-01-01 02:16:37,197.6389,197.8805,197.4268,198.1636,9713
2024-01-01 02:16:38,198.1636,198.276,197.6989,197.8788,8117
2024-01-01 02:16:39,197.8788,197.8903,197.1357,199.4695,4832
2024-01-01 02:16:40,199.4695,199.5975,199.3184,199.0866,2694
2024-01-01 02:16:41,199.0866,199.1484,198.9147,199.6714,9376
2024-01-01 02:16:42,199.6714,199.9745,199.1962,198.7035,3726
2024-01-01 02:16:43,198.7035,198.7598,198.3756,197.6404,7987
2024-01-01 02:16:44,197.6404,197.6747,196.9719,197.0731,5492
2024-01-01 02:16:45,197.0731,197.332,196.517,196.9593,6771
2024-01-01 02:16:46,196.9593,197.1476,196.888,197.4137,7016
2024-01-01 02:16:47,197.4137,197.5148,197.3591,197.2492,2321
2024-01-01 02:16:48,197.2492,197.6977,196.8746,197.133,4132
2024-01-01 02:16:49,197.133,197.2417,196.8972,196.7191,8660
2024-01-01 02:16:50,196.7191,196.9907,196.3775,196.6325,1054
2024-01-01 02:16:51,196.6325,196.9232,196.6245,195.319,5874
2024-01-01 02:16:52,195.319,195.4971,194.9079,194.6487,7545
2024-01-01 02:16:53,194.6487,194.7378,194.3867,194.0861,7191
2024-01-01 02:16:54,194.0861,194.0995,193.6449,193.3059,4894
2024-01-01 02:16:55,193.3059,193.3495,193.2927,193.7433,6330
2024-01-01 02:16:56,193.7433,193.8918,193.315,194.1441,5578
2024-01-01 02:16:57,194.1441,194.1595,193.9025,193.5468,3806
2024-01-01 02:16:58,193.5468,193.7934,193.478,193.7973,4095
2024-01-01 02:16:59,193.7973,193.9263,193.3202,193.9973,2102
2024-01-01 02:17:00,193.9973,194.106,193.6205,193.8639,6806
2024-01-01 02:17:01,193.8639,194.248,193.5472,194.2435,2630
2024-01-01 02:17:02,194.2435,194.2935,194.192,194.7509,4774
2024-01-01 02:17:03,194.7509,195.2893,194.6737,194.9731,8026
2024-01-01 02:17:04,194.9731,195.473,194.9689,195.0817,6491
2024-01-01 02:17:05,195.0817,195.1047,194.8543,195.0118,9048
2024-01-01 02:17:06,195.0118,195.6312,194.8748,195.094,5273
2024-01-01 02:17:07,195.094,195.4939,194.6444,194.9401,8976
2024-01-01 02:17:08,194.9401,195.3795,194.1945,195.4263,1647
2024-01-01 02:17:09,195.4263,195.6258,195.4176,195.6949,3826
2024-01-01 02:17:10,195.6949,196.2431,195.4194,195.8902,8231
2024-01-01 02:17:11,195.8902,196.3809,195.6847,196.28,9623
2024-01-01 02:17:12,196.28,196.6799,196.0838,196.5735,6033
2024-01-01 02:17:13,196.5735,196.7983,196.134,196.4191,6245
2024-01-01 02:17:14,196.4191,196.9382,195.9466,197.3099,8229
2024-01-01 02:17:15,197.3099,197.3135,196.5804,198.0495,7932
2024-01-01 02:17:16,198.0495,198.6404,197.8867,198.0856,2436
2024-01-01 02:17:17,198.0856,198.2833,197.5451,197.8644,4372
2024-01-01 02:17:18,197.8644,198.7546,197.0607,197.9708,9255
2024-01-01 02:17:19,197.9708,198.6346,197.5058,196.9673,1882
2024-01-01 02:17:20,196.9673,197.4124,196.5637,197.2961,5250
2024-01-01 02:17:21,197.2961,197.3282,197.2347,198.4446,4848
2024-01-01 02:17:22,198.4446,198.785,198.3864,198.6861,7840
2024-01-01 02:17:23,198.6861,198.9049,197.9803,198.6803,2518
2024-01-01 02:17:24,198.6803,199.2824,198.4366,198.1888,5989
2024-01-01 02:17:25,198.1888,198.3924,198.0838,198.6159,9912
2024-01-01 02:17:26,198.6159,198.6636,197.8166,198.7462,2026
2024-01-01 02:17:27,198.7462,199.0836,198.5732,198.5966,9731
2024-01-01 02:17:28,198.5966,198.7749,198.4148,197.7611,5612
2024-01-01 02:17:29,197.7611,198.1179,197.599,198.5489,1176
2024-01-01 02:17:30,198.5489,198.7011,198.3571,198.6147,6101
2024-01-01 02:17:31,198.6147,198.733,198.4167,198.6563,4357
2024-01-01 02:17:32,198.6563,198.8045,198.3828,198.5642,1737
2024-01-01 02:17:33,198.5642,198.6487,198.3284,198.6917,7473
2024-01-01 02:17:34,198.6917,198.6923,198.6392,198.7693,4840
2024-01-01 02:17:35,198.7693,198.9088,198.5376,199.0909,8458
2024-01-01 02:17:36,199.0909,199.1603,198.9983,198.8499,3404
2024-01-01 02:17:37,198.8499,198.9126,198.706,198.0196,4801
2024-01-01 02:17:38,198.0196,198.1808,197.9885,197.6337,8606
2024-01-01 02:17:39,197.6337,197.72,197.5412,195.9899,7189
2024-01-01 02:17:40,195.9899,196.1051,195.4851,196.0455,9139
2024-01-01 02:17:41,196.0455,196.1866,195.4082,195.9245,8437
2024-01-01 02:17:42,195.9245,195.9436,195.6573,195.3568,2041
2024-01-01 02:17:43,195.3568,195.4259,195.0206,195.5398,2252
2024-01-01 02:17:44,195.5398,195.6901,195.1796,195.7787,4657
2024-01-01 02:17:45,195.7787,196.1023,195.4944,195.6364,3633
2024-01-01 02:17:46,195.6364,195.7288,195.5985,196.2105,2915
2024-01-01 02:17:47,196.2105,196.4352,196.0739,196.6064,9213
2024-01-01 02:17:48,196.6064,196.7986,196.4006,196.1025,8475
2024-01-01 02:17:49,196.1025,196.2033,195.9145,195.4697,2859
2024-01-01 02:17:50,195.4697,195.6237,194.7171,194.4307,7598
2024-01-01 02:17:51,194.4307,194.518,193.9546,194.675,1656
2024-01-01 02:17:52,194.675,195.1001,194.1949,194.684,6226
2024-01-01 02:17:53,194.684,195.1004,194.6578,195.3204,2737
2024-01-01 02:17:54,195.3204,195.6917,195.1192,195.3877,3297
2024-01-01 02:17:55,195.3877,196.0185,195.2551,196.043,6008
2024-01-01 02:17:56,196.043,196.3465,195.7599,195.3554,6180
2024-01-01 02:17:57,195.3554,195.3629,194.637,195.0823,4733
2024-01-01 02:17:58,195.0823,195.1427,195.0512,194.118,1893
2024-01-01 02:17:59,194.118,194.1719,193.3478,194.0786,2223
2024-01-01 02:18:00,194.0786,194.2762,193.8523,194.1154,1903
2024-01-01 02:18:01,194.1154,194.2224,193.8603,193.969,6705
2024-01-01 02:18:02,193.969,194.4632,193.86,193.8065,1590
2024-01-01 02:18:03,193.8065,194.4817,193.5879,193.4568,9456
2024-01-01 02:18:04,193.4568,193.8927,193.0098,193.2615,9246
2024-01-01 02:18:05,193.2615,193.5244,192.9971,193.4727,3699
2024-01-01 02:18:06,193.4727,193.977,192.9399,192.8151,2734
2024-01-01 02:18:07,192.8151,192.8209,192.7397,193.8278,1634
2024-01-01 02:18:08,193.8278,193.8732,193.4837,193.564,1354
2024-01-01 02:18:09,193.564,193.6137,193.1505,192.5791,9101
2024-01-01 02:18:10,192.5791,192.6915,192.4479,192.5907,7595
2024-01-01 02:18:11,192.5907,192.8466,192.3906,192.8089,9057
2024-01-01 02:18:12,192.8089,192.8213,192.6833,192.7226,1376
2024-01-01 02:18:13,192.7226,193.5576,192.4661,192.6452,8004
2024-01-01 02:18:14,192.6452,192.7124,192.003,192.4716,3440
2024-01-01 02:18:15,192.4716,192.6224,192.4328,193.0738,5789
2024-01-01 02:18:16,193.0738,193.765,192.6111,192.6946,9988
2024-01-01 02:18:17,192.6946,192.8013,192.631,192.7064,1256
2024-01-01 02:18:18,192.7064,192.7515,192.6575,193.2921,4968
2024-01-01 02:18:19,193.2921,193.4767,193.0129,193.3097,1770
2024-01-01 02:18:20,193.3097,193.7221,193.2283,193.0521,8595
2024-01-01 02:18:21,193.0521,193.0614,192.7949,193.8793,7163
2024-01-01 02:18:22,193.8793,194.3143,193.501,193.4154,8911
2024-01-01 02:18:23,193.4154,193.5425,193.2226,193.1364,1980
2024-01-01 02:18:24,193.1364,193.5645,192.6339,193.1578,4728
2024-01-01 02:18:25,193.1578,193.2958,193.1461,193.4716,8602
2024-01-01 02:18:26,193.4716,193.6146,193.4307,192.8432,3338
2024-01-01 02:18:27,192.8432,192.8834,192.2688,191.681,3635
2024-01-01 02:18:28,191.681,191.7433,191.5875,191.6587,4139
2024-01-01 02:18:29,191.6587,191.9933,191.5282,191.4579,5725
2024-01-01 02:18:30,191.4579,191.684,191.1922,191.4696,7208
2024-01-01 02:18:31,191.4696,191.5239,191.3455,190.4296,3043
2024-01-01 02:18:32,190.4296,190.6776,189.9463,190.6704,1931
2024-01-01 02:18:33,190.6704,190.9069,190.6382,191.1177,8541
2024-01-01 02:18:34,191.1177,191.5982,190.7632,191.0124,8684
2024-01-01 02:18:35,191.0124,191.2417,190.2415,191.8766,6416
2024-01-01 02:18:36,191.8766,192.035,191.5119,191.9444,3536
2024-01-01 02:18:37,191.9444,191.9766,191.8321,192.3377,6514
2024-01-01 02:18:38,192.3377,192.7643,191.9064,192.3027,1442
2024-01-01 02:18:39,192.3027,192.3481,192.2478,192.9249,1189
2024-01-01 02:18:40,192.9249,192.9408,192.6009,192.5485,1864
2024-01-01 02:18:41,192.5485,192.6087,192.2713,192.9304,3106
2024-01-01 02:18:42,192.9304,193.6715,192.8651,193.5448,7944
2024-01-01 02:18:43,193.5448,193.6134,193.2303,193.8235,5003
2024-01-01 02:18:44,193.8235,194.1097,193.7509,193.8183,3229
2024-01-01 02:18:45,193.8183,193.9453,193.5297,194.192,3026
2024-01-01 02:18:46,194.192,194.317,194.0161,194.3109,6096
2024-01-01 02:18:47,194.3109,194.3318,194.1464,193.6286,2397
2024-01-01 02:18:48,193.6286,193.7525,193.5301,192.675,6189
2024-01-01 02:18:49,192.675,192.8444,192.6368,192.9761,9682
2024-01-01 02:18:50,192.9761,193.2841,192.7245,193.4751,5418
2024-01-01 02:18:51,193.4751,193.7106,193.1574,193.9288,6094
2024-01-01 02:18:52,193.9288,193.9675,193.8578,194.2401,7069
2024-01-01 02:18:53,194.2401,194.7073,193.9304,194.5473,9375
2024-01-01 02:18:54,194.5473,194.6175,194.21,194.8664,6460
2024-01-01 02:18:55,194.8664,194.9972,194.7371,193.849,9484
2024-01-01 02:18:56,193.849,193.8625,193.7591,193.9661,9144
2024-01-01 02:18:57,193.9661,194.0417,193.6166,193.5568,8390
2024-01-01 02:18:58,193.5568,193.8218,193.4237,193.7262,3154
2024-01-01 02:18:59,193.7262,193.8791,193.5368,192.8234,8755
2024-01-01 02:19:00,192.8234,192.84,192.6788,192.2502,7398
2024-01-01 02:19:01,192.2502,192.2866,191.8527,193.32,1555
2024-01-01 02:19:02,193.32,193.5493,193.0171,193.1794,7332
2024-01-01 02:19:03,193.1794,193.7344,192.9254,193.3536,3223
2024-01-01 02:19:04,193.3536,193.5937,193.0065,192.8688,8495
2024-01-01 02:19:05,192.8688,193.0567,192.6533,193.4538,4406
2024-01-01 02:19:06,193.4538,193.4618,193.3329,192.7829,6761
2024-01-01 02:19:07,192.7829,193.2759,192.4397,191.8859,7223
2024-01-01 02:19:08,191.8859,191.9038,191.4337,192.1143,5164
2024-01-01 02:19:09,192.1143,192.2877,192.0876,192.8336,6905
2024-01-01 02:19:10,192.8336,193.6611,192.7854,192.8052,1713
2024-01-01 02:19:11,192.8052,193.0727,192.6293,192.1303,4646
2024-01-01 02:19:12,192.1303,192.4595,192.1289,192.5765,3348
2024-01-01 02:19:13,192.5765,192.706,192.4788,192.7021,2706
2024-01-01 02:19:14,192.7021,192.9445,192.4889,192.5893,1930
2024-01-01 02:19:15,192.5893,192.6478,192.306,192.9419,4786
2024-01-01 02:19:16,192.9419,193.7734,192.8994,192.9377,9331
2024-01-01 02:19:17,192.9377,193.1504,192.8447,192.5238,5381
2024-01-01 02:19:18,192.5238,192.6506,192.3676,193.037,4977
2024-01-01 02:19:19,193.037,193.5102,192.8048,192.908,9181
2024-01-01 02:19:20,192.908,193.0359,192.7071,192.5791,6018
2024-01-01 02:19:21,192.5791,192.9739,192.2749,192.7796,6805
2024-01-01 02:19:22,192.7796,193.0518,192.4361,192.6669,2900
2024-01-01 02:19:23,192.6669,192.8904,192.2397,192.8277,2789
2024-01-01 02:19:24,192.8277,192.8545,192.5765,191.8108,3354
2024-01-01 02:19:25,191.8108,191.943,191.7579,190.9057,4745
2024-01-01 02:19:26,190.9057,191.0301,190.6405,191.0938,3644
2024-01-01 02:19:27,191.0938,191.2714,190.3376,190.1103,7457
2024-01-01 02:19:28,190.1103,190.6159,189.9725,190.83,7695
2024-01-01 02:19:29,190.83,191.0375,190.7127,190.8652,1498
2024-01-01 02:19:30,190.8652,191.1054,190.3964,190.9067,7380
2024-01-01 02:19:31,190.9067,191.0547,190.6612,191.1096,2323
2024-01-01 02:19:32,191.1096,191.3596,190.3573,191.3618,1260
2024-01-01 02:19:33,191.3618,191.7781,190.7905,191.3252,3150
2024-01-01 02:19:34,191.3252,191.4064,190.8217,190.6591,5783
2024-01-01 02:19:35,190.6591,190.7765,190.4129,190.8626,6841
2024-01-01 02:19:36,190.8626,191.4978,190.3915,191.4471,3209
2024-01-01 02:19:37,191.4471,192.0963,191.2011,191.3182,7881
2024-01-01 02:19:38,191.3182,191.3505,191.1454,190.4302,6215
2024-01-01 02:19:39,190.4302,190.496,190.2309,191.0685,4755
2024-01-01 02:19:40,191.0685,191.9487,190.5999,191.7579,3182
2024-01-01 02:19:41,191.7579,191.8362,191.4029,191.9752,4538
2024-01-01 02:19:42,191.9752,192.2977,191.8674,191.3078,6647
2024-01-01 02:19:43,191.3078,191.3417,191.2761,191.2113,7215
2024-01-01 02:19:44,191.2113,191.2142,191.0936,191.7506,5118
2024-01-01 02:19:45,191.7506,192.1947,191.6178,192.0828,7313
2024-01-01 02:19:46,192.0828,192.1881,191.8972,192.7075,6624
2024-01-01 02:19:47,192.7075,192.7808,192.3637,191.4118,6917
2024-01-01 02:19:48,191.4118,191.6079,191.3588,191.8774,3973
2024-01-01 02:19:49,191.8774,192.2658,191.8669,191.9518,4187
2024-01-01 02:19:50,191.9518,192.0836,191.415,192.4553,6920
2024-01-01 02:19:51,192.4553,192.8522,192.3215,192.6278,4816
2024-01-01 02:19:52,192.6278,192.7478,192.5109,191.6746,3132
2024-01-01 02:19:53,191.6746,192.3598,191.0909,191.5414,5508
2024-01-01 02:19:54,191.5414,191.7193,191.4442,192.3093,3619
2024-01-01 02:19:55,192.3093,192.4416,192.007,192.2917,7113
2024-01-01 02:19:56,192.2917,192.6418,192.1714,191.5542,7749
2024-01-01 02:19:57,191.5542,191.61,191.5383,190.9776,1963
2024-01-01 02:19:58,190.9776,191.0099,190.586,190.6743,2399
2024-01-01 02:19:59,190.6743,191.1717,190.154,190.4122,2986
2024-01-01 02:20:00,190.4122,190.4937,190.1384,189.4559,5019
2024-01-01 02:20:01,189.4559,189.8103,189.2111,189.385,6297
2024-01-01 02:20:02,189.385,189.6055,189.2454,188.6071,6371
2024-01-01 02:20:03,188.6071,188.8504,188.0003,188.8592,9455
2024-01-01 02:20:04,188.8592,189.5727,188.6463,188.6446,1484
2024-01-01 02:20:05,188.6446,188.7087,188.4567,188.9574,9614
2024-01-01 02:20:06,188.9574,189.085,188.5477,188.0939,5636
2024-01-01 02:20:07,188.0939,188.405,187.9684,187.3068,1193
2024-01-01 02:20:08,187.3068,187.7739,187.1721,187.7393,1393
2024-01-01 02:20:09,187.7393,188.0837,187.6344,188.9295,9949
2024-01-01 02:20:10,188.9295,189.1311,188.4089,188.2881,6317
2024-01-01 02:20:11,188.2881,188.4901,187.9728,188.2024,1080
2024-01-01 02:20:12,188.2024,188.4079,187.9801,187.6451,5860
2024-01-01 02:20:13,187.6451,188.1275,187.1999,187.9037,3883
2024-01-01 02:20:14,187.9037,188.0774,187.5788,188.3087,3096
2024-01-01 02:20:15,188.3087,188.6421,188.1894,187.7871,6556
2024-01-01 02:20:16,187.7871,188.1898,187.6785,188.6593,1644
2024-01-01 02:20:17,188.6593,188.9415,187.9259,189.4026,4702
2024-01-01 02:20:18,189.4026,189.5965,189.0546,189.1719,5247
2024-01-01 02:20:19,189.1719,189.3124,189.0785,188.2304,8978
2024-01-01 02:20:20,188.2304,188.3935,188.1429,188.5082,4296
2024-01-01 02:20:21,188.5082,188.9171,188.0031,188.9008,2746
2024-01-01 02:20:22,188.9008,189.178,188.4267,187.9833,7187
2024-01-01 02:20:23,187.9833,188.7328,187.7353,187.7129,8235
2024-01-01 02:20:24,187.7129,187.8685,187.4953,187.0054,9368
2024-01-01 02:20:25,187.0054,187.059,186.4075,186.3256,6896
2024-01-01 02:20:26,186.3256,186.3926,185.7774,185.7933,2409
2024-01-01 02:20:27,185.7933,186.2002,185.6479,184.9289,8155
2024-01-01 02:20:28,184.9289,184.974,184.2677,184.6526,9257
2024-01-01 02:20:29,184.6526,184.861,184.5814,185.1814,8373
2024-01-01 02:20:30,185.1814,185.3312,185.1107,184.1547,2187
2024-01-01 02:20:31,184.1547,184.392,184.1048,184.708,4485
2024-01-01 02:20:32,184.708,184.8077,184.6913,184.8823,9544
2024-01-01 02:20:33,184.8823,185.5674,184.8752,184.4137,5238
2024-01-01 02:20:34,184.4137,184.5121,184.3661,185.8725,8215
2024-01-01 02:20:35,185.8725,185.9574,185.871,185.9048,4291
2024-01-01 02:20:36,185.9048,185.9773,185.5787,185.7607,7453
2024-01-01 02:20:37,185.7607,185.8033,185.5775,185.7301,8079
2024-01-01 02:20:38,185.7301,186.111,185.6685,186.6032,4613
2024-01-01 02:20:39,186.6032,186.9624,185.9667,186.7265,3605
2024-01-01 02:20:40,186.7265,186.7654,186.534,186.3909,3309
2024-01-01 02:20:41,186.3909,186.8063,185.915,186.8808,4024
2024-01-01 02:20:42,186.8808,186.8928,186.8804,187.1696,6593
2024-01-01 02:20:43,187.1696,187.5134,187.0763,187.2863,6716
2024-01-01 02:20:44,187.2863,187.4305,187.2396,187.3443,3975
2024-01-01 02:20:45,187.3443,187.5044,187.0936,188.1224,1323
2024-01-01 02:20:46,188.1224,188.1386,188.1204,188.7446,6466
2024-01-01 02:20:47,188.7446,189.2194,188.4713,188.7244,4487
2024-01-01 02:20:48,188.7244,188.9496,188.6588,188.1548,4312
2024-01-01 02:20:49,188.1548,188.3484,188.0176,187.8337,5028
2024-01-01 02:20:50,187.8337,188.1091,187.7459,188.0561,9447
2024-01-01 02:20:51,188.0561,188.2722,187.6196,187.8431,9783
2024-01-01 02:20:52,187.8431,188.4699,187.3672,187.7313,8228
2024-01-01 02:20:53,187.7313,187.7601,187.6664,187.1391,9164
2024-01-01 02:20:54,187.1391,187.439,186.9028,187.3059,7182
2024-01-01 02:20:55,187.3059,187.5024,187.1644,187.368,4925
2024-01-01 02:20:56,187.368,187.6936,186.8434,187.3765,2299
2024-01-01 02:20:57,187.3765,187.4329,186.9392,187.3373,6060
2024-01-01 02:20:58,187.3373,187.4914,187.0925,187.6548,7251
2024-01-01 02:20:59,187.6548,187.7029,186.9976,188.0032,8510
2024-01-01 02:21:00,188.0032,188.2403,187.4762,187.0632,9024
2024-01-01 02:21:01,187.0632,187.2384,186.5239,186.4787,6325
2024-01-01 02:21:02,186.4787,186.7693,186.1611,186.4636,9577
2024-01-01 02:21:03,186.4636,186.7636,186.0548,186.4583,9183
2024-01-01 02:21:04,186.4583,186.6828,186.1748,186.3166,4831
2024-01-01 02:21:05,186.3166,186.4749,186.1527,186.3492,9243
2024-01-01 02:21:06,186.3492,186.3499,186.2876,186.0409,3818
2024-01-01 02:21:07,186.0409,186.1955,185.9532,186.4135,4357
2024-01-01 02:21:08,186.4135,186.7965,185.9499,186.2656,3608
2024-01-01 02:21:09,186.2656,186.5426,185.9966,185.8071,1390
2024-01-01 02:21:10,185.8071,185.8488,185.3801,186.5784,3271
2024-01-01 02:21:11,186.5784,186.5967,186.5488,187.2718,5474
2024-01-01 02:21:12,187.2718,187.3462,187.212,187.6382,8913
2024-01-01 02:21:13,187.6382,188.1476,187.3943,187.126,5356
2024-01-01 02:21:14,187.126,187.5967,186.9535,188.0687,1115
2024-01-01 02:21:15,188.0687,188.1589,187.77,187.6734,4779
2024-01-01 02:21:16,187.6734,187.9668,187.221,186.7389,6080
2024-01-01 02:21:17,186.7389,187.0388,186.4219,187.2733,9053
2024-01-01 02:21:18,187.2733,187.5387,186.8009,188.0855,7545
2024-01-01 02:21:19,188.0855,188.5885,187.8573,187.8082,8094
2024-01-01 02:21:20,187.8082,188.2029,187.5101,187.0632,6780
2024-01-01 02:21:21,187.0632,187.3119,186.8123,187.1239,6603
2024-01-01 02:21:22,187.1239,187.2571,186.8772,187.2849,6253
2024-01-01 02:21:23,187.2849,187.3877,187.2338,187.4604,6959
2024-01-01 02:21:24,187.4604,187.6091,187.1192,188.064,3201
2024-01-01 02:21:25,188.064,188.3588,187.8683,187.9283,3352
2024-01-01 02:21:26,187.9283,187.9788,187.899,187.5153,8063
2024-01-01 02:21:27,187.5153,187.9273,187.2988,187.8132,6927
2024-01-01 02:21:28,187.8132,188.1033,187.4982,187.63,9785
2024-01-01 02:21:29,187.63,188.0731,187.538,187.2103,9621
2024-01-01 02:21:30,187.2103,187.3999,186.924,186.5185,8847
2024-01-01 02:21:31,186.5185,186.7169,186.2796,186.6242,8074
2024-01-01 02:21:32,186.6242,186.7033,186.3086,186.6651,5209
2024-01-01 02:21:33,186.6651,186.6686,186.4681,187.5201,9912
2024-01-01 02:21:34,187.5201,188.6974,187.4247,186.8317,1324
2024-01-01 02:21:35,186.8317,186.9463,186.7449,186.498,2835
2024-01-01 02:21:36,186.498,186.8373,186.3494,186.6856,5122
2024-01-01 02:21:37,186.6856,186.9508,186.6827,186.2446,9569
2024-01-01 02:21:38,186.2446,186.248,186.1519,185.7627,7433
2024-01-01 02:21:39,185.7627,185.8565,185.6906,185.3203,4159
2024-01-01 02:21:40,185.3203,185.4944,185.3142,184.8496,9573
2024-01-01 02:21:41,184.8496,184.8778,184.7364,185.4003,8423
2024-01-01 02:21:42,185.4003,185.5627,185.2903,186.3931,2458
2024-01-01 02:21:43,186.3931,186.5411,186.1702,186.954,7511
2024-01-01 02:21:44,186.954,187.1384,186.3953,188.0177,4331
2024-01-01 02:21:45,188.0177,188.1512,187.667,188.4415,6822
2024-01-01 02:21:46,188.4415,188.922,188.2312,188.239,8601
2024-01-01 02:21:47,188.239,188.6272,187.6806,188.3846,6357
2024-01-01 02:21:48,188.3846,188.4859,188.2375,188.8496,2816
2024-01-01 02:21:49,188.8496,188.9537,188.1898,188.9224,8080
2024-01-01 02:21:50,188.9224,189.3538,188.6873,189.6069,8709
2024-01-01 02:21:51,189.6069,190.2502,189.258,189.4352,4210
2024-01-01 02:21:52,189.4352,189.823,189.2096,188.6197,8071
2024-01-01 02:21:53,188.6197,188.9005,188.5748,188.4594,2915
2024-01-01 02:21:54,188.4594,188.4965,188.3353,187.7947,1796
2024-01-01 02:21:55,187.7947,188.313,187.4637,188.3291,3148
2024-01-01 02:21:56,188.3291,188.9021,188.0083,187.6799,1952
2024-01-01 02:21:57,187.6799,188.1148,186.7605,186.9362,6125
2024-01-01 02:21:58,186.9362,187.3239,186.5616,187.4444,4078
2024-01-01 02:21:59,187.4444,187.8714,187.3347,186.726,3602
2024-01-01 02:22:00,186.726,186.8192,186.6388,186.9374,2232
2024-01-01 02:22:01,186.9374,187.3198,186.7512,186.0499,6764
2024-01-01 02:22:02,186.0499,186.3425,185.7956,185.9914,5434
2024-01-01 02:22:03,185.9914,186.1568,185.8965,185.1756,1584
2024-01-01 02:22:04,185.1756,185.3267,184.8202,185.5521,4863
2024-01-01 02:22:05,185.5521,186.2526,185.0322,185.9384,6780
2024-01-01 02:22:06,185.9384,185.978,185.8785,186.2217,3100
2024-01-01 02:22:07,186.2217,186.4205,185.8192,186.4677,2496
2024-01-01 02:22:08,186.4677,186.4822,186.137,186.5497,6134
2024-01-01 02:22:09,186.5497,186.9288,186.4116,186.7429,9635
2024-01-01 02:22:10,186.7429,186.8368,186.7167,186.8398,3312
2024-01-01 02:22:11,186.8398,187.1147,186.5948,187.1314,4106
2024-01-01 02:22:12,187.1314,187.4081,186.8443,187.1402,4479
2024-01-01 02:22:13,187.1402,187.1579,186.9151,187.1768,4016
2024-01-01 02:22:14,187.1768,187.2341,186.7804,186.1989,8628
2024-01-01 02:22:15,186.1989,186.4315,186.1629,185.4039,1064
2024-01-01 02:22:16,185.4039,185.9038,184.8429,185.1199,1197
2024-01-01 02:22:17,185.1199,185.2521,185.093,185.6811,3849
2024-01-01 02:22:18,185.6811,185.9478,185.4179,185.7214,3117
2024-01-01 02:22:19,185.7214,185.7356,185.3741,184.6243,4614
2024-01-01 02:22:20,184.6243,184.6428,184.6105,184.1574,8169
2024-01-01 02:22:21,184.1574,184.3539,183.9552,184.6605,4690
2024-01-01 02:22:22,184.6605,184.8808,184.4389,184.4353,2594
2024-01-01 02:22:23,184.4353,184.5627,184.1658,184.2522,8012
2024-01-01 02:22:24,184.2522,184.6419,184.2483,185.0815,3089
2024-01-01 02:22:25,185.0815,185.2289,184.9639,185.4313,1835
2024-01-01 02:22:26,185.4313,186.0975,185.0357,186.0625,2609
2024-01-01 02:22:27,186.0625,186.1229,185.8406,187.0229,4646
2024-01-01 02:22:28,187.0229,187.3176,186.7101,186.5985,9840
2024-01-01 02:22:29,186.5985,187.0232,186.5242,186.8177,6415
2024-01-01 02:22:30,186.8177,186.8346,186.688,185.764,4526
2024-01-01 02:22:31,185.764,185.9226,185.2198,185.2408,2144
2024-01-01 02:22:32,185.2408,185.5965,185.1697,185.5733,8371
2024-01-01 02:22:33,185.5733,185.9735,185.3499,185.483,2796
2024-01-01 02:22:34,185.483,185.7426,185.168,185.8056,6941
2024-01-01 02:22:35,185.8056,185.9827,185.3968,185.427,2434
2024-01-01 02:22:36,185.427,185.5973,185.0024,186.281,7904
2024-01-01 02:22:37,186.281,186.4607,186.2104,186.6952,3904
2024-01-01 02:22:38,186.6952,186.8387,186.3559,187.8113,6328
2024-01-01 02:22:39,187.8113,187.8863,187.7582,188.2696,5523
2024-01-01 02:22:40,188.2696,188.4376,188.268,188.4332,5375
2024-01-01 02:22:41,188.4332,188.4846,188.2336,188.7816,3627
2024-01-01 02:22:42,188.7816,189.1678,188.6716,188.7765,5143
2024-01-01 02:22:43,188.7765,189.0525,188.4096,188.1362,1122
2024-01-01 02:22:44,188.1362,188.3824,187.7409,187.7583,8232
2024-01-01 02:22:45,187.7583,188.0415,187.547,188.6681,6228
2024-01-01 02:22:46,188.6681,188.9666,188.4635,188.9962,8307
2024-01-01 02:22:47,188.9962,189.2283,188.8719,188.5088,8903
2024-01-01 02:22:48,188.5088,188.7611,188.4348,189.041,7097
2024-01-01 02:22:49,189.041,189.0511,188.9912,189.6521,1710
2024-01-01 02:22:50,189.6521,189.9142,189.4574,190.2495,6605
2024-01-01 02:22:51,190.2495,190.8424,190.1954,191.5719,8796
2024-01-01 02:22:52,191.5719,191.8309,191.5113,192.5173,7769
2024-01-01 02:22:53,192.5173,192.6485,192.3932,192.987,6063
2024-01-01 02:22:54,192.987,193.0852,192.9739,193.697,7900
2024-01-01 02:22:55,193.697,193.8342,193.5359,194.0967,5702
2024-01-01 02:22:56,194.0967,194.3503,193.9738,194.2957,7768
2024-01-01 02:22:57,194.2957,194.5224,194.006,193.4753,2065
2024-01-01 02:22:58,193.4753,193.9057,193.4496,193.056,8627
2024-01-01 02:22:59,193.056,193.1337,192.8688,192.6081,2113
2024-01-01 02:23:00,192.6081,192.9368,192.2311,192.8559,9187
2024-01-01 02:23:01,192.8559,193.2126,192.5823,193.364,6881
2024-01-01 02:23:02,193.364,193.7355,193.1013,193.1784,7747
2024-01-01 02:23:03,193.1784,193.7033,193.1367,192.9124,4746
2024-01-01 02:23:04,192.9124,193.2265,192.837,192.7615,7474
2024-01-01 02:23:05,192.7615,192.7915,192.4014,193.0528,3288
2024-01-01 02:23:06,193.0528,193.2564,192.8003,193.6004,6342
2024-01-01 02:23:07,193.6004,193.7973,193.4709,194.5566,6785
2024-01-01 02:23:08,194.5566,194.6068,194.2326,193.8961,8424
2024-01-01 02:23:09,193.8961,194.0331,193.728,194.4839,7496
2024-01-01 02:23:10,194.4839,194.6082,194.3317,194.1425,6028
2024-01-01 02:23:11,194.1425,194.1855,193.9556,195.2861,8731
2024-01-01 02:23:12,195.2861,195.3206,195.2427,195.4785,3338
2024-01-01 02:23:13,195.4785,195.7793,195.1893,195.1972,4281
2024-01-01 02:23:14,195.1972,195.5827,194.8835,194.654,4116
2024-01-01 02:23:15,194.654,194.7961,194.5421,195.9412,7050
2024-01-01 02:23:16,195.9412,196.039,195.6088,196.7179,6007
2024-01-01 02:23:17,196.7179,197.3014,196.4533,195.6521,5264
2024-01-01 02:23:18,195.6521,195.7389,195.4546,196.5449,6380
2024-01-01 02:23:19,196.5449,196.577,196.4498,195.8798,9941
2024-01-01 02:23:20,195.8798,196.0201,195.6431,194.7383,9172
2024-01-01 02:23:21,194.7383,195.113,194.4762,194.1232,1393
2024-01-01 02:23:22,194.1232,194.3793,193.8646,195.4285,7541
2024-01-01 02:23:23,195.4285,195.7001,195.3027,195.4128,6056
2024-01-01 02:23:24,195.4128,195.6093,194.9115,195.2779,6067
2024-01-01 02:23:25,195.2779,195.3537,194.98,194.8802,3601
2024-01-01 02:23:26,194.8802,195.2216,194.835,195.4771,6357
2024-01-01 02:23:27,195.4771,195.5739,195.3143,195.4262,7998
2024-01-01 02:23:28,195.4262,195.7203,195.3086,195.7154,3397
2024-01-01 02:23:29,195.7154,195.8774,195.0724,196.1635,3338
2024-01-01 02:23:30,196.1635,196.5954,196.0416,195.783,5983
2024-01-01 02:23:31,195.783,195.9075,195.1754,196.0981,9852
2024-01-01 02:23:32,196.0981,196.4684,195.7119,196.3887,5431
2024-01-01 02:23:33,196.3887,196.5808,196.349,197.4873,4947
2024-01-01 02:23:34,197.4873,197.7155,197.2583,197.4794,7516
2024-01-01 02:23:35,197.4794,197.7004,197.3072,197.1109,5886
2024-01-01 02:23:36,197.1109,197.4006,197.0303,196.4419,7200
2024-01-01 02:23:37,196.4419,196.6482,196.2225,196.5235,9227
2024-01-01 02:23:38,196.5235,196.7964,196.498,196.7161,9548
2024-01-01 02:23:39,196.7161,197.4058,196.5191,196.1118,3775
2024-01-01 02:23:40,196.1118,196.3375,195.9308,196.0599,1311
2024-01-01 02:23:41,196.0599,196.071,195.607,195.8232,6901
2024-01-01 02:23:42,195.8232,196.1998,195.6315,196.9096,2420
2024-01-01 02:23:43,196.9096,196.9421,196.6585,196.6035,1770
2024-01-01 02:23:44,196.6035,197.2625,196.5427,197.4025,2662
2024-01-01 02:23:45,197.4025,197.7641,197.2988,198.1257,2987
2024-01-01 02:23:46,198.1257,198.4279,198.0906,197.476,2116
2024-01-01 02:23:47,197.476,197.6211,197.0691,197.9953,4333
2024-01-01 02:23:48,197.9953,198.0086,197.7731,197.4122,1038
2024-01-01 02:23:49,197.4122,197.7896,197.1692,197.3402,3584
2024-01-01 02:23:50,197.3402,197.7944,197.1553,197.821,9211
2024-01-01 02:23:51,197.821,197.8381,197.6326,197.9824,1096
2024-01-01 02:23:52,197.9824,198.1419,197.8427,197.7238,2199
2024-01-01 02:23:53,197.7238,197.9249,197.6263,197.8916,7471
2024-01-01 02:23:54,197.8916,198.2381,197.7841,197.3963,1079
2024-01-01 02:23:55,197.3963,197.5523,197.2922,197.0223,3751
2024-01-01 02:23:56,197.0223,197.0402,196.7322,196.7052,7986
2024-01-01 02:23:57,196.7052,196.7848,196.6971,197.172,2841
2024-01-01 02:23:58,197.172,197.4251,196.5933,197.361,5012
2024-01-01 02:23:59,197.361,197.7835,197.0633,197.4716,8961
2024-01-01 02:24:00,197.4716,197.6994,197.0633,197.1394,1127
2024-01-01 02:24:01,197.1394,197.2836,196.7033,196.7911,2297
2024-01-01 02:24:02,196.7911,196.879,196.373,197.2542,4482
2024-01-01 02:24:03,197.2542,197.3341,197.0867,198.3113,5817
2024-01-01 02:24:04,198.3113,198.6095,198.3018,198.672,9360
2024-01-01 02:24:05,198.672,198.9617,198.4873,199.0229,7106
2024-01-01 02:24:06,199.0229,199.1577,198.9731,199.393,2888
2024-01-01 02:24:07,199.393,200.0137,198.8556,198.9751,1959
2024-01-01 02:24:08,198.9751,199.2498,198.8218,199.5882,3304
2024-01-01 02:24:09,199.5882,199.7767,199.5485,199.6674,1543
2024-01-01 02:24:10,199.6674,199.7499,199.3538,199.7593,9514
2024-01-01 02:24:11,199.7593,200.3637,199.7225,199.248,4311
2024-01-01 02:24:12,199.248,199.7121,199.1294,199.0851,4357
2024-01-01 02:24:13,199.0851,199.2302,198.8299,198.8415,1206
2024-01-01 02:24:14,198.8415,198.9348,198.6983,199.8228,5346
2024-01-01 02:24:15,199.8228,199.9441,199.4656,199.57,3274
2024-01-01 02:24:16,199.57,200.029,199.4432,199.2289,3624
2024-01-01 02:24:17,199.2289,199.5101,198.8931,199.7339,1703
2024-01-01 02:24:18,199.7339,199.8198,199.4885,199.8943,6674
2024-01-01 02:24:19,199.8943,199.9219,199.7159,200.2401,4524
2024-01-01 02:24:20,200.2401,200.4976,200.1807,200.485,2367
2024-01-01 02:24:21,200.485,200.7742,200.2773,200.2759,2850
2024-01-01 02:24:22,200.2759,201.1127,199.7229,200.7603,9798
2024-01-01 02:24:23,200.7603,200.8979,200.6747,200.9464,1115
2024-01-01 02:24:24,200.9464,201.0681,200.8332,201.0426,5203
2024-01-01 02:24:25,201.0426,201.0506,200.7235,201.5088,4831
2024-01-01 02:24:26,201.5088,201.6891,201.13,201.5656,2370
2024-01-01 02:24:27,201.5656,202.1067,201.5087,201.7311,6537
2024-01-01 02:24:28,201.7311,202.3031,201.6389,201.9841,6914
2024-01-01 02:24:29,201.9841,202.0155,201.8677,202.7165,9550
2024-01-01 02:24:30,202.7165,202.8321,202.6804,202.6785,6281
2024-01-01 02:24:31,202.6785,202.6846,202.6576,202.577,5250
2024-01-01 02:24:32,202.577,202.579,202.4003,202.2779,8316
2024-01-01 02:24:33,202.2779,202.7617,202.0783,203.3898,9260
2024-01-01 02:24:34,203.3898,203.7189,202.9023,203.3881,4722
2024-01-01 02:24:35,203.3881,203.8229,203.3777,203.4283,7434
2024-01-01 02:24:36,203.4283,203.6762,202.7516,203.3692,4805
2024-01-01 02:24:37,203.3692,203.5776,202.9399,203.6613,1127
2024-01-01 02:24:38,203.6613,203.9882,203.3528,204.5932,8253
2024-01-01 02:24:39,204.5932,204.6163,204.1116,204.7898,9986
2024-01-01 02:24:40,204.7898,204.8532,204.5741,204.8336,4870
2024-01-01 02:24:41,204.8336,205.0274,204.6261,204.317,2474
2024-01-01 02:24:42,204.317,204.4254,204.2922,204.3186,4202
2024-01-01 02:24:43,204.3186,204.5362,204.0184,204.4296,2195
2024-01-01 02:24:44,204.4296,204.6954,204.3061,204.9371,1679
2024-01-01 02:24:45,204.9371,205.026,204.8735,205.174,8685
2024-01-01 02:24:46,205.174,205.6061,204.9639,204.5632,2272
2024-01-01 02:24:47,204.5632,204.6277,204.236,204.1168,7436
2024-01-01 02:24:48,204.1168,204.3935,203.9941,204.0541,8137
2024-01-01 02:24:49,204.0541,204.3799,203.854,203.5561,4198
2024-01-01 02:24:50,203.5561,203.6513,203.1418,203.4086,5171
2024-01-01 02:24:51,203.4086,203.5651,203.1215,202.8676,1413
2024-01-01 02:24:52,202.8676,203.1033,202.5839,202.718,9886
2024-01-01 02:24:53,202.718,203.0799,202.6784,201.6302,2023
2024-01-01 02:24:54,201.6302,201.701,201.6191,201.8267,6493
2024-01-01 02:24:55,201.8267,201.9386,201.4917,200.8622,7588
2024-01-01 02:24:56,200.8622,200.9306,200.3254,200.3562,3117
2024-01-01 02:24:57,200.3562,200.3903,200.0553,200.7857,1474
2024-01-01 02:24:58,200.7857,200.8339,200.7093,200.9016,7916
2024-01-01 02:24:59,200.9016,200.9428,200.7904,201.0846,8916
2024-01-01 02:25:00,201.0846,201.3298,201.0373,201.4684,3499
2024-01-01 02:25:01,201.4684,201.6618,201.1392,201.2178,5121
2024-01-01 02:25:02,201.2178,201.4847,201.1766,201.0854,3656
2024-01-01 02:25:03,201.0854,201.4939,200.9249,201.6296,6285
2024-01-01 02:25:04,201.6296,201.9989,201.0056,202.1522,3991
2024-01-01 02:25:05,202.1522,202.5104,202.0789,202.5588,8770
2024-01-01 02:25:06,202.5588,202.8362,202.3729,202.6586,8513
2024-01-01 02:25:07,202.6586,203.0607,202.5481,202.6546,4115
2024-01-01 02:25:08,202.6546,203.1249,202.4613,202.83,1260
2024-01-01 02:25:09,202.83,203.1641,202.2778,201.8261,1491
2024-01-01 02:25:10,201.8261,202.0807,201.5558,202.3681,7941
2024-01-01 02:25:11,202.3681,202.5058,201.9822,202.1374,9659
2024-01-01 02:25:12,202.1374,202.4132,201.9065,201.961,8453
2024-01-01 02:25:13,201.961,201.9647,201.5781,201.8782,6228
2024-01-01 02:25:14,201.8782,202.1736,201.8079,201.7934,4928
2024-01-01 02:25:15,201.7934,202.0974,201.5642,201.5559,7820
2024-01-01 02:25:16,201.5559,201.8157,201.5135,201.2869,5078
2024-01-01 02:25:17,201.2869,201.7089,200.5577,201.0049,4698
2024-01-01 02:25:18,201.0049,201.5225,200.4443,201.4822,3589
2024-01-01 02:25:19,201.4822,201.6143,201.4332,200.757,7948
2024-01-01 02:25:20,200.757,200.9807,200.5392,200.8928,3182
2024-01-01 02:25:21,200.8928,201.1462,200.7278,201.0342,4215
2024-01-01 02:25:22,201.0342,201.4925,200.5894,201.0082,7809
2024-01-01 02:25:23,201.0082,201.0519,200.8296,202.1233,9653
2024-01-01 02:25:24,202.1233,202.1895,202.0648,201.8262,1526
2024-01-01 02:25:25,201.8262,201.8753,201.5952,202.2921,6948
2024-01-01 02:25:26,202.2921,202.4348,201.9272,202.3681,6021
2024-01-01 02:25:27,202.3681,202.5435,201.7865,201.97,3413
2024-01-01 02:25:28,201.97,202.0413,201.6342,202.1737,5341
2024-01-01 02:25:29,202.1737,202.2775,201.7993,203.0613,8832
2024-01-01 02:25:30,203.0613,203.202,202.8979,202.8711,9707
2024-01-01 02:25:31,202.8711,202.9081,202.686,202.2189,5919
2024-01-01 02:25:32,202.2189,202.465,202.1237,201.7899,2822
2024-01-01 02:25:33,201.7899,202.261,201.3304,201.6734,5474
2024-01-01 02:25:34,201.6734,202.1032,201.568,201.6843,7347
2024-01-01 02:25:35,201.6843,201.7793,201.297,202.022,9210
2024-01-01 02:25:36,202.022,202.0328,201.833,202.3302,4512
2024-01-01 02:25:37,202.3302,202.5722,201.989,202.4528,9655
2024-01-01 02:25:38,202.4528,202.6489,202.117,202.8104,6900
2024-01-01 02:25:39,202.8104,202.8116,202.791,202.0876,8613
2024-01-01 02:25:40,202.0876,202.2259,201.5994,201.986,2233
2024-01-01 02:25:41,201.986,202.0475,201.7835,202.868,5554
2024-01-01 02:25:42,202.868,202.9165,202.3118,202.2245,1798
2024-01-01 02:25:43,202.2245,202.4037,201.9405,201.695,3810
2024-01-01 02:25:44,201.695,202.1865,201.6265,201.6431,9243
2024-01-01 02:25:45,201.6431,201.8343,201.5187,201.6414,5912
2024-01-01 02:25:46,201.6414,201.767,201.2165,201.9456,7290
2024-01-01 02:25:47,201.9456,202.1851,201.8504,202.0423,1777
2024-01-01 02:25:48,202.0423,202.075,201.6695,202.7508,1217
2024-01-01 02:25:49,202.7508,203.1884,202.5305,202.4138,7377
2024-01-01 02:25:50,202.4138,202.4595,202.2677,202.5011,7770
2024-01-01 02:25:51,202.5011,202.5168,202.1755,201.8746,6071
2024-01-01 02:25:52,201.8746,202.2605,201.5171,201.0681,2046
2024-01-01 02:25:53,201.0681,201.4143,201.0268,201.8568,1605
2024-01-01 02:25:54,201.8568,201.8833,201.4004,201.8063,8172
2024-01-01 02:25:55,201.8063,202.1489,201.608,202.2092,2677
2024-01-01 02:25:56,202.2092,202.3217,201.7257,202.4433,4129
2024-01-01 02:25:57,202.4433,202.5219,202.3992,202.4546,5166
2024-01-01 02:25:58,202.4546,202.6473,202.2754,202.4779,9865
2024-01-01 02:25:59,202.4779,203.3209,201.9838,202.4456,9379
2024-01-01 02:26:00,202.4456,202.5471,202.3054,203.1389,7407
2024-01-01 02:26:01,203.1389,203.3186,202.9875,203.3393,9978
2024-01-01 02:26:02,203.3393,203.617,203.0935,203.2037,7237
2024-01-01 02:26:03,203.2037,203.61,202.8322,202.6434,8416
2024-01-01 02:26:04,202.6434,202.6511,202.5386,202.2545,2105
2024-01-01 02:26:05,202.2545,202.3087,202.0184,202.2906,5418
2024-01-01 02:26:06,202.2906,202.5169,202.1565,202.6173,9000
2024-01-01 02:26:07,202.6173,202.8444,202.2068,202.3414,9736
2024-01-01 02:26:08,202.3414,202.3972,201.9501,202.504,3779
2024-01-01 02:26:09,202.504,203.1849,202.4231,202.4206,6276
2024-01-01 02:26:10,202.4206,202.8908,202.1519,202.3706,6302
2024-01-01 02:26:11,202.3706,202.6199,201.9794,202.0469,4495
2024-01-01 02:26:12,202.0469,202.4383,201.9256,202.8921,3792
2024-01-01 02:26:13,202.8921,202.9525,202.8521,202.2376,6150
2024-01-01 02:26:14,202.2376,202.2403,202.0199,201.5837,9759
2024-01-01 02:26:15,201.5837,201.703,201.4165,201.0114,8267
2024-01-01 02:26:16,201.0114,201.1463,200.9855,200.4957,7045
2024-01-01 02:26:17,200.4957,200.8456,200.2839,200.2706,9773
2024-01-01 02:26:18,200.2706,200.2877,200.159,200.3082,1912
2024-01-01 02:26:19,200.3082,200.5789,200.2657,201.259,8104
2024-01-01 02:26:20,201.259,201.8695,200.7561,201.2083,7714
2024-01-01 02:26:21,201.2083,201.7752,200.6828,201.0444,7971
2024-01-01 02:26:22,201.0444,201.6207,200.798,200.8404,8667
2024-01-01 02:26:23,200.8404,201.0906,200.6754,201.0691,8965
2024-01-01 02:26:24,201.0691,201.179,201.0204,200.9734,9198
2024-01-01 02:26:25,200.9734,201.0493,200.6852,201.1242,3240
2024-01-01 02:26:26,201.1242,201.5171,201.093,200.4295,1382
2024-01-01 02:26:27,200.4295,200.5428,200.3183,200.6577,5545
2024-01-01 02:26:28,200.6577,200.8643,199.8034,200.423,4836
2024-01-01 02:26:29,200.423,200.5492,200.1618,200.4077,6511
2024-01-01 02:26:30,200.4077,200.6094,200.3888,200.6286,6420
2024-01-01 02:26:31,200.6286,200.946,200.5512,201.4889,7837
2024-01-01 02:26:32,201.4889,201.8148,201.45,202.4941,4661
2024-01-01 02:26:33,202.4941,203.0863,202.4413,202.0575,6777
2024-01-01 02:26:34,202.0575,202.552,201.9689,201.9398,6422
2024-01-01 02:26:35,201.9398,202.3985,201.7522,202.2074,5758
2024-01-01 02:26:36,202.2074,202.466,202.1523,201.4315,9057
2024-01-01 02:26:37,201.4315,201.6078,200.946,201.2976,3585
2024-01-01 02:26:38,201.2976,201.6184,201.1741,201.696,5485
2024-01-01 02:26:39,201.696,202.1647,201.5015,201.4638,8014
2024-01-01 02:26:40,201.4638,201.6214,201.3951,201.3242,5174
2024-01-01 02:26:41,201.3242,201.4966,200.9657,200.8342,1864
2024-01-01 02:26:42,200.8342,201.2671,200.6948,201.4144,1623
2024-01-01 02:26:43,201.4144,201.511,201.3745,201.0228,5296
2024-01-01 02:26:44,201.0228,201.297,200.8647,201.0504,5634
2024-01-01 02:26:45,201.0504,201.2903,200.7471,199.8891,6240
2024-01-01 02:26:46,199.8891,199.9388,199.6935,199.4577,2133
2024-01-01 02:26:47,199.4577,199.5112,199.2636,198.9232,8898
2024-01-01 02:26:48,198.9232,199.0831,198.7931,198.6563,2152
2024-01-01 02:26:49,198.6563,198.8397,198.2119,199.003,3745
2024-01-01 02:26:50,199.003,199.0173,198.9641,199.1766,5031
2024-01-01 02:26:51,199.1766,199.3526,198.5778,199.2611,2248
2024-01-01 02:26:52,199.2611,199.4313,199.0695,199.8744,3358
2024-01-01 02:26:53,199.8744,200.3056,199.8164,199.8226,6723
2024-01-01 02:26:54,199.8226,199.8362,199.7433,200.8797,9316
2024-01-01 02:26:55,200.8797,201.0145,200.8441,201.205,2080
2024-01-01 02:26:56,201.205,201.2697,201.1728,200.3081,5017
2024-01-01 02:26:57,200.3081,200.4743,199.77,200.1603,4791
2024-01-01 02:26:58,200.1603,200.367,200.127,201.0121,5937
2024-01-01 02:26:59,201.0121,201.0126,200.5758,201.2179,8043
2024-01-01 02:27:00,201.2179,201.2812,200.8111,201.5155,4263
2024-01-01 02:27:01,201.5155,201.8046,201.3392,201.5834,9852
2024-01-01 02:27:02,201.5834,201.636,201.5198,201.8636,4936
2024-01-01 02:27:03,201.8636,202.1764,201.7159,201.7949,7769
2024-01-01 02:27:04,201.7949,201.7977,201.5783,201.2418,7816
2024-01-01 02:27:05,201.2418,201.649,200.6182,201.3254,7184
2024-01-01 02:27:06,201.3254,201.5829,201.0216,201.1519,4408
2024-01-01 02:27:07,201.1519,201.1528,200.3824,202.0617,2815
2024-01-01 02:27:08,202.0617,202.4168,201.9944,201.3765,2819
2024-01-01 02:27:09,201.3765,201.4517,201.3159,201.0599,7255
2024-01-01 02:27:10,201.0599,201.3358,200.9081,200.5958,1807
2024-01-01 02:27:11,200.5958,201.069,200.4826,200.8603,3216
2024-01-01 02:27:12,200.8603,201.0727,200.5069,200.995,4371
2024-01-01 02:27:13,200.995,201.3236,200.6233,200.1535,2144
2024-01-01 02:27:14,200.1535,200.559,199.9563,199.8794,1466
2024-01-01 02:27:15,199.8794,200.0421,199.8425,200.6401,5102
2024-01-01 02:27:16,200.6401,200.6579,200.6257,200.9116,8209
2024-01-01 02:27:17,200.9116,200.9395,200.7723,200.8305,3020
2024-01-01 02:27:18,200.8305,201.0823,200.6948,200.8209,3575
2024-01-01 02:27:19,200.8209,201.3707,200.3812,200.298,7882
2024-01-01 02:27:20,200.298,200.3958,200.268,200.9199,3225
2024-01-01 02:27:21,200.9199,201.5097,200.7412,202.4169,8431
2024-01-01 02:27:22,202.4169,202.6025,202.353,202.4184,6360
2024-01-01 02:27:23,202.4184,202.7234,201.8203,202.9435,6650
2024-01-01 02:27:24,202.9435,203.0117,202.8726,203.0081,6918
2024-01-01 02:27:25,203.0081,203.2118,202.9988,203.894,8570
2024-01-01 02:27:26,203.894,204.0705,203.5373,203.9282,9695
2024-01-01 02:27:27,203.9282,204.3109,203.8953,203.7506,2386
2024-01-01 02:27:28,203.7506,204.0944,203.6036,202.8692,5917
2024-01-01 02:27:29,202.8692,203.0056,202.6217,201.6541,2352
2024-01-01 02:27:30,201.6541,201.975,201.5749,201.0543,5526
2024-01-01 02:27:31,201.0543,201.2691,200.5453,200.9225,5803
2024-01-01 02:27:32,200.9225,200.9256,200.9042,201.4547,1096
2024-01-01 02:27:33,201.4547,201.569,201.4328,201.1772,7068
2024-01-01 02:27:34,201.1772,201.7111,200.5665,201.6673,9623
2024-01-01 02:27:35,201.6673,201.9322,201.4047,201.5276,6410
2024-01-01 02:27:36,201.5276,202.1583,201.445,201.4903,8699
2024-01-01 02:27:37,201.4903,201.5211,201.0858,200.9161,6679
2024-01-01 02:27:38,200.9161,201.0704,200.8002,200.9396,1712
2024-01-01 02:27:39,200.9396,200.9432,200.5245,200.4943,4743
2024-01-01 02:27:40,200.4943,200.5714,200.321,200.2477,1728
2024-01-01 02:27:41,200.2477,200.2769,199.5936,199.8911,1456
2024-01-01 02:27:42,199.8911,200.0531,199.7231,200.6085,1531
2024-01-01 02:27:43,200.6085,200.7749,200.2997,200.1279,5421
2024-01-01 02:27:44,200.1279,200.4279,200.0618,199.9691,2601
2024-01-01 02:27:45,199.9691,200.014,199.7207,199.7598,8984
2024-01-01 02:27:46,199.7598,199.8416,199.7089,199.5371,5394
2024-01-01 02:27:47,199.5371,199.6931,199.3225,199.3402,3907
2024-01-01 02:27:48,199.3402,199.3592,199.1875,198.9288,4296
2024-01-01 02:27:49,198.9288,199.274,198.5575,199.4624,7547
2024-01-01 02:27:50,199.4624,199.5032,199.3935,198.3936,6817
2024-01-01 02:27:51,198.3936,198.5274,198.1089,198.5784,7410
2024-01-01 02:27:52,198.5784,198.6256,198.2941,197.988,2799
2024-01-01 02:27:53,197.988,198.0889,197.7206,198.662,7813
2024-01-01 02:27:54,198.662,198.7726,198.3237,198.5714,5940
2024-01-01 02:27:55,198.5714,198.9559,198.5237,198.8751,7890
2024-01-01 02:27:56,198.8751,198.9641,198.8727,199.2135,6597
2024-01-01 02:27:57,199.2135,199.4757,199.0928,199.9275,2956
2024-01-01 02:27:58,199.9275,200.0682,199.7519,199.8441,6475
2024-01-01 02:27:59,199.8441,200.0109,199.7459,199.6492,3157
2024-01-01 02:28:00,199.6492,199.9376,199.4974,199.6165,7470
2024-01-01 02:28:01,199.6165,199.7042,199.5467,199.7447,3107
2024-01-01 02:28:02,199.7447,199.8271,199.5795,199.9889,8389
2024-01-01 02:28:03,199.9889,200.3468,199.4669,198.9432,7354
2024-01-01 02:28:04,198.9432,199.1262,198.5579,198.3863,9314
2024-01-01 02:28:05,198.3863,199.0228,197.7297,198.2821,4247
2024-01-01 02:28:06,198.2821,198.4432,198.2378,198.7343,9104
2024-01-01 02:28:07,198.7343,198.8968,198.5677,199.1904,4356
2024-01-01 02:28:08,199.1904,199.5843,199.0016,198.4101,6694
2024-01-01 02:28:09,198.4101,198.5997,197.9619,198.3888,7913
2024-01-01 02:28:10,198.3888,198.6084,198.2386,198.3878,5613
2024-01-01 02:28:11,198.3878,198.9419,198.0131,198.291,1163
2024-01-01 02:28:12,198.291,198.4821,197.7964,198.6731,2482
2024-01-01 02:28:13,198.6731,198.9932,198.5208,198.532,7967
2024-01-01 02:28:14,198.532,199.5327,198.2008,198.5979,6944
2024-01-01 02:28:15,198.5979,198.7045,198.4114,197.8221,7362
2024-01-01 02:28:16,197.8221,197.8368,197.8006,198.7026,4089
2024-01-01 02:28:17,198.7026,198.8985,198.4268,198.7718,6780
2024-01-01 02:28:18,198.7718,198.7894,198.5914,198.289,9533
2024-01-01 02:28:19,198.289,198.3291,198.1867,198.0055,5881
2024-01-01 02:28:20,198.0055,198.3977,197.9532,198.7005,3610
2024-01-01 02:28:21,198.7005,198.7573,198.6892,198.3617,3088
2024-01-01 02:28:22,198.3617,198.7027,198.2972,198.1427,7241
2024-01-01 02:28:23,198.1427,198.2849,197.6289,197.7303,3086
2024-01-01 02:28:24,197.7303,197.9282,197.5618,197.5839,2899
2024-01-01 02:28:25,197.5839,198.0144,197.4234,198.0171,3478
2024-01-01 02:28:26,198.0171,198.0352,197.993,198.3888,8033
2024-01-01 02:28:27,198.3888,198.6679,198.038,198.3826,6398
2024-01-01 02:28:28,198.3826,198.413,197.9508,196.9348,6486
2024-01-01 02:28:29,196.9348,197.0694,196.5218,196.7815,2049
2024-01-01 02:28:30,196.7815,196.9106,196.4606,196.7265,2287
2024-01-01 02:28:31,196.7265,197.249,196.6153,196.4753,1491
2024-01-01 02:28:32,196.4753,196.6666,196.2459,196.6005,4744
2024-01-01 02:28:33,196.6005,196.9737,196.3007,196.9116,5976
2024-01-01 02:28:34,196.9116,196.956,196.8081,196.3215,6347
2024-01-01 02:28:35,196.3215,196.5334,196.2024,196.0839,1166
2024-01-01 02:28:36,196.0839,196.8555,195.9887,196.5699,3834
2024-01-01 02:28:37,196.5699,196.7707,196.2161,196.5785,1505
2024-01-01 02:28:38,196.5785,196.881,196.4955,196.8665,4242
2024-01-01 02:28:39,196.8665,196.9384,196.7427,197.5608,4291
2024-01-01 02:28:40,197.5608,197.7497,197.2412,197.7738,8343
2024-01-01 02:28:41,197.7738,198.0306,197.6954,198.5799,8399
2024-01-01 02:28:42,198.5799,198.9266,198.2787,198.8998,5088
2024-01-01 02:28:43,198.8998,199.1867,198.7975,199.666,8451
2024-01-01 02:28:44,199.666,199.779,199.2406,199.1474,7521
2024-01-01 02:28:45,199.1474,199.2652,198.9323,199.4652,5785
2024-01-01 02:28:46,199.4652,199.8568,199.2881,199.657,9279
2024-01-01 02:28:47,199.657,199.6838,199.3034,199.6561,3772
2024-01-01 02:28:48,199.6561,200.0087,199.52,200.5736,8648
2024-01-01 02:28:49,200.5736,200.863,200.4626,200.6871,2462
2024-01-01 02:28:50,200.6871,201.1696,200.4528,200.7069,7781
2024-01-01 02:28:51,200.7069,200.7936,200.5686,200.9609,3728
2024-01-01 02:28:52,200.9609,201.0806,200.8605,201.7142,6370
2024-01-01 02:28:53,201.7142,201.9751,201.3221,201.2489,1388
2024-01-01 02:28:54,201.2489,201.7309,200.893,202.2122,5317
2024-01-01 02:28:55,202.2122,202.4324,202.0904,201.9655,5194
2024-01-01 02:28:56,201.9655,202.2284,201.424,201.9389,7705
2024-01-01 02:28:57,201.9389,202.0173,201.8482,202.0514,4894
2024-01-01 02:28:58,202.0514,202.2335,201.6636,202.5917,1269
2024-01-01 02:28:59,202.5917,202.7183,201.8509,202.8621,1556
2024-01-01 02:29:00,202.8621,203.2443,202.62,202.6858,6679
2024-01-01 02:29:01,202.6858,202.7779,202.1986,202.9433,9447
2024-01-01 02:29:02,202.9433,203.6132,202.543,203.4057,6973
2024-01-01 02:29:03,203.4057,203.8937,203.278,203.1203,4084
2024-01-01 02:29:04,203.1203,203.1554,202.733,203.055,2424
2024-01-01 02:29:05,203.055,203.2434,202.7806,203.6388,7800
2024-01-01 02:29:06,203.6388,203.8976,203.5378,203.1627,1562
2024-01-01 02:29:07,203.1627,203.2592,202.8268,203.4823,1681
2024-01-01 02:29:08,203.4823,203.4919,203.3176,204.0191,4661
2024-01-01 02:29:09,204.0191,204.4427,203.808,204.0203,9996
2024-01-01 02:29:10,204.0203,204.0859,203.3591,204.1705,7994
2024-01-01 02:29:11,204.1705,204.4416,203.963,204.2496,4601
2024-01-01 02:29:12,204.2496,204.5028,204.1479,203.1247,5837
2024-01-01 02:29:13,203.1247,203.1788,202.7739,203.6391,7149
2024-01-01 02:29:14,203.6391,203.9024,203.5053,203.2686,1041
2024-01-01 02:29:15,203.2686,203.5218,202.9084,203.3259,6340
2024-01-01 02:29:16,203.3259,203.3408,203.1985,202.9154,7685
2024-01-01 02:29:17,202.9154,202.9941,202.91,202.6652,5270
2024-01-01 02:29:18,202.6652,202.8727,202.5692,202.2412,5116
2024-01-01 02:29:19,202.2412,202.246,202.2097,202.1234,6598
2024-01-01 02:29:20,202.1234,202.4367,201.7713,202.0556,4949
2024-01-01 02:29:21,202.0556,202.0744,201.9613,201.8659,6796
2024-01-01 02:29:22,201.8659,201.9048,201.7644,201.2785,3635
2024-01-01 02:29:23,201.2785,201.6879,200.5396,201.242,3238
2024-01-01 02:29:24,201.242,201.3509,200.6938,202.1216,3093
2024-01-01 02:29:25,202.1216,202.4715,201.3298,202.6059,9329
2024-01-01 02:29:26,202.6059,202.8869,202.2731,203.2064,6011
2024-01-01 02:29:27,203.2064,203.3366,203.1948,202.9723,5814
2024-01-01 02:29:28,202.9723,203.3441,202.7109,202.2596,1212
2024-01-01 02:29:29,202.2596,202.3704,202.2305,201.9065,1910
2024-01-01 02:29:30,201.9065,202.0506,201.5608,203.0196,6246
2024-01-01 02:29:31,203.0196,203.0351,202.6964,203.2039,4797
2024-01-01 02:29:32,203.2039,203.5587,203.0845,202.6542,4800
2024-01-01 02:29:33,202.6542,202.8365,202.2685,203.5982,1531
2024-01-01 02:29:34,203.5982,203.6792,203.5023,203.2194,6209
2024-01-01 02:29:35,203.2194,203.4953,203.1227,203.8531,2108
2024-01-01 02:29:36,203.8531,203.8778,203.8383,203.5779,5813
2024-01-01 02:29:37,203.5779,203.8879,203.2645,203.6558,5147
2024-01-01 02:29:38,203.6558,204.0456,203.585,203.2127,2418
2024-01-01 02:29:39,203.2127,203.6007,203.1297,203.3582,1685
2024-01-01 02:29:40,203.3582,203.6226,203.2036,203.5127,5813
2024-01-01 02:29:41,203.5127,203.7109,203.1725,204.3018,2033
2024-01-01 02:29:42,204.3018,204.5331,203.9035,204.5004,1595
2024-01-01 02:29:43,204.5004,204.5292,204.2864,204.7231,3285
2024-01-01 02:29:44,204.7231,205.0981,204.4273,204.7353,8671
2024-01-01 02:29:45,204.7353,204.9794,204.5312,204.9035,7344
2024-01-01 02:29:46,204.9035,205.4057,204.204,205.3732,2163
2024-01-01 02:29:47,205.3732,205.7849,205.0507,205.1991,6074
2024-01-01 02:29:48,205.1991,205.2208,204.5815,205.5428,4569
2024-01-01 02:29:49,205.5428,205.7839,205.4909,204.6704,4185
2024-01-01 02:29:50,204.6704,204.6888,204.5974,204.8978,4350
2024-01-01 02:29:51,204.8978,205.3044,204.4444,205.2465,8335
2024-01-01 02:29:52,205.2465,205.4284,205.2435,205.1597,3733
2024-01-01 02:29:53,205.1597,205.4031,204.9237,204.7872,6705
2024-01-01 02:29:54,204.7872,204.9432,204.645,205.372,4657
2024-01-01 02:29:55,205.372,205.4362,205.2458,205.2935,8698
2024-01-01 02:29:56,205.2935,205.2995,204.9907,205.1233,8410
2024-01-01 02:29:57,205.1233,205.5252,205.1064,205.3316,3208
2024-01-01 02:29:58,205.3316,205.9408,205.1687,205.4163,8273
2024-01-01 02:29:59,205.4163,205.5526,205.1246,205.522,1548
2024-01-01 02:30:00,205.522,205.8495,205.3365,205.0845,1211
2024-01-01 02:30:01,205.0845,205.0968,205.0376,204.8832,8174
2024-01-01 02:30:02,204.8832,204.9074,204.5263,204.311,5362
2024-01-01 02:30:03,204.311,204.3315,203.9725,203.9088,3866
2024-01-01 02:30:04,203.9088,204.0991,203.829,203.5795,7633
2024-01-01 02:30:05,203.5795,203.6938,203.0151,203.4552,8809
2024-01-01 02:30:06,203.4552,203.6041,203.0445,204.1881,6183
2024-01-01 02:30:07,204.1881,204.2254,203.9089,204.6517,3911
2024-01-01 02:30:08,204.6517,205.0287,204.4035,204.1615,9490
2024-01-01 02:30:09,204.1615,205.0014,203.9912,204.0895,6294
2024-01-01 02:30:10,204.0895,204.3299,203.863,204.423,1795
2024-01-01 02:30:11,204.423,204.5698,203.8905,203.8572,6985
2024-01-01 02:30:12,203.8572,204.0195,203.7404,204.6599,8090
2024-01-01 02:30:13,204.6599,204.8848,204.6262,204.807,4804
2024-01-01 02:30:14,204.807,204.8813,204.6724,204.3646,7888
2024-01-01 02:30:15,204.3646,204.447,204.3617,204.843,7033
2024-01-01 02:30:16,204.843,204.9576,204.2387,205.3231,1151
2024-01-01 02:30:17,205.3231,205.693,205.2539,204.1902,9257
2024-01-01 02:30:18,204.1902,205.1245,204.0548,204.0453,8109
2024-01-01 02:30:19,204.0453,204.0926,203.9504,203.7706,8944
2024-01-01 02:30:20,203.7706,204.442,203.1287,203.2437,5902
2024-01-01 02:30:21,203.2437,203.2576,202.6001,203.6034,7173
2024-01-01 02:30:22,203.6034,203.8165,203.5026,203.712,3469
2024-01-01 02:30:23,203.712,203.7273,203.2929,204.3125,6891
2024-01-01 02:30:24,204.3125,204.7051,204.0518,204.8649,6190
2024-01-01 02:30:25,204.8649,205.2644,204.4035,204.9999,8708
2024-01-01 02:30:26,204.9999,205.5646,204.8029,205.7134,9772
2024-01-01 02:30:27,205.7134,206.2514,205.5611,205.3266,4318
2024-01-01 02:30:28,205.3266,206.0485,204.8351,205.7521,3381
2024-01-01 02:30:29,205.7521,206.0368,205.6866,205.7283,9607
2024-01-01 02:30:30,205.7283,206.0264,205.3605,205.7203,9376
2024-01-01 02:30:31,205.7203,205.9664,205.5626,206.6958,8580
2024-01-01 02:30:32,206.6958,206.7545,206.2235,207.0631,4532
2024-01-01 02:30:33,207.0631,207.1081,207.0136,207.509,6644
2024-01-01 02:30:34,207.509,207.7067,207.207,207.2742,4037
2024-01-01 02:30:35,207.2742,207.3894,207.2043,207.074,4100
2024-01-01 02:30:36,207.074,207.3378,206.8035,207.8504,5596
2024-01-01 02:30:37,207.8504,208.3003,207.5638,208.5139,3878
2024-01-01 02:30:38,208.5139,208.7042,208.1926,209.224,1015
2024-01-01 02:30:39,209.224,209.5662,208.8458,209.8672,7418
2024-01-01 02:30:40,209.8672,210.0717,209.3382,210.0136,2553
2024-01-01 02:30:41,210.0136,210.2545,209.8638,209.5306,6598
2024-01-01 02:30:42,209.5306,209.6113,209.3563,209.4073,9827
2024-01-01 02:30:43,209.4073,209.9092,209.0307,209.3344,4916
2024-01-01 02:30:44,209.3344,209.5961,209.1275,210.0662,7591
2024-01-01 02:30:45,210.0662,210.0982,209.8666,210.1811,3597
2024-01-01 02:30:46,210.1811,210.1913,210.0192,209.6503,1148
2024-01-01 02:30:47,209.6503,209.7673,209.3456,210.3418,9956
2024-01-01 02:30:48,210.3418,210.4274,209.8867,210.7924,9253
2024-01-01 02:30:49,210.7924,211.0699,210.6302,211.3454,3281
2024-01-01 02:30:50,211.3454,211.4384,211.3259,211.5818,9593
2024-01-01 02:30:51,211.5818,212.0904,211.2931,211.105,7681
2024-01-01 02:30:52,211.105,211.2483,210.9949,211.4672,5883
2024-01-01 02:30:53,211.4672,211.5566,211.4306,212.1432,9582
2024-01-01 02:30:54,212.1432,212.7853,212.1156,212.6801,3785
2024-01-01 02:30:55,212.6801,212.9032,212.3772,212.7702,3901
2024-01-01 02:30:56,212.7702,212.839,212.5783,211.8924,4497
2024-01-01 02:30:57,211.8924,211.987,211.817,211.5064,4315
2024-01-01 02:30:58,211.5064,212.0924,211.4827,211.5427,8685
2024-01-01 02:30:59,211.5427,211.7073,211.2915,211.6835,3494
2024-01-01 02:31:00,211.6835,211.688,211.2452,211.599,7639
2024-01-01 02:31:01,211.599,211.6349,211.5108,211.3344,5652
2024-01-01 02:31:02,211.3344,211.7701,211.3104,211.4866,2479
2024-01-01 02:31:03,211.4866,212.4874,211.0393,211.6878,5163
2024-01-01 02:31:04,211.6878,212.0626,211.4026,212.1613,4747
2024-01-01 02:31:05,212.1613,212.261,212.1238,211.5752,2604
2024-01-01 02:31:06,211.5752,211.717,211.4417,211.296,3354
2024-01-01 02:31:07,211.296,211.5776,211.2529,211.5175,6212
2024-01-01 02:31:08,211.5175,211.7506,211.0912,211.3748,8433
2024-01-01 02:31:09,211.3748,211.888,210.9205,211.3867,7199
2024-01-01 02:31:10,211.3867,211.9073,211.082,211.9985,2705
2024-01-01 02:31:11,211.9985,212.2379,211.7309,212.6794,9635
2024-01-01 02:31:12,212.6794,212.7156,212.6181,212.5573,1716
2024-01-01 02:31:13,212.5573,212.5914,212.0281,211.7009,3992
2024-01-01 02:31:14,211.7009,212.1713,211.5861,212.4035,2702
2024-01-01 02:31:15,212.4035,212.7896,212.2568,213.0443,6496
2024-01-01 02:31:16,213.0443,213.58,212.5777,213.339,7221
2024-01-01 02:31:17,213.339,213.4638,213.2373,212.5685,6116
2024-01-01 02:31:18,212.5685,213.3318,212.2042,212.3468,9940
2024-01-01 02:31:19,212.3468,212.5998,212.2744,212.6986,8710
2024-01-01 02:31:20,212.6986,212.8497,212.3903,212.9462,8054
2024-01-01 02:31:21,212.9462,213.303,212.4495,211.979,5486
2024-01-01 02:31:22,211.979,212.1485,211.7838,212.1765,5359
2024-01-01 02:31:23,212.1765,212.2038,211.5957,212.1253,1229
2024-01-01 02:31:24,212.1253,212.2562,212.0923,211.2548,8603
2024-01-01 02:31:25,211.2548,211.2703,210.8397,211.1863,7141
2024-01-01 02:31:26,211.1863,211.22,210.69,211.5559,1498
2024-01-01 02:31:27,211.5559,211.7282,211.2863,210.2743,2544
2024-01-01 02:31:28,210.2743,210.5477,209.8771,210.2669,2999
2024-01-01 02:31:29,210.2669,210.3899,210.2666,209.9558,8456
2024-01-01 02:31:30,209.9558,210.0746,209.937,209.5668,3796
2024-01-01 02:31:31,209.5668,210.0633,209.3597,210.4781,3717
2024-01-01 02:31:32,210.4781,210.9657,210.4639,210.2547,3947
2024-01-01 02:31:33,210.2547,210.7018,210.2332,210.3031,9992
2024-01-01 02:31:34,210.3031,210.5341,210.1528,211.0924,6803
2024-01-01 02:31:35,211.0924,211.4651,210.6493,211.6336,7430
2024-01-01 02:31:36,211.6336,211.6783,211.5092,211.3918,8046
2024-01-01 02:31:37,211.3918,211.7818,210.7205,210.9155,6367
2024-01-01 02:31:38,210.9155,211.2566,210.8502,210.9486,5563
2024-01-01 02:31:39,210.9486,210.949,210.5424,211.7305,4795
2024-01-01 02:31:40,211.7305,211.8936,211.2082,212.0485,3765
2024-01-01 02:31:41,212.0485,212.3759,211.6789,212.3568,3758
2024-01-01 02:31:42,212.3568,212.3916,212.1496,211.6821,4927
2024-01-01 02:31:43,211.6821,212.0123,211.5486,210.8715,5615
2024-01-01 02:31:44,210.8715,211.3567,210.1388,210.6328,4800
2024-01-01 02:31:45,210.6328,210.9306,210.5987,210.0733,5208
2024-01-01 02:31:46,210.0733,210.4585,210.0153,210.236,6838
2024-01-01 02:31:47,210.236,210.2407,210.1772,211.1933,4682
2024-01-01 02:31:48,211.1933,211.2269,210.84,211.7989,5710
2024-01-01 02:31:49,211.7989,212.2094,211.6464,211.082,3097
2024-01-01 02:31:50,211.082,211.1322,211.0563,210.9517,1937
2024-01-01 02:31:51,210.9517,210.9576,210.7125,211.0436,9374
2024-01-01 02:31:52,211.0436,211.3923,211.0075,211.494,6160
2024-01-01 02:31:53,211.494,211.6085,211.3892,211.5962,4463
2024-01-01 02:31:54,211.5962,211.6344,211.5049,211.2973,5147
2024-01-01 02:31:55,211.2973,211.3793,210.9691,211.3568,4792
2024-01-01 02:31:56,211.3568,211.5475,211.0169,210.6586,5119
2024-01-01 02:31:57,210.6586,210.6843,210.625,210.7605,4283
2024-01-01 02:31:58,210.7605,211.0334,210.1402,210.6438,5539
2024-01-01 02:31:59,210.6438,210.9615,210.4569,210.4609,6399
2024-01-01 02:32:00,210.4609,210.7688,210.3958,210.1962,5556
2024-01-01 02:32:01,210.1962,210.4447,210.0183,210.5989,1080
2024-01-01 02:32:02,210.5989,210.6735,210.524,210.27,5787
2024-01-01 02:32:03,210.27,210.5871,209.8403,210.3896,5314
2024-01-01 02:32:04,210.3896,210.4106,210.3763,210.4357,8149
2024-01-01 02:32:05,210.4357,210.6409,210.414,210.453,3520
2024-01-01 02:32:06,210.453,210.9197,210.3392,209.8451,5620
2024-01-01 02:32:07,209.8451,210.0543,209.8389,209.1163,5047
2024-01-01 02:32:08,209.1163,209.2643,208.8171,209.1533,6383
2024-01-01 02:32:09,209.1533,209.4751,209.1191,209.2106,3169
2024-01-01 02:32:10,209.2106,209.5066,208.5353,209.0151,1840
2024-01-01 02:32:11,209.0151,209.1165,208.5328,208.5642,8001
2024-01-01 02:32:12,208.5642,208.8831,208.3277,208.7507,5286
2024-01-01 02:32:13,208.7507,208.943,208.4219,208.9347,5071
2024-01-01 02:32:14,208.9347,209.2295,208.8023,208.6302,9440
2024-01-01 02:32:15,208.6302,208.6819,208.2199,208.4391,1187
2024-01-01 02:32:16,208.4391,208.8451,208.2188,208.6165,7007
2024-01-01 02:32:17,208.6165,208.9222,208.2669,208.5656,7506
2024-01-01 02:32:18,208.5656,208.6789,208.3732,209.2686,8667
2024-01-01 02:32:19,209.2686,209.4493,209.0982,209.2315,1494
2024-01-01 02:32:20,209.2315,209.3582,209.1042,209.5507,5990
2024-01-01 02:32:21,209.5507,209.8082,209.4764,209.0117,9019
2024-01-01 02:32:22,209.0117,209.5894,208.6937,209.3132,5513
2024-01-01 02:32:23,209.3132,209.3637,208.5737,209.4871,1652
2024-01-01 02:32:24,209.4871,209.6302,209.0885,209.0257,6973
2024-01-01 02:32:25,209.0257,209.1574,208.7584,208.8815,6511
2024-01-01 02:32:26,208.8815,209.2102,208.85,207.8057,1513
2024-01-01 02:32:27,207.8057,208.0735,207.3636,208.2959,5109
2024-01-01 02:32:28,208.2959,208.3409,208.0408,208.8544,2582
2024-01-01 02:32:29,208.8544,209.1751,208.6846,208.579,1330
2024-01-01 02:32:30,208.579,208.7182,208.2217,208.5142,6140
2024-01-01 02:32:31,208.5142,208.901,208.3302,207.3559,4515
2024-01-01 02:32:32,207.3559,207.4726,206.8944,208.3199,9238
2024-01-01 02:32:33,208.3199,208.5104,208.0187,207.8446,8437
2024-01-01 02:32:34,207.8446,208.2721,207.2403,208.0854,2652
2024-01-01 02:32:35,208.0854,208.356,207.8534,208.6038,3966
2024-01-01 02:32:36,208.6038,208.8284,208.5913,208.6473,5320
2024-01-01 02:32:37,208.6473,208.909,208.5835,208.3968,7874
2024-01-01 02:32:38,208.3968,208.6046,208.1211,207.3478,8816
2024-01-01 02:32:39,207.3478,207.4778,206.9921,207.1689,2092
2024-01-01 02:32:40,207.1689,207.2237,207.0962,206.9059,3723
2024-01-01 02:32:41,206.9059,207.2017,206.496,205.9563,9749
2024-01-01 02:32:42,205.9563,205.9932,205.755,204.8562,2048
2024-01-01 02:32:43,204.8562,205.0728,204.6409,205.4203,9680
2024-01-01 02:32:44,205.4203,205.8816,204.7556,205.2115,6484
2024-01-01 02:32:45,205.2115,205.3511,205.073,206.784,4717
2024-01-01 02:32:46,206.784,206.9859,206.6419,207.6078,4329
2024-01-01 02:32:47,207.6078,207.7956,207.4224,208.6524,7611
2024-01-01 02:32:48,208.6524,208.6638,208.513,208.7556,5185
2024-01-01 02:32:49,208.7556,208.7712,208.2838,208.2743,2564
2024-01-01 02:32:50,208.2743,208.5282,207.7776,208.2182,5452
2024-01-01 02:32:51,208.2182,208.5351,208.1448,208.2431,7722
2024-01-01 02:32:52,208.2431,208.3051,208.144,208.5974,7927
2024-01-01 02:32:53,208.5974,208.7954,208.1181,208.4015,8283
2024-01-01 02:32:54,208.4015,208.8088,208.2343,208.4818,3643
2024-01-01 02:32:55,208.4818,208.6536,208.1368,208.9144,6409
2024-01-01 02:32:56,208.9144,209.1706,208.7192,208.9121,5380
2024-01-01 02:32:57,208.9121,208.9338,208.5128,209.0101,8953
2024-01-01 02:32:58,209.0101,209.2359,208.6556,208.2797,2882
2024-01-01 02:32:59,208.2797,208.4048,207.8682,209.0845,8871
2024-01-01 02:33:00,209.0845,209.5944,208.6164,208.7459,6270
2024-01-01 02:33:01,208.7459,209.0712,208.7291,209.2558,7000
2024-01-01 02:33:02,209.2558,209.2871,209.0148,208.3068,4987
2024-01-01 02:33:03,208.3068,208.6382,208.21,207.6402,2096
2024-01-01 02:33:04,207.6402,207.9469,207.2833,208.4486,3340
2024-01-01 02:33:05,208.4486,208.7386,208.0728,209.6608,1903
2024-01-01 02:33:06,209.6608,210.1028,209.5089,209.8803,6305
2024-01-01 02:33:07,209.8803,209.9832,209.5944,209.8874,2750
2024-01-01 02:33:08,209.8874,209.9932,209.8168,208.7529,3585
2024-01-01 02:33:09,208.7529,209.1914,208.1509,208.3857,1964
2024-01-01 02:33:10,208.3857,208.4298,208.1363,208.6287,7501
2024-01-01 02:33:11,208.6287,208.8203,208.3533,208.3283,3419
2024-01-01 02:33:12,208.3283,208.4764,207.4807,206.3449,8338
2024-01-01 02:33:13,206.3449,206.7626,206.1299,206.9267,8679
2024-01-01 02:33:14,206.9267,207.1178,206.9121,207.3505,7724
2024-01-01 02:33:15,207.3505,207.7057,206.9878,206.9072,3923
2024-01-01 02:33:16,206.9072,206.9081,206.5354,207.461,1385
2024-01-01 02:33:17,207.461,207.5399,207.2703,207.1719,9974
2024-01-01 02:33:18,207.1719,207.4232,207.1079,206.7739,3219
2024-01-01 02:33:19,206.7739,206.9399,206.6995,206.2276,8182
2024-01-01 02:33:20,206.2276,206.3337,205.948,207.0269,7492
2024-01-01 02:33:21,207.0269,207.6145,206.3134,208.1619,2093
2024-01-01 02:33:22,208.1619,208.3963,207.6124,207.9824,3066
2024-01-01 02:33:23,207.9824,208.0336,207.8964,208.4784,5632
2024-01-01 02:33:24,208.4784,208.7028,208.3421,208.0599,1734
2024-01-01 02:33:25,208.0599,208.1928,207.7677,207.8752,1351
2024-01-01 02:33:26,207.8752,208.2905,207.6468,207.0301,6749
2024-01-01 02:33:27,207.0301,207.5679,206.9176,207.8356,7436
2024-01-01 02:33:28,207.8356,207.9537,207.4233,208.1469,8721
2024-01-01 02:33:29,208.1469,208.2355,207.5529,208.2758,3535
2024-01-01 02:33:30,208.2758,208.7075,208.0863,208.4749,7289
2024-01-01 02:33:31,208.4749,208.7589,208.3605,207.7517,6291
2024-01-01 02:33:32,207.7517,207.7787,207.7098,207.7412,5550
2024-01-01 02:33:33,207.7412,208.1839,207.0739,208.4476,2866
2024-01-01 02:33:34,208.4476,208.7361,208.253,208.2628,4664
2024-01-01 02:33:35,208.2628,208.4806,207.5737,208.122,9201
2024-01-01 02:33:36,208.122,208.7855,207.6879,208.0901,6991
2024-01-01 02:33:37,208.0901,208.1961,208.0527,208.2453,9508
2024-01-01 02:33:38,208.2453,208.2992,208.2214,208.6861,7195
2024-01-01 02:33:39,208.6861,208.7385,208.3655,208.9309,7305
2024-01-01 02:33:40,208.9309,209.189,208.7172,208.8012,6165
2024-01-01 02:33:41,208.8012,209.0381,208.5812,209.1698,6698
2024-01-01 02:33:42,209.1698,209.9022,208.3973,208.454,3563
2024-01-01 02:33:43,208.454,208.6618,208.2516,208.522,7528
2024-01-01 02:33:44,208.522,208.6462,208.508,207.4932,4128
2024-01-01 02:33:45,207.4932,207.7424,207.1198,207.7124,9948
2024-01-01 02:33:46,207.7124,207.9456,207.473,207.0942,7506
2024-01-01 02:33:47,207.0942,207.5958,206.7454,206.9149,5038
2024-01-01 02:33:48,206.9149,206.977,206.7718,206.8711,6666
2024-01-01 02:33:49,206.8711,206.9895,206.8217,207.0871,8319
2024-01-01 02:33:50,207.0871,207.3552,206.9533,206.9256,9535
2024-01-01 02:33:51,206.9256,206.9264,206.6548,206.6759,2096
2024-01-01 02:33:52,206.6759,206.8348,206.5991,206.8328,5115
2024-01-01 02:33:53,206.8328,206.928,206.5795,206.46,1325
2024-01-01 02:33:54,206.46,206.8267,206.0028,206.1192,2834
2024-01-01 02:33:55,206.1192,206.1963,205.8947,206.1551,2461
2024-01-01 02:33:56,206.1551,206.43,206.0044,205.5511,8070
2024-01-01 02:33:57,205.5511,205.5795,205.3263,205.683,3312
2024-01-01 02:33:58,205.683,206.0061,205.6377,206.2048,8367
2024-01-01 02:33:59,206.2048,206.642,206.0951,207.2291,2552
2024-01-01 02:34:00,207.2291,207.2317,207.1721,207.2636,3749
2024-01-01 02:34:01,207.2636,207.545,207.1022,208.024,9769
2024-01-01 02:34:02,208.024,208.5365,207.4438,207.9026,5113
2024-01-01 02:34:03,207.9026,207.9147,207.3899,207.5506,5948
2024-01-01 02:34:04,207.5506,207.7198,207.2318,206.7486,2956
2024-01-01 02:34:05,206.7486,206.9808,206.1566,206.1423,9443
2024-01-01 02:34:06,206.1423,206.4625,206.1112,206.7877,1232
2024-01-01 02:34:07,206.7877,206.8446,206.7801,206.7493,9437
2024-01-01 02:34:08,206.7493,206.8538,206.5624,206.1021,9320
2024-01-01 02:34:09,206.1021,206.2491,206.0626,205.7812,1263
2024-01-01 02:34:10,205.7812,206.01,205.6356,205.925,1546
2024-01-01 02:34:11,205.925,206.3912,205.7642,205.5392,1790
2024-01-01 02:34:12,205.5392,206.2545,205.4714,204.792,9490
2024-01-01 02:34:13,204.792,204.8725,204.3604,204.3493,1623
2024-01-01 02:34:14,204.3493,204.9227,204.1406,203.5042,2592
2024-01-01 02:34:15,203.5042,203.7674,203.3393,201.5401,5971
2024-01-01 02:34:16,201.5401,201.8504,201.4251,200.6264,5761
2024-01-01 02:34:17,200.6264,201.2649,200.1966,200.5782,7914
2024-01-01 02:34:18,200.5782,200.7434,200.2258,200.6232,6680
2024-01-01 02:34:19,200.6232,201.1716,200.3818,201.1394,7496
2024-01-01 02:34:20,201.1394,201.2356,201.041,201.1672,9343
2024-01-01 02:34:21,201.1672,201.4013,200.6975,200.8084,5316
2024-01-01 02:34:22,200.8084,201.0417,200.7573,200.149,3820
2024-01-01 02:34:23,200.149,200.6061,199.765,200.3269,3435
2024-01-01 02:34:24,200.3269,200.3276,200.2891,200.6831,8089
2024-01-01 02:34:25,200.6831,201.2214,200.1058,200.3005,6799
2024-01-01 02:34:26,200.3005,200.319,200.0724,199.2244,6806
2024-01-01 02:34:27,199.2244,199.819,199.1906,199.5814,9393
2024-01-01 02:34:28,199.5814,199.7335,199.4948,199.3484,6658
2024-01-01 02:34:29,199.3484,199.4975,199.1415,199.9861,9213
2024-01-01 02:34:30,199.9861,200.1994,199.9512,199.2282,5434
2024-01-01 02:34:31,199.2282,199.4476,198.933,199.4508,3362
2024-01-01 02:34:32,199.4508,199.7816,199.2067,200.0066,3132
2024-01-01 02:34:33,200.0066,200.0753,199.4294,199.8349,1376
2024-01-01 02:34:34,199.8349,199.8648,199.7706,199.5566,9015
2024-01-01 02:34:35,199.5566,199.6569,199.4688,200.3557,4053
2024-01-01 02:34:36,200.3557,200.6844,200.1672,199.4526,6948
2024-01-01 02:34:37,199.4526,199.7159,199.436,198.8855,7502
2024-01-01 02:34:38,198.8855,199.2222,198.6609,199.4939,4278
2024-01-01 02:34:39,199.4939,199.724,199.3737,198.5849,1592
2024-01-01 02:34:40,198.5849,198.6175,198.1279,198.1082,3306
2024-01-01 02:34:41,198.1082,198.2619,197.805,197.2606,9690
2024-01-01 02:34:42,197.2606,197.5614,196.861,196.8823,1248
2024-01-01 02:34:43,196.8823,197.1517,196.7624,196.8406,7240
2024-01-01 02:34:44,196.8406,196.9632,196.6329,196.6036,3327
2024-01-01 02:34:45,196.6036,196.9099,196.508,196.0242,3674
2024-01-01 02:34:46,196.0242,196.2619,195.9763,196.3567,8700
2024-01-01 02:34:47,196.3567,196.7077,195.8072,197.259,3011
2024-01-01 02:34:48,197.259,197.3426,196.8674,196.5843,6642
2024-01-01 02:34:49,196.5843,197.0,196.4921,196.0625,8705
2024-01-01 02:34:50,196.0625,196.5416,196.0484,196.5349,3198
2024-01-01 02:34:51,196.5349,196.5795,196.4998,196.4081,8444
2024-01-01 02:34:52,196.4081,196.4162,196.252,195.6556,5852
2024-01-01 02:34:53,195.6556,196.0885,195.151,195.6997,3187
2024-01-01 02:34:54,195.6997,196.1407,195.4864,195.6946,4657
2024-01-01 02:34:55,195.6946,195.7696,195.2561,195.5235,5547
2024-01-01 02:34:56,195.5235,195.8724,195.2339,196.3737,2199
2024-01-01 02:34:57,196.3737,196.5796,196.3335,195.771,4904
2024-01-01 02:34:58,195.771,195.9246,195.2078,195.7484,7995
2024-01-01 02:34:59,195.7484,196.3266,195.6242,195.578,1818
2024-01-01 02:35:00,195.578,195.7806,195.0841,195.9781,8711
2024-01-01 02:35:01,195.9781,196.4012,195.9302,196.0489,1847
2024-01-01 02:35:02,196.0489,196.1811,195.9927,195.9959,1025
2024-01-01 02:35:03,195.9959,196.3354,195.8825,195.8444,5045
2024-01-01 02:35:04,195.8444,196.4241,195.8181,195.7938,2391
2024-01-01 02:35:05,195.7938,195.9981,195.5391,195.8779,8793
2024-01-01 02:35:06,195.8779,196.3669,195.7585,196.0646,5628
2024-01-01 02:35:07,196.0646,196.2308,195.8572,195.8101,4702
2024-01-01 02:35:08,195.8101,195.8672,195.7858,196.0558,9069
2024-01-01 02:35:09,196.0558,196.5647,195.9814,196.5265,8470
2024-01-01 02:35:10,196.5265,196.6038,196.4835,196.0702,2747
2024-01-01 02:35:11,196.0702,196.2684,195.7648,195.9309,6640
2024-01-01 02:35:12,195.9309,196.0577,195.6035,196.0197,8077
2024-01-01 02:35:13,196.0197,196.235,196.0133,195.7442,7200
2024-01-01 02:35:14,195.7442,195.9458,195.5239,195.8782,9752
2024-01-01 02:35:15,195.8782,196.4437,195.8397,195.1805,5878
2024-01-01 02:35:16,195.1805,195.6503,195.1532,195.5712,5675
2024-01-01 02:35:17,195.5712,196.1971,195.4194,194.6811,5040
2024-01-01 02:35:18,194.6811,194.942,194.4099,194.2804,8779
2024-01-01 02:35:19,194.2804,194.5573,194.1788,193.9771,5004
2024-01-01 02:35:20,193.9771,194.1481,193.8917,193.8484,1894
2024-01-01 02:35:21,193.8484,194.3223,193.1943,194.0716,6197
2024-01-01 02:35:22,194.0716,194.1863,193.6831,193.9953,8769
2024-01-01 02:35:23,193.9953,194.2031,193.8596,194.3529,8292
2024-01-01 02:35:24,194.3529,194.6421,194.2557,193.9783,9466
2024-01-01 02:35:25,193.9783,194.0269,193.7752,193.3947,7787
2024-01-01 02:35:26,193.3947,193.5159,193.3329,193.39,5760
2024-01-01 02:35:27,193.39,193.4406,193.1273,194.0352,3212
2024-01-01 02:35:28,194.0352,194.1404,193.9716,193.9834,8179
2024-01-01 02:35:29,193.9834,194.3287,193.3272,193.5441,6442
2024-01-01 02:35:30,193.5441,193.5677,193.2993,193.7021,9099
2024-01-01 02:35:31,193.7021,194.0155,193.6773,193.3249,7570
2024-01-01 02:35:32,193.3249,193.6417,193.2665,193.0546,6784
2024-01-01 02:35:33,193.0546,193.2534,192.32,192.5763,9084
2024-01-01 02:35:34,192.5763,192.928,192.4769,192.2958,3518
2024-01-01 02:35:35,192.2958,192.4925,191.7999,191.6824,1333
2024-01-01 02:35:36,191.6824,191.8127,191.3043,192.4479,2596
2024-01-01 02:35:37,192.4479,192.4569,192.2603,193.065,7681
2024-01-01 02:35:38,193.065,193.4163,192.8568,192.7325,6272
2024-01-01 02:35:39,192.7325,193.13,192.7036,193.0013,2764
2024-01-01 02:35:40,193.0013,193.3978,192.9987,192.9874,7513
2024-01-01 02:35:41,192.9874,193.387,192.8444,192.8397,1229
2024-01-01 02:35:42,192.8397,192.8721,192.7425,192.8072,6784
2024-01-01 02:35:43,192.8072,193.1507,192.7751,192.1198,4004
2024-01-01 02:35:44,192.1198,192.5553,191.6733,192.0147,5800
2024-01-01 02:35:45,192.0147,192.3568,191.6793,192.0908,7456
2024-01-01 02:35:46,192.0908,192.3071,191.9165,191.3991,9458
2024-01-01 02:35:47,191.3991,191.4281,191.3129,191.7026,6657
2024-01-01 02:35:48,191.7026,191.8048,191.2202,191.8959,2047
2024-01-01 02:35:49,191.8959,191.9852,191.7059,192.077,5194
2024-01-01 02:35:50,192.077,192.7674,191.7392,192.4061,8590
2024-01-01 02:35:51,192.4061,192.6345,192.1723,193.4687,8930
2024-01-01 02:35:52,193.4687,193.4717,193.0357,193.123,3131
2024-01-01 02:35:53,193.123,193.5557,192.7558,192.6205,6485
2024-01-01 02:35:54,192.6205,192.6893,192.1966,192.0585,1148
2024-01-01 02:35:55,192.0585,192.1911,191.6464,192.2787,8169
2024-01-01 02:35:56,192.2787,192.4137,191.9429,191.966,3987
2024-01-01 02:35:57,191.966,192.0157,191.9114,192.0716,7765
2024-01-01 02:35:58,192.0716,192.2968,192.0003,192.7033,5328
2024-01-01 02:35:59,192.7033,193.003,192.6966,192.6414,7755
2024-01-01 02:36:00,192.6414,192.8558,192.4746,192.1762,2476
2024-01-01 02:36:01,192.1762,192.6601,192.0502,191.6817,3789
2024-01-01 02:36:02,191.6817,191.892,191.4093,191.5921,5013
2024-01-01 02:36:03,191.5921,191.6917,191.1132,191.9675,4572
2024-01-01 02:36:04,191.9675,192.3825,191.2853,192.4463,7090
2024-01-01 02:36:05,192.4463,192.5815,191.839,193.4254,6339
2024-01-01 02:36:06,193.4254,193.5221,193.1581,192.6352,6245
2024-01-01 02:36:07,192.6352,192.6794,192.2977,192.264,2533
2024-01-01 02:36:08,192.264,192.7052,192.0582,192.2461,5874
2024-01-01 02:36:09,192.2461,192.4636,191.7133,192.9285,5391
2024-01-01 02:36:10,192.9285,193.0296,192.6195,193.4183,4005
2024-01-01 02:36:11,193.4183,193.4733,193.3017,192.3514,4352
2024-01-01 02:36:12,192.3514,192.7229,192.3079,191.9377,7469
2024-01-01 02:36:13,191.9377,192.2816,191.2516,192.793,8231
2024-01-01 02:36:14,192.793,193.1945,192.7789,192.4044,1626
2024-01-01 02:36:15,192.4044,192.4987,192.3502,193.0627,6519
2024-01-01 02:36:16,193.0627,193.6431,193.0517,191.8435,7453
2024-01-01 02:36:17,191.8435,191.8946,191.6835,191.9329,2935
2024-01-01 02:36:18,191.9329,192.0291,191.8042,191.9768,1925
2024-01-01 02:36:19,191.9768,192.2915,191.8643,191.5294,1908
2024-01-01 02:36:20,191.5294,191.9448,191.3988,192.1886,6962
2024-01-01 02:36:21,192.1886,192.2487,191.5585,192.1866,4201
2024-01-01 02:36:22,192.1866,192.513,191.7672,192.7215,5036
2024-01-01 02:36:23,192.7215,192.9481,192.5472,192.8258,3622
2024-01-01 02:36:24,192.8258,192.8715,192.5458,192.1262,6192
2024-01-01 02:36:25,192.1262,192.4549,191.9435,192.8953,8219
2024-01-01 02:36:26,192.8953,193.0083,192.7673,192.146,1605
2024-01-01 02:36:27,192.146,193.0089,192.0049,192.5087,7294
2024-01-01 02:36:28,192.5087,192.766,192.3033,191.9835,9996
2024-01-01 02:36:29,191.9835,192.211,191.4746,192.2196,8835
2024-01-01 02:36:30,192.2196,192.2457,192.032,192.9496,2718
2024-01-01 02:36:31,192.9496,192.9867,192.7966,192.7931,9344
2024-01-01 02:36:32,192.7931,192.9409,192.7887,192.2855,2054
2024-01-01 02:36:33,192.2855,192.2864,191.7803,192.385,9777
2024-01-01 02:36:34,192.385,192.6606,191.9268,192.2759,2104
2024-01-01 02:36:35,192.2759,192.4582,192.2455,192.3625,7134
2024-01-01 02:36:36,192.3625,192.5173,192.218,192.9787,8748
2024-01-01 02:36:37,192.9787,193.7969,192.6291,192.1781,6973
2024-01-01 02:36:38,192.1781,192.5264,191.9194,191.8299,6923
2024-01-01 02:36:39,191.8299,192.1707,191.5214,192.4656,6294
2024-01-01 02:36:40,192.4656,192.6202,192.0277,191.769,4194
2024-01-01 02:36:41,191.769,192.2135,191.753,190.9881,3422
2024-01-01 02:36:42,190.9881,191.1642,190.6844,190.0221,4859
2024-01-01 02:36:43,190.0221,190.126,189.8912,191.0526,8189
2024-01-01 02:36:44,191.0526,191.1124,190.6046,190.4742,6746
2024-01-01 02:36:45,190.4742,190.6063,190.091,191.2249,7716
2024-01-01 02:36:46,191.2249,191.9079,190.8499,190.8525,9172
2024-01-01 02:36:47,190.8525,190.8769,190.6121,191.2462,6897
2024-01-01 02:36:48,191.2462,191.5444,191.0342,191.0087,2682
2024-01-01 02:36:49,191.0087,191.0437,190.3297,191.5007,3013
2024-01-01 02:36:50,191.5007,191.5066,191.4864,192.7212,9951
2024-01-01 02:36:51,192.7212,193.0773,192.6077,192.564,6178
2024-01-01 02:36:52,192.564,192.7119,192.3078,192.2103,1418
2024-01-01 02:36:53,192.2103,192.2151,191.9376,192.0273,2820
2024-01-01 02:36:54,192.0273,192.241,192.0109,191.7703,7888
2024-01-01 02:36:55,191.7703,192.1181,191.7407,191.7721,5259
2024-01-01 02:36:56,191.7721,192.0927,191.4947,191.7599,9979
2024-01-01 02:36:57,191.7599,192.04,191.6781,191.4735,7293
2024-01-01 02:36:58,191.4735,191.7184,191.4556,191.5669,4592
2024-01-01 02:36:59,191.5669,191.6225,191.0166,191.1957,8252
2024-01-01 02:37:00,191.1957,191.5822,190.9987,191.0874,8856
2024-01-01 02:37:01,191.0874,191.6143,190.8099,191.0334,3559
2024-01-01 02:37:02,191.0334,191.7024,190.4594,191.3438,9224
2024-01-01 02:37:03,191.3438,191.8574,190.8942,191.791,6651
2024-01-01 02:37:04,191.791,191.7917,191.6964,192.1422,9171
2024-01-01 02:37:05,192.1422,192.1707,191.259,192.7535,1823
2024-01-01 02:37:06,192.7535,192.9148,192.7215,192.6205,1063
2024-01-01 02:37:07,192.6205,192.623,192.4618,192.5816,7827
2024-01-01 02:37:08,192.5816,192.6381,192.2565,193.1441,3684
2024-01-01 02:37:09,193.1441,193.3407,193.0102,192.7961,8975
2024-01-01 02:37:10,192.7961,193.0456,192.7506,191.4913,9726
2024-01-01 02:37:11,191.4913,191.496,190.7883,191.5397,2881
2024-01-01 02:37:12,191.5397,191.622,191.5367,191.3663,4798
2024-01-01 02:37:13,191.3663,191.5852,191.1825,190.7906,8228
2024-01-01 02:37:14,190.7906,191.0815,190.2532,190.4172,9289
2024-01-01 02:37:15,190.4172,190.4243,189.9625,190.2813,6674
2024-01-01 02:37:16,190.2813,190.6291,190.0664,191.1133,9769
2024-01-01 02:37:17,191.1133,191.118,190.8793,191.223,7394
2024-01-01 02:37:18,191.223,191.3495,191.0759,191.7141,6553
2024-01-01 02:37:19,191.7141,192.0529,191.6689,191.3497,8919
2024-01-01 02:37:20,191.3497,191.6672,191.259,191.2568,9316
2024-01-01 02:37:21,191.2568,191.3068,190.93,191.488,7048
2024-01-01 02:37:22,191.488,191.8563,191.34,190.805,2333
2024-01-01 02:37:23,190.805,191.2579,190.5841,189.7158,9505
2024-01-01 02:37:24,189.7158,189.7718,189.3432,189.2415,4619
2024-01-01 02:37:25,189.2415,189.3766,189.1033,188.8329,1663
2024-01-01 02:37:26,188.8329,188.8882,188.4606,188.7559,6237
2024-01-01 02:37:27,188.7559,188.8682,188.2769,189.0004,8178
2024-01-01 02:37:28,189.0004,189.2629,188.9497,189.0553,2100
2024-01-01 02:37:29,189.0553,189.273,188.9501,189.1519,4029
2024-01-01 02:37:30,189.1519,189.3024,188.82,189.0867,2689
2024-01-01 02:37:31,189.0867,189.2791,189.0632,188.2422,4838
2024-01-01 02:37:32,188.2422,188.864,187.4582,188.262,7658
2024-01-01 02:37:33,188.262,188.366,188.0892,188.7355,4190
2024-01-01 02:37:34,188.7355,188.9366,188.4906,189.0782,9875
2024-01-01 02:37:35,189.0782,189.377,189.0402,188.9309,3562
2024-01-01 02:37:36,188.9309,188.9424,188.7087,188.1217,1001
2024-01-01 02:37:37,188.1217,188.5013,188.0607,188.4696,6328
2024-01-01 02:37:38,188.4696,188.733,188.3624,188.072,8800
2024-01-01 02:37:39,188.072,188.4059,188.0388,187.8548,7961
2024-01-01 02:37:40,187.8548,188.2543,187.6476,187.865,9445
2024-01-01 02:37:41,187.865,187.9604,187.2693,187.9334,7304
2024-01-01 02:37:42,187.9334,188.138,187.3881,187.3814,9245
2024-01-01 02:37:43,187.3814,187.6377,186.7389,186.0006,1182
2024-01-01 02:37:44,186.0006,186.4865,185.9031,186.2138,6960
2024-01-01 02:37:45,186.2138,186.3848,185.9376,185.831,3301
2024-01-01 02:37:46,185.831,185.9346,185.209,185.5952,1445
2024-01-01 02:37:47,185.5952,185.617,185.5437,184.7398,8232
2024-01-01 02:37:48,184.7398,185.0459,184.6771,184.1399,6827
2024-01-01 02:37:49,184.1399,184.3568,183.8503,183.8774,6662
2024-01-01 02:37:50,183.8774,184.0916,183.7507,183.7866,2284
2024-01-01 02:37:51,183.7866,183.8107,183.4717,184.1565,2983
2024-01-01 02:37:52,184.1565,184.2902,184.0467,184.6485,8246
2024-01-01 02:37:53,184.6485,184.9243,184.1848,185.2543,6172
2024-01-01 02:37:54,185.2543,185.4118,184.7647,184.5048,8542
2024-01-01 02:37:55,184.5048,184.9123,183.7569,183.9847,9205
2024-01-01 02:37:56,183.9847,184.3152,183.8635,183.7897,1036
2024-01-01 02:37:57,183.7897,184.1151,183.4186,182.9633,6549
2024-01-01 02:37:58,182.9633,183.195,182.7695,182.5447,7077
2024-01-01 02:37:59,182.5447,182.8673,182.4763,182.6788,1393
2024-01-01 02:38:00,182.6788,183.1141,182.4948,182.1572,7806
2024-01-01 02:38:01,182.1572,182.2613,182.1222,181.7464,3105
2024-01-01 02:38:02,181.7464,181.8032,181.3826,181.3197,1460
2024-01-01 02:38:03,181.3197,181.4095,181.1513,181.1331,9531
2024-01-01 02:38:04,181.1331,181.2157,180.6338,181.4619,3549
2024-01-01 02:38:05,181.4619,182.0971,180.9253,181.0757,3795
2024-01-01 02:38:06,181.0757,181.2736,180.8982,180.9447,7981
2024-01-01 02:38:07,180.9447,181.0909,180.5855,181.1695,9670
2024-01-01 02:38:08,181.1695,181.3202,180.9742,180.9277,9222
2024-01-01 02:38:09,180.9277,181.0967,180.3569,181.1401,9452
2024-01-01 02:38:10,181.1401,181.2762,180.9447,181.6132,7972
2024-01-01 02:38:11,181.6132,181.7727,181.3473,182.1401,7538
2024-01-01 02:38:12,182.1401,182.1857,181.7862,181.6643,8354
2024-01-01 02:38:13,181.6643,181.7699,181.1869,181.4048,6359
2024-01-01 02:38:14,181.4048,181.9346,181.198,181.1745,8240
2024-01-01 02:38:15,181.1745,181.6115,181.1232,181.9259,6796
2024-01-01 02:38:16,181.9259,181.9616,181.7278,182.3386,9735
2024-01-01 02:38:17,182.3386,182.6245,181.9399,183.0271,9980
2024-01-01 02:38:18,183.0271,183.1939,182.5649,183.6731,9660
2024-01-01 02:38:19,183.6731,183.8686,183.6062,183.1973,8936
2024-01-01 02:38:20,183.1973,183.2095,183.1072,182.3576,1761
2024-01-01 02:38:21,182.3576,182.5281,182.3291,181.6694,2870
2024-01-01 02:38:22,181.6694,181.6948,181.3074,182.0778,5963
2024-01-01 02:38:23,182.0778,182.209,182.0058,182.7215,7209
2024-01-01 02:38:24,182.7215,182.7602,182.3137,183.4644,2877
2024-01-01 02:38:25,183.4644,183.8298,183.2452,183.7941,7265
2024-01-01 02:38:26,183.7941,183.8191,183.7612,184.0064,5513
2024-01-01 02:38:27,184.0064,184.4135,183.8466,183.933,1737
2024-01-01 02:38:28,183.933,184.0919,183.7889,184.911,1555
2024-01-01 02:38:29,184.911,185.2727,184.7909,185.4973,3257
2024-01-01 02:38:30,185.4973,185.7467,184.9715,185.887,1608
2024-01-01 02:38:31,185.887,186.1519,185.7559,186.4735,6042
2024-01-01 02:38:32,186.4735,186.6626,186.1823,186.1535,9293
2024-01-01 02:38:33,186.1535,186.789,185.9267,185.4931,4690
2024-01-01 02:38:34,185.4931,185.7845,185.2113,185.613,8982
2024-01-01 02:38:35,185.613,185.7277,185.4742,185.4187,6944
2024-01-01 02:38:36,185.4187,185.7378,185.4053,185.1469,9584
2024-01-01 02:38:37,185.1469,185.1751,184.9287,184.5717,2058
2024-01-01 02:38:38,184.5717,185.0775,184.2644,184.7454,5270
2024-01-01 02:38:39,184.7454,184.8046,184.323,184.208,7667
2024-01-01 02:38:40,184.208,184.3395,183.8063,183.9008,1571
2024-01-01 02:38:41,183.9008,183.9136,183.6943,183.3646,9991
2024-01-01 02:38:42,183.3646,183.4178,183.0284,184.137,9908
2024-01-01 02:38:43,184.137,184.2315,183.84,183.5623,3715
2024-01-01 02:38:44,183.5623,183.6803,183.1705,183.6909,2793
2024-01-01 02:38:45,183.6909,183.6978,183.5941,183.733,9224
2024-01-01 02:38:46,183.733,183.8026,183.6828,184.0568,9209
2024-01-01 02:38:47,184.0568,184.6718,183.9339,184.0579,7656
2024-01-01 02:38:48,184.0579,184.225,183.5507,185.1219,4765
2024-01-01 02:38:49,185.1219,185.3583,184.8285,185.7578,7221
2024-01-01 02:38:50,185.7578,186.03,185.4857,185.1554,2657
2024-01-01 02:38:51,185.1554,185.3506,184.9744,185.0096,7698
2024-01-01 02:38:52,185.0096,185.1241,184.8741,184.793,6720
2024-01-01 02:38:53,184.793,184.8207,184.6523,184.8837,8231
2024-01-01 02:38:54,184.8837,185.0871,184.4778,184.4018,3650
2024-01-01 02:38:55,184.4018,184.5662,183.7003,184.9289,6810
2024-01-01 02:38:56,184.9289,185.1616,184.4689,185.7253,9000
2024-01-01 02:38:57,185.7253,185.7408,185.6443,184.8118,1981
2024-01-01 02:38:58,184.8118,185.1293,184.5678,184.3204,8638
2024-01-01 02:38:59,184.3204,184.679,184.0725,183.9532,2467
2024-01-01 02:39:00,183.9532,184.4699,183.6914,183.9989,5550
2024-01-01 02:39:01,183.9989,184.3298,183.374,184.2916,2351
2024-01-01 02:39:02,184.2916,184.9444,184.2896,184.1884,7838
2024-01-01 02:39:03,184.1884,184.4785,183.6833,184.4024,5300
2024-01-01 02:39:04,184.4024,184.6893,184.1805,184.4508,6652
2024-01-01 02:39:05,184.4508,184.5968,184.1291,184.6245,3350
2024-01-01 02:39:06,184.6245,184.9357,184.6068,183.9068,7047
2024-01-01 02:39:07,183.9068,183.926,183.4666,183.4976,2876
2024-01-01 02:39:08,183.4976,184.0959,183.3392,184.0892,5166
2024-01-01 02:39:09,184.0892,184.3752,183.895,183.5076,8021
2024-01-01 02:39:10,183.5076,183.8135,183.3051,183.9569,8278
2024-01-01 02:39:11,183.9569,183.9634,183.6576,183.1136,6329
2024-01-01 02:39:12,183.1136,183.3723,182.9563,183.0754,7830
2024-01-01 02:39:13,183.0754,183.615,183.0672,183.5791,5609
2024-01-01 02:39:14,183.5791,183.7077,183.0454,183.4429,5427
2024-01-01 02:39:15,183.4429,183.6262,183.439,183.8176,3031
2024-01-01 02:39:16,183.8176,183.9995,183.6601,183.9369,7314
2024-01-01 02:39:17,183.9369,184.1073,183.8342,184.3228,8049
2024-01-01 02:39:18,184.3228,184.8785,184.2624,184.1454,3013
2024-01-01 02:39:19,184.1454,184.3303,183.9305,184.5164,2186
2024-01-01 02:39:20,184.5164,184.8448,184.1045,184.8757,6931
2024-01-01 02:39:21,184.8757,184.9614,184.28,185.8012,6558
2024-01-01 02:39:22,185.8012,185.8139,185.3874,186.3078,9364
2024-01-01 02:39:23,186.3078,186.6656,186.0638,186.1253,9611
2024-01-01 02:39:24,186.1253,186.3419,185.8117,186.8086,3478
2024-01-01 02:39:25,186.8086,186.9664,186.6802,187.0209,1534
2024-01-01 02:39:26,187.0209,187.1999,186.7651,186.9076,2725
2024-01-01 02:39:27,186.9076,186.9313,186.6822,186.5157,7663
2024-01-01 02:39:28,186.5157,186.5776,186.4919,185.9777,3054
2024-01-01 02:39:29,185.9777,186.611,185.7667,187.0033,8037
2024-01-01 02:39:30,187.0033,187.1231,186.5061,186.5083,9334
2024-01-01 02:39:31,186.5083,186.7602,186.2034,185.7832,5798
2024-01-01 02:39:32,185.7832,186.1546,185.34,185.8312,5820
2024-01-01 02:39:33,185.8312,185.9798,185.7451,186.0901,5743
2024-01-01 02:39:34,186.0901,186.4993,186.0433,186.0105,9011
2024-01-01 02:39:35,186.0105,186.3662,185.4981,185.6845,3572
2024-01-01 02:39:36,185.6845,185.7263,185.684,186.622,9267
2024-01-01 02:39:37,186.622,186.6588,186.0721,186.1139,1074
2024-01-01 02:39:38,186.1139,186.2581,185.8545,186.4917,8194
2024-01-01 02:39:39,186.4917,186.6165,186.3284,186.7881,4059
2024-01-01 02:39:40,186.7881,186.8117,186.4496,186.9825,4381
2024-01-01 02:39:41,186.9825,187.2253,186.7375,187.5358,1242
2024-01-01 02:39:42,187.5358,187.7494,187.2072,187.305,9749
2024-01-01 02:39:43,187.305,187.3405,187.1079,186.9818,6224
2024-01-01 02:39:44,186.9818,187.4073,186.8797,187.1902,1257
2024-01-01 02:39:45,187.1902,187.4304,187.0029,187.0439,9856
2024-01-01 02:39:46,187.0439,187.2038,186.7136,187.1649,2953
2024-01-01 02:39:47,187.1649,187.3117,187.0111,187.4525,9659
2024-01-01 02:39:48,187.4525,187.8724,186.994,187.8757,4177
2024-01-01 02:39:49,187.8757,188.1278,187.7533,187.2054,4948
2024-01-01 02:39:50,187.2054,187.3512,186.9188,186.6277,5261
2024-01-01 02:39:51,186.6277,186.8437,186.0731,186.9491,2383
2024-01-01 02:39:52,186.9491,186.9884,186.633,187.4316,4004
2024-01-01 02:39:53,187.4316,187.458,187.1394,187.6946,1976
2024-01-01 02:39:54,187.6946,187.7754,187.2759,187.6603,3860
2024-01-01 02:39:55,187.6603,187.7552,187.4194,188.5164,9101
2024-01-01 02:39:56,188.5164,188.6481,188.098,187.8711,6519
2024-01-01 02:39:57,187.8711,188.2852,187.5509,188.7655,3398
2024-01-01 02:39:58,188.7655,189.2318,188.6323,189.4846,5009
2024-01-01 02:39:59,189.4846,189.875,188.8461,189.4301,3054
2024-01-01 02:40:00,189.4301,189.5765,189.1708,189.9934,8865
2024-01-01 02:40:01,189.9934,190.3456,189.4706,190.0848,9133
2024-01-01 02:40:02,190.0848,190.1111,189.8125,190.1684,9576
2024-01-01 02:40:03,190.1684,190.524,190.0164,190.6894,8825
2024-01-01 02:40:04,190.6894,190.8387,190.3342,190.4902,7855
2024-01-01 02:40:05,190.4902,190.5775,190.451,190.3223,9739
2024-01-01 02:40:06,190.3223,190.6932,190.2915,190.4628,3686
2024-01-01 02:40:07,190.4628,190.5292,190.4052,189.8267,4703
2024-01-01 02:40:08,189.8267,189.8626,189.0279,189.5019,2355
2024-01-01 02:40:09,189.5019,189.9477,189.2695,189.2872,1293
2024-01-01 02:40:10,189.2872,189.3272,189.1505,189.3112,1852
2024-01-01 02:40:11,189.3112,189.599,188.8657,189.1314,7408
2024-01-01 02:40:12,189.1314,189.6112,188.7095,189.5258,5661
2024-01-01 02:40:13,189.5258,189.8856,189.5087,189.604,6347
2024-01-01 02:40:14,189.604,189.8083,189.2371,190.0306,9677
2024-01-01 02:40:15,190.0306,190.1114,189.9584,189.9399,3756
2024-01-01 02:40:16,189.9399,190.0278,189.3934,189.3406,3501
2024-01-01 02:40:17,189.3406,189.8027,189.0221,188.5848,3833
2024-01-01 02:40:18,188.5848,188.8324,188.251,188.9478,6373
2024-01-01 02:40:19,188.9478,188.9532,188.8016,187.7844,5076
2024-01-01 02:40:20,187.7844,188.0148,187.5124,186.6192,7026
2024-01-01 02:40:21,186.6192,186.7303,186.2045,186.258,9288
2024-01-01 02:40:22,186.258,186.3796,186.1057,185.4018,9946
2024-01-01 02:40:23,185.4018,185.7245,185.2922,185.7047,3845
2024-01-01 02:40:24,185.7047,185.9416,185.4317,185.671,9572
2024-01-01 02:40:25,185.671,185.6993,185.0951,185.8904,6889
2024-01-01 02:40:26,185.8904,185.9501,185.7454,186.6076,6508
2024-01-01 02:40:27,186.6076,186.967,186.5053,186.2822,6912
2024-01-01 02:40:28,186.2822,186.4293,185.9468,187.2709,1513
2024-01-01 02:40:29,187.2709,187.3452,187.2037,187.2716,4084
2024-01-01 02:40:30,187.2716,187.6233,186.7618,187.9317,4719
2024-01-01 02:40:31,187.9317,188.0239,187.0113,188.509,9197
2024-01-01 02:40:32,188.509,188.5119,188.4629,188.8364,7140
2024-01-01 02:40:33,188.8364,189.0197,188.4859,189.7389,5335
2024-01-01 02:40:34,189.7389,189.7498,189.7101,189.8959,4275
2024-01-01 02:40:35,189.8959,190.5662,189.8494,190.0119,6355
2024-01-01 02:40:36,190.0119,190.5483,189.2064,190.3948,7278
2024-01-01 02:40:37,190.3948,190.7604,190.2643,190.9779,2265
2024-01-01 02:40:38,190.9779,191.0099,190.7756,191.8007,4714
2024-01-01 02:40:39,191.8007,191.8354,191.5099,192.1619,5797
2024-01-01 02:40:40,192.1619,192.2846,192.0832,192.7595,2045
2024-01-01 02:40:41,192.7595,193.2138,192.6886,192.9556,2983
2024-01-01 02:40:42,192.9556,193.1927,192.6814,192.4263,5096
2024-01-01 02:40:43,192.4263,192.9136,192.2807,193.4568,6930
2024-01-01 02:40:44,193.4568,193.4779,193.4204,193.6491,6451
2024-01-01 02:40:45,193.6491,193.9256,193.481,193.6026,4813
2024-01-01 02:40:46,193.6026,193.7362,193.4164,193.4129,7047
2024-01-01 02:40:47,193.4129,193.8725,193.1331,193.5907,4909
2024-01-01 02:40:48,193.5907,193.7702,193.5444,193.3385,3458
2024-01-01 02:40:49,193.3385,193.4917,192.817,194.5412,9638
2024-01-01 02:40:50,194.5412,194.8264,194.441,194.6424,7786
2024-01-01 02:40:51,194.6424,194.788,194.3633,194.6364,3761
2024-01-01 02:40:52,194.6364,194.811,194.4193,194.5522,8213
2024-01-01 02:40:53,194.5522,194.668,194.5095,195.5241,5931
2024-01-01 02:40:54,195.5241,195.6623,195.2903,195.1049,3476
2024-01-01 02:40:55,195.1049,195.3477,194.8512,195.3368,9080
2024-01-01 02:40:56,195.3368,195.7607,195.1636,195.0779,2999
2024-01-01 02:40:57,195.0779,195.2128,194.7709,195.4865,9562
2024-01-01 02:40:58,195.4865,195.9505,195.1278,194.7077,2889
2024-01-01 02:40:59,194.7077,195.1016,194.4255,194.4008,5084
2024-01-01 02:41:00,194.4008,194.864,194.0921,195.4828,2533
2024-01-01 02:41:01,195.4828,195.646,195.4101,196.6272,5310
2024-01-01 02:41:02,196.6272,196.7935,196.5379,196.9376,6968
2024-01-01 02:41:03,196.9376,197.5291,196.4281,196.5318,8202
2024-01-01 02:41:04,196.5318,197.184,196.2334,196.7617,8699
2024-01-01 02:41:05,196.7617,197.2562,196.3816,196.5474,5320
2024-01-01 02:41:06,196.5474,196.8941,196.2393,197.4282,6262
2024-01-01 02:41:07,197.4282,197.6944,196.7591,197.43,1876
2024-01-01 02:41:08,197.43,197.5205,197.3529,196.8823,1121
2024-01-01 02:41:09,196.8823,197.2218,196.6113,196.5821,2487
2024-01-01 02:41:10,196.5821,196.7064,196.3044,197.046,7339
2024-01-01 02:41:11,197.046,197.3908,196.7811,196.7372,1602
2024-01-01 02:41:12,196.7372,197.03,196.3841,197.3024,2482
2024-01-01 02:41:13,197.3024,197.4887,196.9889,197.4857,2439
2024-01-01 02:41:14,197.4857,197.5062,197.4765,197.368,7237
2024-01-01 02:41:15,197.368,197.7267,196.9212,197.8051,5252
2024-01-01 02:41:16,197.8051,197.8134,197.3283,197.9859,6196
2024-01-01 02:41:17,197.9859,198.026,197.8328,198.3228,7534
2024-01-01 02:41:18,198.3228,198.7877,198.0568,198.1891,3433
2024-01-01 02:41:19,198.1891,198.2599,198.094,197.7353,7900
2024-01-01 02:41:20,197.7353,197.8837,197.721,197.9677,2142
2024-01-01 02:41:21,197.9677,198.086,197.7712,197.6609,8750
2024-01-01 02:41:22,197.6609,197.8882,197.4061,197.491,5501
2024-01-01 02:41:23,197.491,197.8009,197.2931,197.8172,3079
2024-01-01 02:41:24,197.8172,198.3894,197.4247,197.9448,5814
2024-01-01 02:41:25,197.9448,198.0269,197.8614,197.11,2298
2024-01-01 02:41:26,197.11,197.2775,196.9367,196.5809,6696
2024-01-01 02:41:27,196.5809,196.9622,196.3119,196.7898,3438
2024-01-01 02:41:28,196.7898,197.4611,196.5575,196.8739,2058
2024-01-01 02:41:29,196.8739,197.072,196.5844,197.0787,7958
2024-01-01 02:41:30,197.0787,197.2723,196.9568,197.0643,8096
2024-01-01 02:41:31,197.0643,197.0674,196.8261,196.9614,6152
2024-01-01 02:41:32,196.9614,196.9661,196.713,197.0922,2694
2024-01-01 02:41:33,197.0922,197.6023,196.7402,197.923,8795
2024-01-01 02:41:34,197.923,198.0076,197.7536,199.0626,5761
2024-01-01 02:41:35,199.0626,199.3759,198.6801,199.2794,4966
2024-01-01 02:41:36,199.2794,199.6531,198.929,198.7144,1745
2024-01-01 02:41:37,198.7144,198.9531,198.4297,198.7581,6263
2024-01-01 02:41:38,198.7581,198.8431,198.3461,198.2938,9632
2024-01-01 02:41:39,198.2938,198.3008,198.2445,198.8726,2744
2024-01-01 02:41:40,198.8726,199.1221,198.7197,198.7244,5644
2024-01-01 02:41:41,198.7244,199.2951,198.6829,198.4111,4939
2024-01-01 02:41:42,198.4111,198.8767,198.1095,198.4691,8680
2024-01-01 02:41:43,198.4691,198.4735,197.963,198.9969,8828
2024-01-01 02:41:44,198.9969,199.0921,198.7134,199.719,6944
2024-01-01 02:41:45,199.719,199.781,199.6166,199.7132,8924
2024-01-01 02:41:46,199.7132,199.9652,199.7125,199.841,4510
2024-01-01 02:41:47,199.841,199.9639,199.8206,199.8863,2893
2024-01-01 02:41:48,199.8863,199.9344,199.4524,199.1941,5401
2024-01-01 02:41:49,199.1941,199.4967,198.8077,198.9234,6873
2024-01-01 02:41:50,198.9234,198.9777,198.8527,198.9738,6804
2024-01-01 02:41:51,198.9738,199.2465,198.9173,198.2517,3509
2024-01-01 02:41:52,198.2517,198.2568,198.0882,197.6368,7524
2024-01-01 02:41:53,197.6368,197.9382,197.6267,197.7312,4366
2024-01-01 02:41:54,197.7312,198.1402,197.6094,197.6927,2260
2024-01-01 02:41:55,197.6927,198.0737,197.5017,197.4622,2480
2024-01-01 02:41:56,197.4622,197.8033,197.0143,196.6459,7246
2024-01-01 02:41:57,196.6459,196.7986,196.3342,196.8139,1424
2024-01-01 02:41:58,196.8139,196.8383,196.7746,196.1985,7451
2024-01-01 02:41:59,196.1985,196.3997,196.1956,195.4709,3010
2024-01-01 02:42:00,195.4709,195.8313,194.9506,195.9068,6443
2024-01-01 02:42:01,195.9068,196.3987,195.5366,196.6984,3433
2024-01-01 02:42:02,196.6984,197.3072,196.5107,196.8821,4037
2024-01-01 02:42:03,196.8821,197.0476,196.5781,198.09,3244
2024-01-01 02:42:04,198.09,198.5505,198.0362,197.5598,6636
2024-01-01 02:42:05,197.5598,198.1523,197.3375,197.2244,3019
2024-01-01 02:42:06,197.2244,197.4336,196.9879,196.5443,5279
2024-01-01 02:42:07,196.5443,196.7477,196.4117,195.3488,3858
2024-01-01 02:42:08,195.3488,195.3583,195.2731,194.564,9059
2024-01-01 02:42:09,194.564,194.6022,194.2179,194.8748,5167
2024-01-01 02:42:10,194.8748,195.3501,194.7594,195.2482,3474
2024-01-01 02:42:11,195.2482,195.4765,195.2311,194.8633,1568
2024-01-01 02:42:12,194.8633,194.9457,194.7181,194.5208,9326
2024-01-01 02:42:13,194.5208,194.9205,194.4056,194.5496,5710
2024-01-01 02:42:14,194.5496,194.6253,194.3794,194.6494,3227
2024-01-01 02:42:15,194.6494,194.9513,194.1527,194.3041,6406
2024-01-01 02:42:16,194.3041,194.9032,193.8905,194.4544,6966
2024-01-01 02:42:17,194.4544,194.8227,194.0028,193.6104,9968
2024-01-01 02:42:18,193.6104,193.6318,193.2088,192.9272,7477
2024-01-01 02:42:19,192.9272,193.0749,192.4234,192.7897,9004
2024-01-01 02:42:20,192.7897,193.1756,192.5857,192.9512,2630
2024-01-01 02:42:21,192.9512,193.3517,192.7384,193.0527,2170
2024-01-01 02:42:22,193.0527,193.175,193.0433,193.2499,2206
2024-01-01 02:42:23,193.2499,193.2635,193.0458,193.4833,2751
2024-01-01 02:42:24,193.4833,193.5324,193.127,193.9217,1726
2024-01-01 02:42:25,193.9217,194.0233,193.7122,194.531,5569
2024-01-01 02:42:26,194.531,194.6903,194.35,195.4378,2697
2024-01-01 02:42:27,195.4378,195.5165,195.2935,194.7095,3066
2024-01-01 02:42:28,194.7095,195.2461,194.3907,195.1211,5084
2024-01-01 02:42:29,195.1211,195.3825,195.0818,194.7666,8774
2024-01-01 02:42:30,194.7666,194.9531,194.7318,195.5629,4394
2024-01-01 02:42:31,195.5629,196.0525,195.2743,194.9109,5072
2024-01-01 02:42:32,194.9109,195.0188,194.5303,193.4845,8202
2024-01-01 02:42:33,193.4845,193.681,193.4325,193.3838,3776
2024-01-01 02:42:34,193.3838,193.8992,192.9622,194.2548,4044
2024-01-01 02:42:35,194.2548,194.5305,193.9191,194.8481,9451
2024-01-01 02:42:36,194.8481,194.8885,194.5795,196.4909,7101
2024-01-01 02:42:37,196.4909,196.6616,196.3555,196.1823,8358
2024-01-01 02:42:38,196.1823,196.3948,196.0988,196.4148,5036
2024-01-01 02:42:39,196.4148,196.6074,196.365,195.8034,5559
2024-01-01 02:42:40,195.8034,195.8345,195.7903,196.3374,3020
2024-01-01 02:42:41,196.3374,196.7764,196.0361,195.9754,8297
2024-01-01 02:42:42,195.9754,196.0608,195.9564,196.3271,7000
2024-01-01 02:42:43,196.3271,196.3563,196.2575,196.6297,8999
2024-01-01 02:42:44,196.6297,196.6651,196.5357,196.6945,6833
2024-01-01 02:42:45,196.6945,197.0083,196.0478,197.0229,9499
2024-01-01 02:42:46,197.0229,197.171,196.9812,197.2541,3036
2024-01-01 02:42:47,197.2541,197.2669,197.1845,198.0529,3935
2024-01-01 02:42:48,198.0529,198.2492,197.79,197.2925,3232
2024-01-01 02:42:49,197.2925,197.341,196.9245,197.2442,9063
2024-01-01 02:42:50,197.2442,197.3402,197.178,195.8934,9445
2024-01-01 02:42:51,195.8934,196.1729,195.8693,194.6219,8610
2024-01-01 02:42:52,194.6219,194.7452,194.6045,195.0574,4847
2024-01-01 02:42:53,195.0574,195.0738,194.981,194.8293,1264
2024-01-01 02:42:54,194.8293,195.0404,194.7467,194.4483,7579
2024-01-01 02:42:55,194.4483,194.5978,193.8141,194.3368,2484
2024-01-01 02:42:56,194.3368,194.6474,194.0479,195.0505,2528
2024-01-01 02:42:57,195.0505,195.9534,195.0443,195.2737,6445
2024-01-01 02:42:58,195.2737,195.4545,194.9857,195.0905,2869
2024-01-01 02:42:59,195.0905,195.2153,194.8967,194.7644,1935
2024-01-01 02:43:00,194.7644,195.1114,194.4669,194.8361,4521
2024-01-01 02:43:01,194.8361,195.258,194.7979,195.0974,4460
2024-01-01 02:43:02,195.0974,195.1208,194.9392,195.3205,1833
2024-01-01 02:43:03,195.3205,195.5165,195.1707,195.2555,7079
2024-01-01 02:43:04,195.2555,195.2654,195.1719,195.1045,3990
2024-01-01 02:43:05,195.1045,195.2588,194.8157,195.2815,5891
2024-01-01 02:43:06,195.2815,195.5098,195.2386,195.6526,3415
2024-01-01 02:43:07,195.6526,195.9906,195.245,196.2184,6263
2024-01-01 02:43:08,196.2184,196.3357,196.1421,196.7064,1394
2024-01-01 02:43:09,196.7064,197.029,196.1632,196.943,7301
2024-01-01 02:43:10,196.943,197.6095,196.8354,197.3593,1396
2024-01-01 02:43:11,197.3593,197.7064,196.5494,197.1816,1560
2024-01-01 02:43:12,197.1816,197.4175,196.8771,196.7702,1371
2024-01-01 02:43:13,196.7702,196.9194,196.5568,195.5493,6256
2024-01-01 02:43:14,195.5493,195.6076,195.2168,196.9315,7789
2024-01-01 02:43:15,196.9315,197.4538,196.7988,197.3273,5309
2024-01-01 02:43:16,197.3273,197.6433,197.016,197.2348,9824
2024-01-01 02:43:17,197.2348,197.3389,196.685,197.0715,8327
2024-01-01 02:43:18,197.0715,198.066,196.8165,196.9301,1909
2024-01-01 02:43:19,196.9301,197.3119,196.7402,197.0212,2391
2024-01-01 02:43:20,197.0212,197.1323,196.6276,198.1331,7878
2024-01-01 02:43:21,198.1331,199.0125,198.0463,197.7897,1157
2024-01-01 02:43:22,197.7897,197.8623,197.5672,197.5049,9166
2024-01-01 02:43:23,197.5049,197.6279,197.117,197.8404,4976
2024-01-01 02:43:24,197.8404,198.0269,197.2793,199.2131,2285
2024-01-01 02:43:25,199.2131,199.2387,199.1394,199.6644,9828
2024-01-01 02:43:26,199.6644,199.8006,199.5491,200.332,5175
2024-01-01 02:43:27,200.332,200.3818,200.0983,200.3552,8100
2024-01-01 02:43:28,200.3552,200.6359,200.2601,199.9714,1658
2024-01-01 02:43:29,199.9714,200.0351,199.9184,199.9769,5798
2024-01-01 02:43:30,199.9769,200.2009,199.7122,199.889,7308
2024-01-01 02:43:31,199.889,200.0923,199.8523,200.4307,9773
2024-01-01 02:43:32,200.4307,200.6902,200.393,200.6011,3326
2024-01-01 02:43:33,200.6011,200.7928,200.3685,200.6759,3204
2024-01-01 02:43:34,200.6759,200.9632,200.5059,200.4642,1647
2024-01-01 02:43:35,200.4642,200.5982,200.0794,200.6273,2296
2024-01-01 02:43:36,200.6273,200.817,200.3243,201.1311,7292
2024-01-01 02:43:37,201.1311,201.4044,200.769,202.0584,7109
2024-01-01 02:43:38,202.0584,202.2237,201.8769,202.7556,1368
2024-01-01 02:43:39,202.7556,202.8072,202.6211,203.0853,1352
2024-01-01 02:43:40,203.0853,203.2988,202.7795,202.1998,5206
2024-01-01 02:43:41,202.1998,202.4879,202.0617,201.5012,5497
2024-01-01 02:43:42,201.5012,201.5656,201.0059,200.605,7345
2024-01-01 02:43:43,200.605,201.0045,200.2208,199.5646,2663
2024-01-01 02:43:44,199.5646,199.8913,199.1586,199.0258,3560
2024-01-01 02:43:45,199.0258,199.0725,198.8803,198.4852,8513
2024-01-01 02:43:46,198.4852,198.5451,197.9851,198.3442,2632
2024-01-01 02:43:47,198.3442,198.5406,198.2252,199.3236,5792
2024-01-01 02:43:48,199.3236,199.72,199.2195,199.2059,9275
2024-01-01 02:43:49,199.2059,199.602,198.8908,200.034,5117
2024-01-01 02:43:50,200.034,200.1488,199.9233,199.9486,9331
2024-01-01 02:43:51,199.9486,200.037,199.8798,199.6399,2442
2024-01-01 02:43:52,199.6399,200.0596,199.3612,200.1908,5454
2024-01-01 02:43:53,200.1908,200.6153,200.028,199.6569,5571
2024-01-01 02:43:54,199.6569,200.3513,199.2675,199.7841,8496
2024-01-01 02:43:55,199.7841,199.7872,199.5183,199.3389,2512
2024-01-01 02:43:56,199.3389,199.57,198.9342,199.2593,6009
2024-01-01 02:43:57,199.2593,199.289,199.2555,198.1093,6071
2024-01-01 02:43:58,198.1093,198.4977,197.9582,197.3799,7638
2024-01-01 02:43:59,197.3799,197.4567,196.5873,197.0904,3534
2024-01-01 02:44:00,197.0904,197.2857,197.0615,196.8359,9099
2024-01-01 02:44:01,196.8359,197.2367,196.6768,195.9394,8808
2024-01-01 02:44:02,195.9394,196.2817,195.7135,195.9464,8820
2024-01-01 02:44:03,195.9464,196.1466,195.8332,195.2998,8700
2024-01-01 02:44:04,195.2998,195.4489,195.0823,195.7894,3425
2024-01-01 02:44:05,195.7894,196.0175,195.478,195.8954,9814
2024-01-01 02:44:06,195.8954,195.984,195.6724,195.3919,6023
2024-01-01 02:44:07,195.3919,195.8995,195.1966,194.8573,8086
2024-01-01 02:44:08,194.8573,195.1907,194.847,193.765,2337
2024-01-01 02:44:09,193.765,194.1108,193.5506,192.9978,6976
2024-01-01 02:44:10,192.9978,193.4886,192.7217,193.4907,4450
2024-01-01 02:44:11,193.4907,193.7336,193.2813,193.9578,9130
2024-01-01 02:44:12,193.9578,194.4375,193.6821,194.5045,8331
2024-01-01 02:44:13,194.5045,194.5669,194.3687,194.414,7140
2024-01-01 02:44:14,194.414,194.6788,194.2932,194.7168,7810
2024-01-01 02:44:15,194.7168,195.1564,194.6751,193.8476,5546
2024-01-01 02:44:16,193.8476,194.1811,193.2914,193.9722,2818
2024-01-01 02:44:17,193.9722,194.0104,193.6936,194.0815,8377
2024-01-01 02:44:18,194.0815,194.3593,193.9376,194.3998,6983
2024-01-01 02:44:19,194.3998,194.8991,194.3873,194.278,2401
2024-01-01 02:44:20,194.278,194.8709,194.2687,193.4607,9818
2024-01-01 02:44:21,193.4607,193.6965,192.9653,193.8675,3165
2024-01-01 02:44:22,193.8675,194.5593,193.819,192.7821,5376
2024-01-01 02:44:23,192.7821,193.1287,192.629,193.1601,6848
2024-01-01 02:44:24,193.1601,193.3927,192.9947,192.9254,7717
2024-01-01 02:44:25,192.9254,193.0636,192.3797,192.4307,5448
2024-01-01 02:44:26,192.4307,192.435,192.2073,192.4702,6594
2024-01-01 02:44:27,192.4702,192.969,192.3151,192.2161,8361
2024-01-01 02:44:28,192.2161,192.7992,191.8549,192.8282,3341
2024-01-01 02:44:29,192.8282,193.214,192.7666,192.9424,9315
2024-01-01 02:44:30,192.9424,193.1823,192.5816,193.3721,5467
2024-01-01 02:44:31,193.3721,193.6976,192.8698,193.1631,7985
2024-01-01 02:44:32,193.1631,193.222,192.8974,193.207,9852
2024-01-01 02:44:33,193.207,193.6255,193.1241,193.489,8613
2024-01-01 02:44:34,193.489,193.7314,193.4725,192.5525,5677
2024-01-01 02:44:35,192.5525,192.646,192.2847,192.8589,1927
2024-01-01 02:44:36,192.8589,192.9591,192.7469,193.5179,6814
2024-01-01 02:44:37,193.5179,193.5751,193.1715,193.6569,8651
2024-01-01 02:44:38,193.6569,193.8661,193.6319,193.4948,5717
2024-01-01 02:44:39,193.4948,193.5956,193.4517,193.728,2830
2024-01-01 02:44:40,193.728,194.1898,193.4846,192.8025,8712
2024-01-01 02:44:41,192.8025,192.8921,192.5425,192.9986,3882
2024-01-01 02:44:42,192.9986,193.1123,192.7806,192.8711,8805
2024-01-01 02:44:43,192.8711,193.2082,192.8064,192.584,9349
2024-01-01 02:44:44,192.584,192.6614,192.5541,192.6881,2037
2024-01-01 02:44:45,192.6881,192.8534,192.2135,192.5976,6044
2024-01-01 02:44:46,192.5976,192.9496,192.1392,192.8958,8869
2024-01-01 02:44:47,192.8958,192.9534,192.7171,193.8363,8081
2024-01-01 02:44:48,193.8363,194.0503,193.8243,193.1276,5610
2024-01-01 02:44:49,193.1276,193.1489,193.1126,192.7239,7215
2024-01-01 02:44:50,192.7239,193.1025,192.3781,192.391,2933
2024-01-01 02:44:51,192.391,192.505,192.2443,192.0131,5923
2024-01-01 02:44:52,192.0131,192.1253,191.9974,191.6703,9886
2024-01-01 02:44:53,191.6703,191.8569,191.3932,193.2033,2547
2024-01-01 02:44:54,193.2033,193.8669,193.0896,193.1116,2345
2024-01-01 02:44:55,193.1116,193.152,193.0534,192.9912,4089
2024-01-01 02:44:56,192.9912,193.3335,192.2881,193.2883,7020
2024-01-01 02:44:57,193.2883,193.5245,193.1104,192.5019,8081
2024-01-01 02:44:58,192.5019,192.8932,192.4969,192.1949,5752
2024-01-01 02:44:59,192.1949,192.3733,191.8558,192.5444,4404
2024-01-01 02:45:00,192.5444,192.8218,192.2236,192.4592,5702
2024-01-01 02:45:01,192.4592,192.7382,192.2183,191.8275,5913
2024-01-01 02:45:02,191.8275,192.0526,191.573,191.4026,6316
2024-01-01 02:45:03,191.4026,191.6141,191.3284,191.458,3937
2024-01-01 02:45:04,191.458,191.7,191.1101,191.8573,8437
2024-01-01 02:45:05,191.8573,192.3469,191.6061,192.5289,7570
2024-01-01 02:45:06,192.5289,192.6066,192.3769,192.613,3587
2024-01-01 02:45:07,192.613,192.983,192.4231,192.2217,3386
2024-01-01 02:45:08,192.2217,192.7891,191.9212,192.0541,9372
2024-01-01 02:45:09,192.0541,192.0624,191.7182,191.4955,7464
2024-01-01 02:45:10,191.4955,191.6312,191.4687,192.2591,4941
2024-01-01 02:45:11,192.2591,192.3218,191.6449,191.6828,9626
2024-01-01 02:45:12,191.6828,191.783,191.2358,191.3245,9627
2024-01-01 02:45:13,191.3245,191.642,191.2588,190.8215,9297
2024-01-01 02:45:14,190.8215,190.8395,190.7509,190.4372,2367
2024-01-01 02:45:15,190.4372,190.4914,190.4188,189.9597,7216
2024-01-01 02:45:16,189.9597,190.5278,189.8117,189.6844,7240
2024-01-01 02:45:17,189.6844,189.9056,189.1598,190.1038,5615
2024-01-01 02:45:18,190.1038,190.2581,190.0217,190.4563,1822
2024-01-01 02:45:19,190.4563,190.6123,190.266,191.1837,5323
2024-01-01 02:45:20,191.1837,191.4822,191.0487,192.1235,2131
2024-01-01 02:45:21,192.1235,192.4673,191.7352,192.181,5584
2024-01-01 02:45:22,192.181,192.6392,191.3189,192.1841,3949
2024-01-01 02:45:23,192.1841,192.4685,192.0331,192.5879,2633
2024-01-01 02:45:24,192.5879,192.879,192.5062,192.4597,2293
2024-01-01 02:45:25,192.4597,192.7103,192.3169,192.0441,2033
2024-01-01 02:45:26,192.0441,192.1074,191.8439,191.9787,5950
2024-01-01 02:45:27,191.9787,192.1999,191.7413,192.2684,4690
2024-01-01 02:45:28,192.2684,192.3056,192.2483,192.4787,1758
2024-01-01 02:45:29,192.4787,192.5564,192.0092,192.6476,8555
2024-01-01 02:45:30,192.6476,192.8402,192.3756,192.5963,7796
2024-01-01 02:45:31,192.5963,193.1113,192.4346,192.2891,4821
2024-01-01 02:45:32,192.2891,192.3199,192.161,193.4875,8295
2024-01-01 02:45:33,193.4875,193.5352,193.2854,192.7414,8881
2024-01-01 02:45:34,192.7414,193.1492,192.2005,193.0169,1093
2024-01-01 02:45:35,193.0169,193.523,192.6602,193.5381,5741
2024-01-01 02:45:36,193.5381,193.6624,193.0621,193.0648,3589
2024-01-01 02:45:37,193.0648,193.2193,192.979,193.4801,5277
2024-01-01 02:45:38,193.4801,193.4805,193.1568,193.4866,6482
2024-01-01 02:45:39,193.4866,193.5441,193.0295,193.7712,7985
2024-01-01 02:45:40,193.7712,193.8153,193.547,193.9189,2392
2024-01-01 02:45:41,193.9189,194.1546,193.8829,193.6996,6593
2024-01-01 02:45:42,193.6996,193.7226,193.643,193.5593,2050
2024-01-01 02:45:43,193.5593,193.7872,193.145,194.1156,1506
2024-01-01 02:45:44,194.1156,194.1186,194.0835,194.2441,6174
2024-01-01 02:45:45,194.2441,194.2596,193.5654,194.3995,2843
2024-01-01 02:45:46,194.3995,194.5167,193.7772,193.9988,7659
2024-01-01 02:45:47,193.9988,194.7217,193.7224,193.7806,8895
2024-01-01 02:45:48,193.7806,194.0709,193.6394,193.0567,5489
2024-01-01 02:45:49,193.0567,193.3012,192.2473,192.3142,9100
2024-01-01 02:45:50,192.3142,192.3227,191.8096,192.9974,5205
2024-01-01 02:45:51,192.9974,193.4899,192.6968,193.4796,6444
2024-01-01 02:45:52,193.4796,193.6636,193.1437,193.169,3771
2024-01-01 02:45:53,193.169,193.2992,192.8947,193.9402,5275
2024-01-01 02:45:54,193.9402,194.2366,193.624,193.9623,9195
2024-01-01 02:45:55,193.9623,194.0868,193.8887,193.4466,9061
2024-01-01 02:45:56,193.4466,193.6441,193.1614,193.2448,9169
2024-01-01 02:45:57,193.2448,193.2693,193.1025,193.6178,2897
2024-01-01 02:45:58,193.6178,193.9823,193.5468,193.4199,7047
2024-01-01 02:45:59,193.4199,193.4803,193.4062,192.9433,2239
2024-01-01 02:46:00,192.9433,193.1275,192.7607,192.2637,9029
2024-01-01 02:46:01,192.2637,192.4407,192.2158,191.9088,9059
2024-01-01 02:46:02,191.9088,192.202,191.3038,191.8719,5303
2024-01-01 02:46:03,191.8719,191.9043,191.6259,191.5959,5898
2024-01-01 02:46:04,191.5959,191.7309,191.0721,191.932,5269
2024-01-01 02:46:05,191.932,191.9813,191.4358,192.9529,9088
2024-01-01 02:46:06,192.9529,193.0094,192.5012,192.9777,1714
2024-01-01 02:46:07,192.9777,193.4872,192.758,192.7903,4724
2024-01-01 02:46:08,192.7903,192.9262,192.3469,192.236,3896
2024-01-01 02:46:09,192.236,192.4296,192.1143,192.6727,8278
2024-01-01 02:46:10,192.6727,192.7172,192.2273,192.9404,9272
2024-01-01 02:46:11,192.9404,193.0676,192.8262,193.2494,1091
2024-01-01 02:46:12,193.2494,193.3486,192.9364,192.7874,1173
2024-01-01 02:46:13,192.7874,193.1444,192.6859,192.657,5336
2024-01-01 02:46:14,192.657,192.9354,192.216,192.7456,4696
2024-01-01 02:46:15,192.7456,193.1039,192.4989,192.8743,8659
2024-01-01 02:46:16,192.8743,193.1835,192.7683,192.2398,2990
2024-01-01 02:46:17,192.2398,192.5882,191.8474,191.8443,6282
2024-01-01 02:46:18,191.8443,191.9701,191.7324,192.7116,8490
2024-01-01 02:46:19,192.7116,193.1534,192.0861,192.7959,9796
2024-01-01 02:46:20,192.7959,192.8173,192.4737,192.8341,5102
2024-01-01 02:46:21,192.8341,192.9399,192.6129,193.0132,7024
2024-01-01 02:46:22,193.0132,193.2575,192.7016,192.665,8916
2024-01-01 02:46:23,192.665,192.7562,192.6548,192.5677,8010
2024-01-01 02:46:24,192.5677,192.6019,192.4274,191.8066,3897
2024-01-01 02:46:25,191.8066,192.0128,191.7349,191.6274,2922
2024-01-01 02:46:26,191.6274,191.6713,191.2741,191.6233,2814
2024-01-01 02:46:27,191.6233,191.837,191.3728,190.9547,3895
2024-01-01 02:46:28,190.9547,191.3731,190.7611,190.9342,8599
2024-01-01 02:46:29,190.9342,191.141,190.8059,190.8626,1891
2024-01-01 02:46:30,190.8626,191.1387,190.4965,191.4582,1736
2024-01-01 02:46:31,191.4582,191.6821,191.13,191.9148,5384
2024-01-01 02:46:32,191.9148,192.3425,191.5564,192.1874,9739
2024-01-01 02:46:33,192.1874,192.5601,192.1615,191.5668,2484
2024-01-01 02:46:34,191.5668,192.0299,191.3994,191.9518,3114
2024-01-01 02:46:35,191.9518,192.1461,191.8737,192.3781,2573
2024-01-01 02:46:36,192.3781,192.9721,192.2131,192.3345,9042
2024-01-01 02:46:37,192.3345,192.3721,192.2593,192.2644,2144
2024-01-01 02:46:38,192.2644,192.7596,192.2186,192.8632,7524
2024-01-01 02:46:39,192.8632,192.9289,192.5379,192.9988,4710
